/*
SQLyog Ultimate v8.53 
MySQL - 5.5.5-10.1.38-MariaDB : Database - students_attendance_db
*********************************************************************
*/

/*!40101 SET NAMES utf8 */;

/*!40101 SET SQL_MODE=''*/;

/*!40014 SET @OLD_UNIQUE_CHECKS=@@UNIQUE_CHECKS, UNIQUE_CHECKS=0 */;
/*!40101 SET @OLD_SQL_MODE=@@SQL_MODE, SQL_MODE='NO_AUTO_VALUE_ON_ZERO' */;
/*!40111 SET @OLD_SQL_NOTES=@@SQL_NOTES, SQL_NOTES=0 */;
CREATE DATABASE /*!32312 IF NOT EXISTS*/`students_attendance_db` /*!40100 DEFAULT CHARACTER SET latin1 */;

USE `students_attendance_db`;

/*Table structure for table `attendances` */

DROP TABLE IF EXISTS `attendances`;

CREATE TABLE `attendances` (
  `attendanceid` int(6) NOT NULL AUTO_INCREMENT,
  `studentsubjectenrollmentid` int(6) DEFAULT NULL,
  `attendanceintime` datetime DEFAULT NULL,
  `attendanceouttime` datetime DEFAULT NULL,
  `status` varchar(60) DEFAULT NULL,
  PRIMARY KEY (`attendanceid`),
  KEY `FK_attendances1` (`studentsubjectenrollmentid`),
  CONSTRAINT `FK_attendances1` FOREIGN KEY (`studentsubjectenrollmentid`) REFERENCES `studentssubjectenrollment` (`studentsubjectenrollmentid`)
) ENGINE=InnoDB DEFAULT CHARSET=latin1;

/*Data for the table `attendances` */

/*Table structure for table `buildings` */

DROP TABLE IF EXISTS `buildings`;

CREATE TABLE `buildings` (
  `buildingid` int(6) NOT NULL AUTO_INCREMENT,
  `building` varchar(60) DEFAULT NULL,
  PRIMARY KEY (`buildingid`)
) ENGINE=InnoDB AUTO_INCREMENT=2 DEFAULT CHARSET=latin1;

/*Data for the table `buildings` */

insert  into `buildings`(`buildingid`,`building`) values (1,'Engineering Building');

/*Table structure for table `computers` */

DROP TABLE IF EXISTS `computers`;

CREATE TABLE `computers` (
  `computerid` int(6) NOT NULL AUTO_INCREMENT,
  `computer` varchar(60) DEFAULT NULL,
  `issmsserver` tinyint(1) DEFAULT '0',
  PRIMARY KEY (`computerid`)
) ENGINE=InnoDB AUTO_INCREMENT=17 DEFAULT CHARSET=latin1;

/*Data for the table `computers` */

insert  into `computers`(`computerid`,`computer`,`issmsserver`) values (1,'Computer 2',0),(14,'Computer 3',0),(16,'Computer 1',1);

/*Table structure for table `employees` */

DROP TABLE IF EXISTS `employees`;

CREATE TABLE `employees` (
  `employeeid` int(6) NOT NULL AUTO_INCREMENT,
  `employeelastname` varchar(60) DEFAULT NULL,
  `employeefirstname` varchar(60) DEFAULT NULL,
  `employeemiddlename` varchar(60) DEFAULT NULL,
  `username` varchar(60) DEFAULT NULL,
  `password` varchar(60) DEFAULT NULL,
  `accounttype` varchar(60) DEFAULT NULL,
  PRIMARY KEY (`employeeid`)
) ENGINE=InnoDB AUTO_INCREMENT=3 DEFAULT CHARSET=latin1;

/*Data for the table `employees` */

insert  into `employees`(`employeeid`,`employeelastname`,`employeefirstname`,`employeemiddlename`,`username`,`password`,`accounttype`) values (1,'Mendoza Admin','Mario','Pama','admin','admin','ADMINISTRATOR'),(2,'Alberto Teacher','Juan','Lucas','teacher','teacher','TEACHER');

/*Table structure for table `rooms` */

DROP TABLE IF EXISTS `rooms`;

CREATE TABLE `rooms` (
  `roomid` int(6) NOT NULL AUTO_INCREMENT,
  `buildingid` int(6) DEFAULT NULL,
  `computerid` int(6) DEFAULT NULL,
  `room` varchar(60) DEFAULT NULL,
  PRIMARY KEY (`roomid`),
  KEY `FK_rooms` (`computerid`),
  KEY `FK_rooms1` (`buildingid`),
  CONSTRAINT `FK_rooms` FOREIGN KEY (`computerid`) REFERENCES `computers` (`computerid`),
  CONSTRAINT `FK_rooms1` FOREIGN KEY (`buildingid`) REFERENCES `buildings` (`buildingid`)
) ENGINE=InnoDB AUTO_INCREMENT=6 DEFAULT CHARSET=latin1;

/*Data for the table `rooms` */

insert  into `rooms`(`roomid`,`buildingid`,`computerid`,`room`) values (4,1,16,'room 1'),(5,1,1,'room 2');

/*Table structure for table `seats` */

DROP TABLE IF EXISTS `seats`;

CREATE TABLE `seats` (
  `seatid` int(6) NOT NULL AUTO_INCREMENT,
  `roomid` int(6) DEFAULT NULL,
  `seat` varchar(60) DEFAULT NULL,
  PRIMARY KEY (`seatid`),
  KEY `FK_seats` (`roomid`),
  CONSTRAINT `FK_seats` FOREIGN KEY (`roomid`) REFERENCES `rooms` (`roomid`)
) ENGINE=InnoDB AUTO_INCREMENT=15 DEFAULT CHARSET=latin1;

/*Data for the table `seats` */

insert  into `seats`(`seatid`,`roomid`,`seat`) values (3,4,'Seat 1'),(4,4,'Seat 2'),(5,4,'Seat 3'),(6,4,'Seat 4'),(7,4,'seat 5'),(8,4,'seat 6'),(9,5,'seat 1'),(10,5,'seat 2'),(11,5,'seat 3'),(12,5,'seat 4'),(13,5,'seat 5'),(14,5,'seat 6');

/*Table structure for table `students` */

DROP TABLE IF EXISTS `students`;

CREATE TABLE `students` (
  `studentid` int(6) NOT NULL AUTO_INCREMENT,
  `studentidnumber` varchar(20) DEFAULT NULL,
  `studentlastname` varchar(60) DEFAULT NULL,
  `studentfirstname` varchar(60) DEFAULT NULL,
  `studentmiddlename` varchar(60) DEFAULT NULL,
  `yearlevel` varchar(60) DEFAULT NULL,
  `studentrfid` text,
  `studentimage` longblob,
  `studentphonenumber` varchar(60) DEFAULT NULL,
  `studentcontactperson` varchar(60) DEFAULT NULL,
  `studentcontactpersonphonenumber` varchar(60) DEFAULT NULL,
  PRIMARY KEY (`studentid`)
) ENGINE=InnoDB AUTO_INCREMENT=1138 DEFAULT CHARSET=latin1;

/*Data for the table `students` */

insert  into `students`(`studentid`,`studentidnumber`,`studentlastname`,`studentfirstname`,`studentmiddlename`,`yearlevel`,`studentrfid`,`studentimage`,`studentphonenumber`,`studentcontactperson`,`studentcontactpersonphonenumber`) values (1133,'5','Roncesvalles 915','Rex Louis','Paradero','First Year','0013517915','PNG\r\n\Z\n\0\0\0\rIHDR\0\0\0\0\0\0\0\0\0h\0\0\0gAMA\0\0a\0\0\0	pHYs\0\0\0\0od\0\0IDATx^lex\\W\r;\r8vbƘb;fe[\\bJ*1333dfyy9%gǺ>@wgXlC\\T\\*VE	qT<e=2qHJBbtr,Jr@BD*edk(o\"9Ҁp=Rx>9HOR\"5<|4>>-<ia<#5Ԏ$dP6dlk͊d?}|Qv*Ѣ8SEщ(u(ֆX#&ĚeAڊ\nM<*vTPNHQwz;qq>u84\ZhfY@)mt[2,tX>{.\\/\0	EK(`JK0Q2LeUJV9eWRՊnf~-h)ST\rK}^ՄjMM3lխvj:uUJ-}[׉oj5m]oj:^|܋/\ZEs76tAc\'[׎5lٯ-7bCeCcZ:	ȵ葤6Qa|<v8QХ\\-9Dj?JV\Z0d]BNe0LaL,<s}L*.ʂhaC|D1\0\nQcG!CRt<Aa&H$	6! $7LH2)JJ\"OG*/44יN8y1e\\fĿ)sd|L6ɏ!16GPm(!\ZJ4V)C9,rRM\"jzc\Zb58Pg6\ZFWC\nZih#,t˞n{>{`{!\r\n,xVVj^\nUDp	\nl35&< ϫZeu!nWmz\Zίk	-%_V\\Vs6:L}Ѓop۶^|փ	=w]P7k[qce5)BwNR3PHB&cmb\\y\'/mQm֜sفp (*@VUCe\\؁\'&a\"f~fZطR6\'P	tEqnKXzL	@N`#͊6\0\'q^E&hQ2\"\0S	qaL&|iTA <2ӭMtevR\0k+\"T)!-Qf_N-ۊV$ZHu\0h	.\'F->R)hZh1DY2aF\0&+m\0wc0[4QI+0SuPޒ&	-B|Ёf<x9bZ_]xI	!WJ*-Wtϯ~KP&_w;7ۖ~|M}܇/Z]q	\\nDE+ѝ[,$4#ƥ)2W˅8Aה[Vr\\\"2ʢYXBXWDÑw>s߂P3BGӅYaBHDVBkMO%X 1#n-\0v0)~ϋ+7vBHEI|dEQya%PtqY^]Sѹ9b<\0! ;eUX;cQBKeD%tZ:o-!6y\Ztd4RlH#h3QLtrI\'}ۗT4o&ͪDC^\rEh	5ƅn5fIb[F&ܫhQzXIh@8m:]^ܵQ@eKKoW}~{t;tu:\\jhi5WP,TyKZba8/8}v;\"N@A|VcC(t(Lp+:\rrHgAsۊ`6mW	PeK#KĠ,svB!<Ј	(NLM\'Pە>%W̿l+Ң%JНpM .q1#_oG<BGoa.,Ɲn&1ѨjBYMR \'c<q>YHh	D\'~8p;*.Ixŉz\nL.0\nL|fZܠ	&\\g{7y,.n]F;0qy>#W⋪v|Q)A\"VɸuN%R6)\0HoUݗ	񠡋7*\Z0ExGʫ1PZ\"t!-q(a0Tb~/큇gڽԂH$E 9_ \"REgCPIan>)<NaFl 6*҇`$Ȇ:sjsXh&4V0aK`	n1Ƃ\'UGX	R$vT\n;d#wi<TJ\nT4I:G&ټDy8p)A-%< V$.\\Mwf[K%:I&prsO1B\"mefLMdf#(I Ēw%F^oP+Lx/EW]mVp?`)9REt/Ċ\nВy	s!0S_/Xi\rfɲFX+@Q)ЖTT&2śmR#Y\"+~{.쁫AD=aKf^BB[AnSH/@yqpSG2f0TfW 9!6҅Y؉3Zp1-ⶄF*%1<G0XGhK);3pAT\0v\"%`+Jy?ls#:MZFFpsJkF6[q<}>UHKbtapt\nX\nGX\Z;g $RЅ6Q#E5ĕE&fa8.,ܺ(f_)zY\rMë0%.<U	jwr* 0NPWJ{AWQT7K|1NTwaUY`b6Q)yY9Wb+Qk9!	_}[Ї|\r^Uƕ)cx\0w2eg%;ui,ȵhg>3t.FƔ 稐B\\LSKsuta5,\'ݷraY.#p3\"|c;	ZX%\Z(=Zfc=@3X#1ML阏֪p-lф;BoB5lE|,\0\'o::x\0$J\'#ҍkeY<Φrx8ϋ8Bf`+ ҝqx%Wf[Ekā\r̼2i5јf3ؒF3OKfK{r_bdJf1,,yx\"\nW\njpp^/|Z\\c{Xf&\ne6wF+oeFn}~\rܯ=Nܯz!At/	ҿGoynqW*n3%(bW|46#U4Cl\0\"=\n98{SBFpD0\" <\ZYUZvukbZ(+.ip%K2^,f|Ad\Z~1Љ2U8&(\Z\'\Z£\'Xz:@l <`\rL<ogPPI龙`&0ioXpA8ݗ.-1Cc8!L!5IZO}2l:w#\"3o1YXNȕt`rp9q^,,AFffbv-f:\0[Y٘84Zo`EH)Rdx\\%cMGZrBOxJFx!>%7+]{y~u.\0wA5a߯#a]Pk{a\0!O|C7nѹܫ\'S|qHIН_4Jіr㚍)\Z~\r^Ĺ?7,9!H(G\"H˨!RiS#`L[{fggDBBE7%ıX#fGC.=A(=5y#4aM/@`*4jއb0*@+DqqZ8 4e\'\'##DD\n`|}T&__c(@׊i<FmWD<خLLB\\N%`b`,,2θ,oz%zK,K\'`81\"Y1 gRe8N<\r{]1ᕩkZ\\\Z]zt[,蔖00.3=$RyWRt[B+`;q;t|uqR.( G\'miEhHFUb23o5\"סcy!Οc\"`oe-cVPEf%3oK.GAT\'MCocŌ0oU}#\0bf?`@KĄOOtJ:srl7Aa17:(AP6F簆O؏|x{[[zC}N&I<N%)ąN,,H-(FϬ^D( 	ŝ8TS5x%^V昇	v@L뙍&Fc*D)Dt\Z8ѓ/1OqbYL)J-$ąM/hZ!]}M5EenX;i\'֊K*us\rfa%\'Ӊ]\nČw]ku=KGC1ߦk`ܘb(i(Y(D՚מ2[<\n&d\Zh(HXE{\\:\0\0ttfیRme3f#(Nkq=\02O\"1##a\0B\"6A &QʹH弎pi6}c+1VZVΉn}H4!Q\"ġ\"B&9`SNgvʦ\nVM+s$|w2N\"M˧qTȢ0gBQeȏbfrIQL׵`Y:S5V帖qC\'čBlHP ni@~\\:3+3Бr1G)NGR\nXq&7f>fq7]COwMTJj:1?\nAbOf%n1ZБK[tZ;ɷТ\nwbQ֑VnCb\Zo͎b#Q-?P~K9_ރPyS|a&0F)q!B*+(g(P|{w%3`e1>X鼌qn\">1VKP--t8F&d-hkq`m0a$ z!	tPX`6>@xHϾ)08q`#5E*lő	-]̾rD\rjs<6x\' HR v*OkKUו(\"EM\n/\\lD	A.5҅ W\0&Ȋ#\\xZh2& )h3%@I$ۖ.K2N3KSԗ<A	q<Mf+=Qq\\fd|Y帒Gsj5Yd2sqCފ	vݘ ve[gfyn[\"qݛ\Zsղ1.+o9z2љV4$:.eg=R\r\r*\"781O53*8\nTQȮE\nbYt$@xP\rs.!zxQ\0v6)\0F[(01gFXh$ʁhc9R9rhM䐛HJQ6QȡNHj-V*N)VN0`8()a*U. mAuLÛ,-OY|\rQ.f>_bc\rة\n?0=J8\03>$Ѕ>y\Z<\"yviI@́^:XO|2t}L*H&rF1FR\\X8琫%^0ӉJ`nao2?jE+n1&`{ט2zL1G+1S\"GB3/TTPfDԳh3.\rɢ8\\P\'y!Sf\nEH+BVMۼ\ZwiBL.8O\r6_Dхy\"TK#	u?40̈\n5ތ̪,̬-&¢`#1s6*35=˪>^d93IVТH?O!Y1Cn!8&|~:QB&<=sy^9s螙t^P| f3N>y9r@,N	^L х+*	5Te+\0zrѮL8[H``b<\'.mu(:]˖BO5$bH\r2op30()\'XL]O1NLI@,Sq`\"O#Fo^\'|ha520#5))$TQj`fqD!>&D{ ,.\\8\07#p7!!/F!Hf\"Q\Z\rkŅc!p!힌;peDy\\cu|4fzAh_f_^=.\ndaafo,lY,X41lu̾ZJ\"FIf0,-Tx0Zy,-PVئp.IW+EHaCqtȓE\n̧eÌm%/&t4֌J\rc/*S)/Rv|g\"&i$\ZSefek&hNF+V>҅	u9AQlW\\Wq^Kr^bEon#GH9OBߴR3GKNӉTI_!W\n+WKX9۩\ZL0qy\n%Ж:n*\'$ޑȂ͆+y7K4m,a\n?.\"x\0F٤hm1H/Ffe]сg3&༊^Af^/ %eA1q,Ƈ!7OF}*0\"3ޡSc%h0kP,\"5U,I(k̯FfgLY>3\"ee΋D@9߄0켈	=%gZ$6Ys9tY*[>̋4\"D~s2B]cuE3ߪv4R訄Uߐ͔b,{zo&˦sf9Ygǖ[_\\l,ڬly,pZ貃uC̾tZɻR)W5u<x;.8dƂd^9U\n)\Z%,yjѠ\Zx!GA-PN		\0՟YƄFd4QGngB-n60Q44/.>v2BiT57Lq4Qf^!2k\\#l~\\@e	W⃠!ޮE΄˗qx\'f:裵\n@{8Q>$<  VqWYt@˾n,D8fa_MX59 3̴F>ά̖rN-</Ś笔ne#ɮ\0T\"mɢp\rRyѤtey32Y!6\n%x{	^\\_W k:\rX:u2굲-	\r\Z\Z4i tNsOVno8͈ m/Lu,5x	*N(	qitYƅb\\eh2XcGHҫlkԍ\ZƄZ:n4ĕlYa$EdKE7cB#-,ΚI{abFňRyQIxY➅I\\\'ni%a\0`BFMUG?#%-|f ;-nx06B#Df6}	gNcAKDхHBґtXq\\/XOZ*#z«ątde}##\"8\n0NPl\'3>D(Es,\nqq|=A	|\"/8J	i878rNHQĜ\\S\'{-:M\"jcDT=n䱨f-#Med`ň!3I\n\ntaF&ă,y(%\0ёI<ZH1)0`E$]j.!+tRPFpp\Z7j)FTzLсq衬Be7=̹m4@]G8,pM̬#R*$Ć\0}b.A{g6-3DŹ\0[^(#\\B\\\rGEtYp>`HB\'¬^e.ET#J2MӪEO8pǏ!80\0T0aU{ c306⸚G}jW8vk$pbk\ZU#Ll>i! X¿ok9;	2젔4>&	o:eUX\'0UFE\nȌURbfjVTZ[	O\"rs]8UQE=\03XY跳X#Cav4PY\\wNa\0?+ t+*#Õf߬b\\/W8eUTSwN<v4G\\8iI)hQkz\0yOĘPX#3]/©3pWh`\nE<soB~$TBX1&43Ix:HN`HoT|$\\ރp/|}̸:u\n1:m1!tGb	0@qc8OLhEpq]Y$+`JuuasL!**9`3^U\\Wqa̔-\'bI ly9XFKH\n\"ώl#(9h:q\n5O\rՄXYhAh6СMtfpDA	/ۚAx٦+,buEt^AxxQhOdU3K0BM4&y,؎Ӊ!1^glȗUJFJg|(Fۈ%!i,&y1:3F?#GqF]%X/X{SuH\"Ķ(FB7{gpn!u\"TsT,2q4#d/c1^D3o\0,̼APǩG\0>;r	G  [fh^#+;-Xm4]޾|aPӍZAPEtT\rTC\'UJ+Fё\'\ZckN6S8|.3c9 Kl Ud oo$(b6EIy%S)\"\'XSY<ʡ#(Dl@9-	Z0Vr	s\re^>f]Sz 	̿Rdǖ~\n/w\0	x K\'cOYx;[Ah}e7_vl]V4u@p\nk	o7n=ih6\Z:p5ׂ\"f|:p1:F\0]40GzCBN}?\\\"DsD_ӃG@dRD)h(* g\Z|bNXOD<j`˸H@pm*^4g/)/?Ꮐ 3{?:b9ĳ4q0B<ff6(䔬ɒkjyth;j	@+9`x\rGv:IZlCNlwGx7y_;O\'QɄ7?\0El#YDi131Qj#dY@W0VT2RHF>1thqB6Бuh\"ĭ,ڌN\'69d9AGe/}`;NhF	wD peL!9}\"%u̸\nt^YV*m#z[qͫ?@gNeMgu06)*3[Pl6hck`𽤹ńMT\0/#pST$!)_G\"SfB~GC.Nl>\nq@DǇ!¬>%Pn߁`ҁ\rfaLՄ.2>~t0#%Z(x;]@`\06V\"ţV<YR6XyQW),\n̲|Xy)6@+,	;\0Gh,?p)i\rƋGE#W\n6%R<ܣ\0L%č[N\r\"g1Jd)pl{lί\')V${	lYFgEYRT+R1*ޫM̹\rb%9eI9JA{R\Z)׮[b2@5<#룄0XaElO\0T\'1s1=+\0ˊ,\\^\ZJp!\0.fdB2B-,C@\r8r;_c΃oT$)&S8:u0Hf0x!̋E_,,\"7ǌ\n8#,(.jEQq[	iT}0/\",lbNНX\0m67Xx)!yTAe\\4@\\3^ґcbYSUT%\n]N\0\'*_ocAS&NE3@9xYysV|k\ZNfT`X\0w8cy\"\nr`Щ)\n<UuX;%$0&rF3:dXp9ņ!.L|`pq?mM13ƌ\0Pp8eLrKp	>H?`pA,[ݕ8 n%l9t\ZNz Xe\r??Q3>y8z\ra!!<Ch@Jq\rUB)vZjB\0\rt\\)q^H<>N2@lb_\0x<g!\"Ņ	8Oy7!#M$JdDbޞ8C=r|G^iŁr	!.c[AU\ZUɆ0YؙQb]؆&ݣ;6XG8(g>0ӑYuۘY	#$B<xH*ڐo0+,oH7\nQӋt^^\0e̼NCGbTf^\r`@]7KA6V)E 3yg=+4Tޞ7.\',JX\nir7%@%hb<Dhc%*:}<\'hn>DA|U\01\\\r%jCbA8k9	#N}03ZD\"2B@3Aņ*	eKTO	1/&R@dBuf$aa+x̾H\nGZ	}ωv\n*6$\\FKcln`E J\n<1\"Z<VǢN `Q70PKbqbO`emHGv,!8J6Ks}I`!Kzψf&\Z˖op2&u$C9||?=hOD=\rMR%b7GENVbul@hʼ\ZtGqs?#U=Xl\Z[?> 3o|!G$/F~FXWo`Bso87<%ޱ{4>{^Gڶz͵(Nbj~fD	p49jc#4tbi\"~	B(X\rgGx#BWf	)>R`TfJr\'t:Z*\0ky_ou|}8x)#[ӕC	qO0ƈ08$aO!i7UZ*đ3	svd4j2TAt,]X1Ѣ0ƨYi	2eǕjjT΄zF&\rۿm=7\"!nLS}̥I׏e{A.T;N,2NQ/0ٗU5	.4y*[[]71\r$Xl(\"y:e\\eP*~>7ҏ]2}\\g5\":K)ܬaW{9}EwtߘTo|Aj/!It\0قY!|}yl9pN?\r5-ը@ye)kT+7ǌ0;MCȌ\'BP_7^D\';щA\nQ!B/yRf-yHCL U&VuF>X[e7i\"Ld¿Ƌ ʌ&Q-A>UK\'En̶4V,*cWJZ@#1^4J[i&cgRA;dٕlK9)~ٍVB ɢ3a햃5U`eVVrНte9!	\rv*e̸XjH!I1|bBsph=X_Fig74s>0fp3/cC1b\ZRQ#h/|4lDyC!\Z1\n^9~\nκ?\"%5iBU]%jӇ//cS?Zt!jsF:21f#AOТy	t\0OWx\"ۋ 3PBOe6Gf`KVn-AZ+ҁbu\"^itaqb96L;pM!̔G8% If7ЦpsT4]\n:%Kl1Ko)jpb[ö񢁹X nmo&#JP&2F$Ǟ~Nܗl^ōeWZz!f|!\0}]|LWJΔt=!\Z[*&«\'\Zdb	\Z,袑̱t]ʗb\\4<ng动D/a:y,鼉%1DC.lq. <c+y5!}!1!Ϟ#gqeDǠ.umom@SKFG\'\'OlU?N	o!Ӹb?F\0pbP˱@k	%aq^3{#< _DJ(	\rb&PpVĈLPyL|\'f aWWv@)2f>Z(3\'x>Nd\'R	Jϑ\ZIfB;g(CI	q77+$Evq25]yXDZ\\X<L5p5\ZMhXl툋G=݉I\'ǑB`٦\\\Z3-`&iV97t$LVG2hHH@u\rVMNxqcʈh{ɸJg\rt1<?psxRQ3F$ 6\Zj`f\"BFh2s-̼zf^o	!H2z9vrSPiL()AMFSg+&^fqpdv2B*Z|/\'VBg	 tc[u0\"|dq3NPtba|+Ӓ\nㅡ7O!L`)iM5N@1qf>)9yl8Wqd:ne>]^ vD(Ƈpat,(3-a͌@6<~y<C	Q\nD&l	za.#Wj4Qo$6\nM&q.oGWBpJnBܓ:.:BO\r;\rkWSir2n:M$;*mVkD9aR-e+$+fj,=Ep#/\"O=\r/c8\'<1\n\\DM\r.3Fmkf\n/p:Cxs#4;\0ɑ>L@]v<çi eoBK#Con޽\n`t*:UX	K|=,:/=RHBiA/!jھkA!,W\"[#BӅ,c~X0\\fX:\n	08123R>[ZMoFͼ(䜍p9,4D%S=NN	)R8\0f\\>F@9\n\ZZ\rjXղ8L&4\\ Xh+Ӆ	pÁdfT&Y	0՛LLLhS%\Z=)EɶwJkNJFSuveyEEAtm$e]jʨ_F7fp/\0){ǅqe<\"\"FgNEL\n?CqR	}n8q.uк^q_i]~\0Yr@vv8|8#[XuԠ}\'O14ԠEUUW?`F!*Q &ZqxdBe\rE}cI<L	4tXVMcx1CVKute=aD=at\\J\rf7\r\0LWx*.GpD>AEI4Je?]n˜+ʤ㊲8fZq\\Ĝslt^|*(\"q\"\0QE8\\utaY nPoCE\\\"30J720J;e%mT;!oqooK7MGm\"nB$7IpԊ{0*ӟg8.ŠR7)ЦNg|)\'JiL8vG`)o+/xba8xBsOZ{j?;RQOxJPU\nġwl3!P*\'`^Q\'4RĄDJ7x> m?ByŲUp^c%oՊ\"l)Y4&Yak9%9\n\"[eleUX!ˆk&ՒeH1FJh	kkz,%-*/ϙb|NAϠr\"L^|:׳Ha*Wf`2[	1]-\\C\ZoJ@2}TޖByZkcxռ(*	ny%V\n-ܹ	\'I](#$s7c.!1qN<\0-Ǒ5$sLWcv4*3q1k//rʃÇsv$:cMGEKo:[029X\'~N.FM[\"Tq\0^A27Ǭ?n@W-~0/+ĝ^qn\\tA\Z٣5>fk$Dm	Mm٢EE8]Y[y)	f&EFV(*\ZH$!̾\ZQ?4f`(y,RRʗ1n6\ZheM^\nГ-*o_ı]۰aB,yuz=l-^,sa9ر|)oZs1d3%A\0fMa|Hc|:9d@̘0\rmb\"ZmE-T#qauqo)ikQx8N\r=\rop:nGp~%G/CŃ@MeܣY*Xp!$.NGw0_&FE.`?OOĶ#piE٨\"}o8~ot^ɼ_whlFUw\nPY\"pKJDsf/)%@\r2y͞\ZcC6Z0haE!+#Tzd% >	u;SgPДt䷤*lIAaՒV_`2JۓPޙKQޞ+/5]L琓LC3QӘT֥&\rU(/q EqO \'ń28RiXdX4HKecBxS9&DBnF2?|؉-b;11Wy%}e̙2>xq__Ycسr\r]0ƠѮGDmtx	.NY-hMb>&	Tmuġ:J|_ͨn=7[X06@W39V8ϟ#g8z\0\'/Q8BN	wp\"I uPFi];	>\rY1`Jvc®g)vGNe&z6Є.^?;?l.*Deg.QՙϞmK9̖lw`F ȌhPNYqaթNfHdd\'V_E$VFjM\ZӜA@QܞCse|t䠬+=y(a;U9Auo6js\r~m>\ZֳGHZK:VbyMCh\Z,D_\Zzsf]׵(oso4f&%Iɲnu2>x;6.]Val,|x3gǬkO?YO<|>\n~_~.!\\o6E\\\n]H\'Ĺ̳#/JD{NZhr#nK\'\"vdQ\Zd+*v\nȵb䨔(IHxF_BDEG?#ue޽vλGq._24i8f!g	OglP\n6-\rcޓ.y\\CS\Zt6{7g]/$Çho󖠲=[QbT2$ތt@ھ?m?!2a*qP\'1:ȲؗC>/H\"ږEwDAk6gG*~R7B\\UP7PBI[ġNk*#RƱ\n4Wud-Zǫs-c儹ͣZQ	U(F!o\"<ܧr\n^AȋQܐ\rY/9x|\r6cݒh{{\0^UF5EE/>i<\'/k;OϾ^Y/bq5\r=\"T*H	op)Fo*@){K0(Pˋ9MYhHTő8yVdQn@n^,z\rA0h^vGT+\".#4w<<qNރ]7ux\':Ic!|cBQ	:/%D̿FwrDQ{%|z(v?HEnhn????ޫntjd\01:Զm.GNqLeq!(uU.ЁLO.Lp^t^#x*\0\'\rV6[\\2j~mI{.h|TSl{b[3P\nWT4\"m%ƪŶa]DZڦB	q!$Є4NP\'ʕ~q\0~g#Ȅضy,hW`\rt5b\\;k\0*^z%L3^zr&^}xW㭙5^\r,V+_)kCb߫ԃ&a{wk1~c7\Z߬rNc4hKG}w\Zѩ-\re%MI *(3\")_\\qF0%&	@|Vu8ta\\hh6@2m11肳!!x^\";\Z	鼧|<i9uQa(ߍ1<:ߕb]A*F\\@ckPVBԵa	ɥ8~35gyVfx礵:A!X˸a%*_zÐBz6m(iޕ=el+UUVnрj[KpN:WC6yoTڮPWzQn&0[٩2[8ZĖ.<Nwm6R\r$e]~,n]Ջ7cuRx\nc+3g^ۯI_\'\'f<\n~>~\Z|>^z):ykXb>؎*\raa&4`FL=l$%cw1|Cr޷Shgt\"C29f2es\ZGC<++\rHۋհ\r}\nP~4\"Ras\'pgI%AOgbi{OtNcQ{4k@]G͡FMNYEgL222,<vl+	pe+׵2cƧv`ō8:wYx..huCxyEf(B,(21qވ+!9WG	]e&U}U(Ep:Mՠ~͓\r\ZtI\"+taq#j?Ln4(,FCFg<aMèάyxtuزz!ފwg-k/~W_fM(;y޻`b,Bϼy1!x\'/I<8f>4^x~&x\r|ڿY%25yF5P!ȃ1 .|\n=>YQe݊uCeOJ	qa{*r$i$PE|\Zh3g\Z8_[<XxѸYЬit!\\q֍ ^z})9}Xf\0;tu?oo=K>#YUЁ2-Y\noe}dmՈ\rKČgps71GV 6]D@p\'!p GL?⋈\0xuڑK-j-P-hK)iE¼\ZTҁk<RZB\\7RG/!E8\07224_m@+v-¾@(! z0_&ڼ*N}Y֥ଷ?6lޏsVaK1k0ݕX`#>p=~C|x[ާˌ/|/X_̧_t㧘z)<_)ǨSO<gyW<s,9Ek2caN<NR#zܪ%UR6B<ƂK\'.NGQg*ےlGz)&$ka-1_u]5#)!!0&x#FFӊH\ryq{\"0\\\"Msބכ|\rGTNxySƆC/#ҦEY+0Ś:]\'_-,9R.dO1>I$,^¢:bC7f7`{)}*fspppNs]Bp!*tT:?9 UfrY:DQrP ^XT?ZOz0BԎ`:Yܖ_otB|N}\0_x]hFH6$Cę,-?`횽xͅݥذbۇ5˷a͊mp*,_Kl{,o|{nYx_۾W_xӅg2V<ĳI<xxx\'8A/f9sGfdDaA&b	_4af\'{nTQep\ZT\rd;\'#-6J=J50@,((gFR@N1~\ZS\n/,PWP\Z/v;C.4(&5]f\'2MvP?Bc(ݕv\Zɳ0\0Wd2[bN	yoڳ1tsp=q9,?NA]D|n,:Y1R,x@qB[HT%Ao#mdƕV\0@9Ƈz:o\0,Ub8-3ޫ<Gm&-\"ƈ+l0n;Qל3ز$o;ki`ɇuA<rV`5>ްo-,:̧^ƳO^>gzE:>A}cx_>~)\0?_1<..<7Y~6,K^tNejL}bHC,>fΫ%,f8ASQ@ay89f\n=VC,Ή sTŅ}JUMcHǹ΅k<5t^On>̼KLv-/niů[?3^ye݌\\kE۲\"BrHq:5ϗ953B̞wPca~2#GvK7mSST+X=BOhA_V]U@XG	8x1]i\0363f\\Q42o+Т\\r\"nUƆt+hbt^)D)]*4>\n[vo+>z{v\\}Yl4V.ۏE>o[b|<7鸳/2&f2>d}//$p8~?l\'\\q՗1YXx.XG^ :\\99\nx>]X]KqE/FtT$\'Q#QIf+0hˏ&;6\'C,؂nXSr9`of__|-9 \\8xiD_d3:86Tbd_?	}hb5e- өL\0}`BZEHkQ[HWƋlr{>h%yΡC [/z/hNT\ZzyEX7\'(Nt\nJTx\r\"\r̷wg֭g<=*\ZeypS G\07MZ}PDx	h%A`+p輄y\"T=bD/M[c;޽.p\'澿F|0wf>1/>>:d[^Ͽg~=Kpq^/\\/3EхcxgKY/c7j<wߍTsu5\ncZ:pн\Z*Gbt\\+;\\Ԏdr Y{8-V1X\rcD!xсs޹PqQ#326weCI\0W?wCfSf_&\rz\r:L)9ADL\0n`fvoFe\r]-ݸ%WvRŨb̈Ja1B2^}l:Q˫ UOK/D m\\ɹ̶Ua\"mzWO[U/U3.26<&p˫X$`7ؔ2pT5\\Q\0n\"MרiDtƆƇ::pX.b5ع6l:u`ǱӋxQ,EjRrj^~q1^x~^yi1~ƂH%HLx	F=htڟq!.\nO>s3xbo\\Vсk\Zs\rUYz@\0E~F)0MÊVZ8֛X\\(\'3$F;n8YӅ]c1%Bi{9>	{m*:n~\nc_NIJXw\'Em.%~2ֳg+3MȍV(FS#a{fh2\"XA6Uij2̔2KsV5CT	a,%t~˘ v\ZGd\nCVzEqcCF&WeW\0nm,$V	>,{m(v\Zf⼒}v2ah8aF56lW;0|h⺯`!9-5Cƅ9x批xog(ɲ=aץ3ƅL90}엌O<RO>^|fYH+>Iea!!SNU	0ݷr%ST;P$eg!&+ҚlH 2\\uvҙwB.2ΫNU}n\Zug䥣	#f_	oG`DގIu03 )\r̹tPbC36a[s	eKWh&n\r4іA~3yPg\"b2TɊ@ZC\09\"5CʴHai1[Khkd^\Z\"SXbHsj\ZkT2ق&de9ڤ,Y,#*AJJ\ZYI|d0R^|pۊw\\okKGx3s๧fe\Z!4[Qxt`uxg\'5o!PgҲpctx|R\\q<tGpv5XbR$F0B<x~n1)\07Nd\0׌| \0ǣ;9m67[hBbֲXc͍Tf\"BXı *X7/:`+\Z੥cGX3u^övEd:2ۜ̸ߜB0VrBk6ggy{H9YűgY0DCm\n9-ل6OQ͈d|o`(E8o`!\nѿ824xxҖ	+N˹qǚy܂֩ikakEftmW\r3/3bgQ\'sЕtPSVٍs7WuFwf-l羵\ZKmwVWYoEg^`	<2^}e܋xYyB-9y&&؄]_/SrxO=B	Ә=\rld).F6$90!7~`taƈڱ4덧!݆zt`5EƑ\0\'J!\0hcAĜ@롹DP/Û@\Z<\'\r\'osG?ĥ^De줖)(\\ln č\n(jLw2JG,تY0F,	8n.7z>_	C)	˄VVDuo\0W2ZG3|YeaUJ딳/1AKǕ2A%uh+Z64M=0^(X}eƂQB~W1?CSǰn.,Zut;6ڥ۱sal]Xh-^oGy＇9ooˊl| o~/w0W1E^z9Ɣg1l_ÿ~Z<s,ygw`a>dgYQ>\nCchehW[Ƒ79Ox}hCx鸲&^&nl$Fas;OvPorBQݰl*@!mf}r\ZRtW)ƺPZLmtJFjyhtqr^RRs\r3@pRjmSqwWB	\"Tn0(5\Z@Q= \0W	n\r3JPr?oaiŅ%\\l&[VmlGd\':;1֎N\"(X¬6D$\'!<)`249I`(La뀾 d*Y,ZaH63;v;tX&lYK,.	qv\'O Kߋ!8m߅-kc5Xl9},ꏖ`Ւ<e泿~>s0٘!]Ɩ7kҾf_z<yq$foclT`A93pzoFf&J!7d1FwZjD*#VJ\re4HW}`)!q#,!}?F	Wz2>L.ҳӜ&qG//\rn4}xY=|,SjD\0x	\0]<OŰMwf!WN	U2V!KᥬWP)ja8Hlx#\" \n5,1uÒeY*-rȂLf鲢6fv}n;tݶvtLu}=хnB^U=NYq	\\bs\Z:1~6\ZN֓av:ħp?o;vbG=ػ5\0	ᕰ\"}\r^=pl	v|,V˰X0Sk>ZU?ĊEE͟%s9s`чby+c&~~T*TЉXsHeEOޝ\\IwksTDB|%.Ká:]XbDv-F$_&tFpB#R8$\\/C̾\'u\\Px+z֝aS<dp!*\00N٩XB@eS9Бo88wm{J	/Ov1^\nR5*3QY\nq%a	oš^bYhFlTh93M\"Zfa\'w+U &O8ZÈ ֲ`p?)6J\"J;e+Ǣk:d49Nx !IK5̊\\4l ~RChvYƶ\'a.[m\Z$`K}C5Pҋ4M!qN߇C;cזMرa=6X\rK+ZO޵`բX`V.ͧ+;dXL;/[L\'׬j>9g♙O+,=.8x>G9Bpछ/[_.՘pFR,x0(ea0 Q{\Zr\\:7Qt$\".	vk]y/2S$\0{}3^Kѹ&G 2aq;VڲߔHU\nBn䉑-nNX\nWN+;,DgC՚Ew*fj4M0N:gS ^#\0K\Zs9w^Ykj+VѝEX;y{Ci\Z۫t]ʹf=\0µp	:AFMf) Pm~Fn#عs/6=B\\mO<;>\rwqBܐ9\\E;{w-صi=]O,ǖKq>ÚfXj»Z!Lx/qc	֯\\kWcXh!^yU|y<sxh8Q^]-8jK=gT`e,F29NRbD^9tfL3,by;Wdu.̹t^:nedНfxŐ\r\"E@!d\ZukJ)Nbu*B|١H8%2[Q-ERE[ua\0!E\">yw\rR\09pe%LFb玱zFpNH|LWuw.Rfq2@u\\mGB܅NUZ,X\\\rƇ8EioDt%J-0:D3)09T<k6ؾ]s7Gwu7<{(w0`x:sOfڸ	+mrl^!ӍЅ~uwyXGWӍW)1ՋcqduXl)a/^oq#.(*@!W[J|\"RE\r\n)Pz2#QF3C=Tfu8[	9XϚ@M^3CJcp !XYTf&<P3\\uל\"iF+	K%l?}|#zER	m\Zxb¥Y8tN\'	MItiNff濁N^ѓ*Pٙ1~)EL?4iK&mIeJJdxAn&,dˣl>\')XNhPs.FL4_@@zz}wV=F;x{/oV7$7*]\"Zi<،}9>iG39pmeع6܋`ߖ?hLMn(7Yw[H7-zi޷GvlO6cص~\rv[O/_cF	Ex=cĚ?*F\"3^E!~8p\\zFʬ9ؼG7?W_\ZWEXުx8cÕMXVJp]1\"\07 Zs	CXJ Y&2R\"2Eo]GP^ʕ2cAL!\0{`癋NS;TM.\n9_UX02.TuyT@~.3\rps 7OZQәMsxzCSn -?26}\'dsWܷE8;::JQ&\n,:(m]{EX;	X~rꖳ;{\nza׏;r_]\rX8\r4	C9/\'0p[7ջ8{5,Dw}\'7kFwCT!>$!{É]qd\'8e3~{6.:NƀČۖN&j݂X3.x.]-^Ŭغnm܀-c9c{o(2Aw]ßgGv ʠF#9\"nѫw)ڮq*u\ZIAi?]ˆ6\ZXkE,gCDz8?30NWF=q\Zn`For1;O\\@X|XUXh`Ip%B61Jv1F\\q\Z7:fN+vXqB.\0|1rt=31F\Z;̮Z2 k`[	n+Ϸtk%P<\'m\nPmߠ1R\rr곡EB¯|Cy.ޟǿuwݷztBFU6n8Mvac8,2*їEJݟ1X=l#HDK 쾃8s\'	oڄ}>밇\0Y;頟YK`#ΡO}+PgcŢ9ذM޶q#>ٸ	V[X}muۇw\rT6W^l5/.D@өگUҁK|ܤD4`R+gܤ#,Xȅ+sphRȅ\'A\".*=~e1\\IFB?O\nO5p/<??C>#fz򘁓xqɶ[\"#Wd^=3q}#	̅%[(So2wxe;D}U]%[u/zh\Zx+?FpR̯Ze6:)˼t[B-M1*\\aUu1:Ipo1\nW1u<F]+pBV@z @O*nO	ZiH!gϿAɅ({K~:Q_3ݖfƇ=N\0D\\\"[EJ?\'KTYF_*/хx\'[`a۳vv޵t`qafش\0}74\Z»z{l<\0[W뱃捛dG;{漻\0+FeE&\r|SҒB.iI`mQT.3p#D 3e/4#YZ:peEA̽lL*E\'О\0kNK9XFh_vE?\'B Z[BJqbݐ$d2\\9z]\'s(s4,D6CJY\nP1ġD\'Sb_+?#(U:0mcY xw\\{od? \0 ttS0]w`\n_7ٿz0žW1x\Z{V?&HXRb2؊Ω>tLiΫr0Ϋxma^=}p;\ng\ncPkCsBu%.Fv3Ǳ8\0ة\0㏝\0y5kا3Rd΂nG<lZ*l[2G8lYzb޾u+V.[cEXl-˲SIn7>DAc6+_#w.N{_Hssd1$o\'4a`5L,cB\ZH\rPR9	0qfvm8M,P`oxk\\=;ӑ\nvXf#\nC.G\ZDCp\Z):-׹OS2V\"vE[>j;dIuݬfh	>?Z^)vXB7qm.jc\r-W^MW/ۯ16\\gE\'>0c70-L~}_ؗ7WWX݀+c6)ؤl7ψ2xgCCwxv\",pb.4X]*c7DydE % qp?vg۶9ô]w3HQ{=a<rOo^A7,xXEG^YY6t;vm߆\r|e-G`QU_oqQLE~}EfKq{O\"Oە\\I6iY%x0Lp:lNe&RcaXTKr>\'cQՔEYeB BN\0i5O\r3l??Bqo& pFeάu #2@%̼JFN^E+ݼCU蝨Cda(V\\\nr[c5l$|жV;tӅl̈́Eſ΢Fn!NJDXpUqo(^|w8!xG>\\[OTB@uUXK``xG/s%3HmMxEC}цl:mV6:\ZjQji@\Z9P{sOwϼ\0\n13XZOV,1]Xw9XdXbG̿|۱wY˗.ڕДMщWʄҊDuWc@ViB\n!jFSQ\\Bzf3#\ZX]xEI0DDBAXBLk,Ȳ᥾\0(O>,3P?R\Z\r(f!&~4,U)XQAS*ANpS!S\nt֢uX?뱶2T2OW2*Ң\'ձj!tZuŐL1HbnzN\nĔ\0AJ8\rwځx=j}x/w[tcqeW		\\߰\Z\\NOC`ύ@d{Xx\0`ގu<:\\H+Avd\rroVt5MkξBM=2\n!qaa)mނӁIfXb\0&+	ʅxټ^@^!6bzF-xvط$ğ`ͪ5,<Cկp!8l8g|ReaEp~<*E\\WV:5XEQ8\091w3\'!hXV8h\\\n>nKG0sc\n5EYӐKheNI⃸p\Z332Tw2u[jÈ/+#ĲRv0V#sKn6ۡGTg2lkpYL\n:o^Jf a襣aAjww&ux5&@֌p47bǋ#DYeNxY3pn7.\rA-̿VT ϛZJFV4&q܋h<{<\\ɝob!JlpFkWa纕t2EW/\'a˪, `ӪJK7M}ضm\nxnmx@hq_0_\r\'v:$/?Jh&t߱6Hgu(\0g!Lf!\'s|a5{E]Zty~̽:)Ӂ,0c⬑T#!8eM[+%2bi&c6F	ox#j8R6塬\\|+9_s\n(Y%k̈́UѡN\'ՅmPү{vp\rSL0ޣ	!qa߱ny`70]MܿB6|*8#bȪ9f\\âQe}9p,\'B}Qd\n*FfxUBxPכuihJAzD_b8g/B72FLOnE_A-gѸ@//\'aغqFoZÌ~%n^;?!;q.?r	]{3T_%C(j͂a:Q&3P6nM	hGj\rX0iˍU \0ɉ ,NM{(	\0:D[a:H\Z*PH%JTbYܷ1@fd}hhG`i)KqfiK+WϰVBRQYU\0Lxov4Ēq`ؿJeWbO)%$B36O7~iP:&%~GX~Sޥa[1^,¬UxqȫM )]ZmYHqSkɋNF)P	՗72Q@e\\zYJ/&\Z!14Qq4;;vNV\n9g	{7VSzua%ؾn	6Ӎ7E:2za޲~9~}p1=tC-yow\\!4sc(M&$%B4ea$5a<nf2[t88ja.bR\0Tf\"R	plv&n2#3phpuǥ0_8y|;j:VdѢ|\\udA6B4TqwHv桺5\0/t3l*$TF`JG6c)!%l2qeWJe8f=2}&s,eVWOI7~N}+!B>C>]zn:ɡdrݕDY%>p(!S<`$ \09(-Gu\\rZZr^Ka\"\'\\	p%B6	ěnľ7(\016W*޶RSM`x,yK翉[VOph6<ϜSx nFql7UؘSp\n;!65f+.0Zwx TI/]dV$V\ZeLX9YĈGepAYJLp/WV9FXcp\rG۸[zTȪbe]~D~FJ`,@]	cFKxӡe\ZM$ʎ7th{\'Izq1<^U! tNB+KGZy[lU\"HVݶ 7LN(nw\nM.#s!שoƕߏaJ]Jbo͂rB6\'y2JȈۅ\0W:k\"gQluh/Q׊0:S;vO/6鑶 uHf\'>̇	My~2&dAmsG,ob[/W[/?x]оm8vd=?d]r\n\rF$vÎcc8Jr\nęLCg\nJ:ia!ĕ0k<O\0˷3\"S@x	#N9J]ݴ-\\g]Ω:t_ibSy\Zȯ5J0\n7x!Цӝ3	|mH!ѢܯFN6c3UhHe\\Jy	p~fAGe]7{	K/Ml\n#8ʴҁo.ݗ{;ԏ㛿[ؿW@gC\n$bR6d!I`\"fzHTzܢQ2-VPqAwUZbwNL}~\rql#D<w`&3oq>zM̛%?,^}q3?/}3/ڽ\'?O>`?Ӎ0Ec)o)PSI\"Da׉@Z\"mFsgJA`2vdِ`J|Af!t,☁XE$!\"9\0ѩPӁ}M R]ayXςN]Ë-G/iĀDQYGtm\n-̷272&Ա:i6O4*=CUg)s.B3P=zǛ6XfX\"_$_o&Q%=^#;&v邭[ko)<p=+RNˢi\'贷~+oх\n~\\\r_o_c2@f0g\":!*GVb)Q!#dyX_\0TCx&F)h+21.py;N@nU}:\\;b\r<f!`尿ߎ}k]ۗƎE+XڛxxY깙ty֋Xظf9c6`zoo5;鉡seT[EX\"Gc`,4}G%TT׋Qԓ!OG^ u2fFdr /S 6=HXu~F&\"a;h|vg<G#uvP*Ff,JL5mamC)/Jq1dN>ބ.fHQHAJm{ಢߋ^;(\"I}f]):n0:R\"\0n\'n]9rLb7t;\r;BM7{__q5By͟]ȸ`4s\r݄wSz00ޅnQha8jVz$w2&\\;aJxg>>>^5.+i\nl\n;?.ۄ+`ϊؽ|v-9K1WϿoEｇsf+ۗ}8+Ksz\"=t۱ml^Ŀqr0y#h#@,%v\\\nbxGي:g!R	p\n*Ł(Gnm\Z`#X|7NBWd3#3)yWd.B}ʍjxn8Q;0u5̿\nJj[:ȹ9G-g!Wv\r=娑>amf8jH1(߯ꐕ6IKOץā,zXw򗭑@fnlɂ{-E۷_Msg~{:p!o/ܢnZ?#_o0:tq!:Qٲ)_?ڎnF.izAt˂b\nЅSCszF\"̓836,{g)>9/wg~=?&V5+ߘ\ryµMp(/W`_;X8Y|װwb<=YùXd/_-b\'pd?Oq߹;\'Vcۊ	GGU6mX8\\UJޭMGp!PJ.+2~R)ߍU#*3!I>Mith+lU\ns\\NtYf\'eّFzE^<c_Qqʂ|M~L~/WqUhH)t[m\r2?71K鞨Cdf$VkT^^-y вp7+a}\Z/eqC\0:e%971m~~M\'-]ĝ:M@#nSw~\Z77~#@0\"89)юV	*~-J8ds(|rorrP.&q#tvl$k?XaŜ%X9{	}>:ΚWb4{6]Msc{K|:Fwocɛ`;ctܷrX\\l^;6/Ǟq^8we}Z||;|\\/bF{`-Pd&::!̻$jā\r&dxt֪GR\"`(6?YKDp7T)eG $[REɺn2u&瘍Yĩ5\0G㬏GYwWC(Pg<TD	-E@%ZG&4@7ROCrv(3uՄ{-e\'ERWL9ڙd16H6\\be\'\0;%BHtĠ2mvƇIW?\'OO\";]X?ah\'~V(Kͣ5|\rmcxE-Z8\"\"o\Zܼg?9\niaȋɃ.88m=]>zGX,zst̚%GWb]A~yV!6]o|GG%ȳ+g_^ㅱ\0k,Y`ⷰalB!6{ҹ^l_;W2?7]i@#]Z(#vTo(ɨuL|Hvr\rٝ&lka$\":p~*՗PEOMJvK::=cZ)x1g	@:wYM\nWCTDXf24IBew	ۊPJx,\Zm蚪G?cؽv\0_n\n?-/āL/_ԙ8kRM+=Y6ߦ۲PrFtʬhBf&dי>\'s}ǾbJq[#Ex?t	/_O`p?bi\\,e7X`qA!8p#.lۍs[0{k#),qmo6|\\K0:xO9X\Z#ÛtXv훋GXbzc]y>>}>>\n=ob/fa=Xt%37nll\\~	}dj]Bn*M֠a#^<^sx#FDTБџ\"F.ҧ#\"FX[NCH{){ew:O:n+/y\n\'P\nnp\rn7W%aA;?~\\Mʯ1\n\nƄ|1;Wv*_oD7/{]b8]?G?~/w3\"Qclx0ŌdqZS7eF9+ĸqkFCFoؗ_bkFo\'ĿbmqZ:mƅ?S3n}W-bXe ˫6Ϲ^~WcܩN:pHLA8`N-xA|50aAO=ؾ`#?+y[={uۘY+YE/22Bˮ3!؛\'X^uo.җb[Km\'x0\"ĳ_z|－&7walݱ.g}ظp1n؊5#u2cf% \nr \rucx*jĉ.KP!_9\Z+EpAy!	*Oq?c2lg0s,2!ПUe8CeWlp:]{=&܍]W.Q߇dG;Wċw]ך1x7W~qX7PRH B\Z e@lK$ld<]9l!}LegZ*[yCtс?Wx~$?bpw<Lx=w\rk_Wo;00gDa@L)?3FOԣCş\Z58?ӫv䚝,b+Ͷ~S.IAp.!X\'	.A4hn=)ꪮt9.>߽sϻk/dXcWo܉Β5(KGFT/G;+v6aljsp\'#c	0U!l\'sW1qL$& pxk7B&!5`i4v&vp\nO*>m@iO(/OG~n:K>рc۩5Xwd%j:\r8qo;<[pI	pjw^];Zfdfl?mĞEhٺPp&Zhc\"׸\0K&]ER{棴;0\\Tv%RZ̳xxM<gS_&Ɛ3c<9?_[g߽O[؋a%Qm$W\Z\\R6C&V\'2LZ?`XVntxed$V^Nx	O=<KE	T%\ZƗ7|~?%Oh^\n-kO؃^)\']<vtz\"R05auunue[n۸!|D4OX7q,ӂ8!wPMT&ZL6th&ru;?a^cjL]vƔP*.Ϟوj|\n|˱r4\"\rH-[ +TRbTwo-\nKy5L	r&qWKZMhޤ<<GlBm1Xn{:PVu9*|}˭Wq~GGqgW!/	2Ww)Ǯ{qH\Z&z`>SKKoU%@*%2ѫ=T3}|!#.u`JgjnkɝO,6CfdY=o޷%-ŧ_?7`Ɠǅ_G#_iM:@j~+29K&W}LFe\\$b ta}M7-ً;չ7.NuQQS=v@\'3uD&9!q>L6~cv<@@~6ۤ	Tow\'L3rBAH$c~FQ8tbnb-Ywq5]\n쿶J}O>&kh%,1Վ#JjE6	Ӊ\n\0l\'*qc<,@V	py[-WbAkx\r<-PJ~W=qڽx2E}o	S\0e{.>>%X~ruy\r~xA:fHL꿴X@V:\\Jy\nXu<}O&#dSh,rq~s`\'ğF|O[os×/gǸxаL0	^- u飤v]113ѳj@n%>ﺊP<`vD#w0&1AsvE;=F#rLČ\0Qa!x;#<^=	<<yWl;YM7(ZpL\nDPOU\0(7\rWoNsw+g9kWbfv\nJb7}0\'ۑ{p*56_\0^A߈eMjkײU-Bǎ6,тʞ\"z]5[$so1-j(m]Hː]|P=&ＴS&~/}q+\Z:2~{p>\"s㎨*EcϵMQ/U\Za\nd鉻{_jq8.mUN;!	KmRfKޗ$2p ?K\"		ow_weGhXфUŐ]`6Ko%O{\"+qQH5LZVp^?ǹKh˭GOh \'#B7`jfb LE4u	-wv$*/ b/	@\'b$L9}1ur\0ff@IN\nfDDbv\\{-O|\0wirLMCRl9LتÝ5F[/.J(p+hR))ԩmۚбIŨ)VV\rj+ѤB!+/`W\\B);Y{	Oó\ng_M&sR=j]s~;b]\nq^B+#En<G(VbvWe¦yfa\Z)A6[PSޫe`U o:2̆P%6*b%\'/3?UC*?oa|;\'|_5\Z;zѵc,Ys=5鞏#(~&,ߪIIAW,{\Zs\n8IQX]ՆT*T\\Xt}:Ņxl̍!L\0̘D@C{cZ7	oI=)\0S	-KOLťbS#<}x.DY%D3uR saCl(!ɜd̙SvCλ\'ú˰h\'\ZuajF\rf`VU+qbmڇۅxtdmC&,$n/l;6F۱g1*#Fԁed[-\nyA*W\"s!\0~_Ó8rz+{q~g\"y^U .p!{}u:^|vO]u;y9k\n[@xd2?,9e\nF/@eP\'\0\"2\\&j@	WIlL:|RxkC/~g}TC;h]uu+*е7spYnxJخFVD<f`sbl`&^j:-Ǳv\Zr*;+^\rTS3#0;2s0 l=cfR郃eȤIu!.T7>9.wPmHI&03Yp\nJJ2q<0*Gt@VoZqSUnVU.}҉A%p]j][\0nXͲNEhAw`t@r!UIڤ%o6pԂˑ]Vج<zvO	ϮT%3yo/x`p@K-X#Uezy5?׎#bB2?f#Tlm65Y=Qa\r`>%n7@e{3۟>Pu|۟?ϑl73^WO9*ZO,]jzKh$۲.,ϩBZlkU^bcl[6GAB!*3yJɄ8bR^Q`-|?9ѡ80j?ڒϙANAEώ(M¢b\"wN3;ԉ݈M-,׈U6I>`y}E_\'FV^8Xhhh@&e\\YBT(BܖZpRd#<)nϽ;u,+:ZѼ[>:}Aɩ{p,{WmڌdTg8s]>_<CXZJU,\\-n|D~t*x޶,@(:ݤ\nw>!ZMRկP/rTs3CU-gqU1n}J{W?CaqVGV}ݹ*{2<n_ʣ߼#cS:ln]\r=X[6aG^[()@ڎsCg~3.؋ bFXb -Nc,G?<aL8ox&rnVIxh154>Sh%G!9~2\nPEp.{qlb嘒ZiXN?{\0>z}w[YGx#^}G;=-;2}[v./UBS`7ˤMTV]9\\Tň;έýO{io2W^u2Os^L|d%ELkTq!M[3<wCBLh$\n)\"D@(^L.H])j}L/S/zyh8GDKkmM$xy!槌}G>FnG|TtfeC\\Ozq^y@oOs.ћu7,ú*f˰ ׬ǚu(nCEJ.2BZ̋`9)S1?TIsVjW]JOC,;\ZJhoo+cօɟXft$b*|<4z؉T`QvZԹSP9IXnm;pn&6c*SeV`jf*\Zn^޽TmBu#>H\n-}hmB/F܁5(-뙏۝2+cFu棠a	\Z,~M-\\:~C\ni&qWqG-\\uZytN&u{w\nđKpОqnB3Q==A5U*{cZ	B,5B|\r*d)^-f*%(f1kq-CϙX==\0Nkj\\T~-=2 >7\"b+ϙʎy]CPd&5\\{Eݧw:^y\\K>uǗ\nXWى5TXY։fT&/@ԹH#ѳ5鑳0/d\ZD#9EتX߸Wcc2*w	3q1H݈]RRĹz\"TbَèĴ\'2t/<NMf\'on#;p-X˘`un_UI/B;tuX62a\rڦ+=zi9ƚ3KMxe C[w7(.B&4mn\n6fB$lX	#B5oQWLZ+=T֓x%*}ԫV[Fg&Qrv\"tV cWNվsB\rrT]FgWT-\'u5ej4*Z*X,ZE5x/j⢨/!V?_~)=y^zSX{}[i~p[YWnb^*$.nYWcV=`F=d9ynǫOam-DOiWauE3V7bIB&pz\nb1Uҗ2qȑcgv_zEmhͫBCf!S7s&NE:U51<	7F&seHwoR(՚$O	b<~i ;;M[^7olÆ+sP&c`F^5R\Z;./kR6#鼐A/|o9Yr)zoRBEBj(<5P兄XC>G#Ku-WUC[VԮiwz?v&UTU*¡+{p^*UQuq3Wܦm7<~TE=8Zh,3uYzWLS}%!|!0}1!Ǫ[Ϋ`y\nVm\0Q@_g\0~.z6FJ~\'rPQJ^vQu=C=KtA(X	sc8~j/jY@x{A-:*И^tdQq§\"5l\ZøE} j4-TNClHF~lDOüH2&aV =7&S}gNz=0\rPg7L	$xzD\0Rc>]8~S-ћ$-2ϑt]YC\\S-˰|Ap%^K/tb`QMhCXeuLdRBO6{16PuAP4道_]ʮ2VGA{8:/nhG7mP<`2y<\Z>>Kϟ|GZzTgvôqkR<)2o^qjb\ZReE!^|c	Y\n=uցɜWש5%$dW7	f 9;\0B{oN?>&ģ̈́AL/jt{V:,)SQMO&lAH\n\rC_9!tF\"f<!}bzO\\߉87/LTF\'!PBp]LDgDzN Ĳ 09x(&OJGee[;	NNSubn-Ab,XRr.lg+aet~)6Ƴڳk_:`v,sVa2ױM{2X{ŝLTPXJ+P\Z	eHo(cs=|zwMq[\'tޡI24˸ߏRor>߼z}߿#X~JO.jڇiz\nKY4ǺgȳG\nhYf\'H*լz@?#4oX0!u>oKVg`sց>UR;+3]ډGV=1߿{\'Em_lL+ĂIHCR@OF#;3<B0y#r\\}1S	a3F6hG7D9\"|xL\Zcc;tN\ZpZ?c\'\'D3Tjo~aΈ\rŬ0̝8pu#KlcD7h=xA\r&\'#B=PlyԻ/t`9َ>t>,}hـmT\Z_ZXES棔\n\\-vB8<%Kc13Kq.O.yO?;-S2h#|W䇗x]~ugnPہsLű^ڋC8vNHmߵՄMVO\'\"õ	g3\n^<K<UB >2X87={RGzȵ<FbJ}_ƅwнҋj	\Zף5K#o{pqd|NH.jŐKB|J;v^V\\&`(	qŤQTQΈqRP		$1Lx;\"쩪]Q\01\n:4;J8!aNI5qfFXي}3i،TCû/ǊA-H,ELA(&yۡn8C\r9J7}w=wu!\Z3.RO-AZ,ь6&u8yjQ|&lRB<KQH?\\vIJRV؂t\Z\\y~?GR30nj@;\'H&uHO|nv?\0=ta3N\\zuS֟F3b	D/!Dde\'d\nӓ6\\VO+ҬFh-+	_yu]!\'OIxIZ^yq]%R3oq>l;eȫ^:TWN,*W,|ՙ{J`R{BW\"Ԧrn&rcf!ibfMAe8FO$pna6ŝ\0{bڞBvp2h\r=E0]<FGϐ*t\0:Җ8ptR\0O	;vB4y3X7\\ހW68x}}Pm@7RxQ&U Z.1./%@t]\\;xJ$	e*Q+\r۪2ᕵs}[+ŨX\0/}	oqw@t5NXR)EHF.zx9<|E=s0>f$ݪ}G.+;T{d!1zvڬfK-@UBX\0r[5PʬVCTW<3ʹ	2GcG<GȣDmh*<M/3:n3\r#Y55Bzj\rNJXC婢2OZďby}b\"KpuTd4>S0;`@bQTp2ƙJ&cQL\"]N;{ !\nŸy\"|?x8\r 	6Cm7l}Vp3<]Έ:{o369Uyn5\\\\M*RHl{݇{r+Ô**gb\rcXs\r,ʓ⾹ph!\ZBb\0L۲x+ݱǋe\"&pT\"ogN\'!(q:uX1I2a9Z2b^ڇcW8y-;m>>Oq^^ob/߱{;q*)m}n_v}LT Yt&JX`YG*UWy뿊\\W!RO2XFɔ tg_bQbQߧw>@钝߁UW%(mŖp>XZS)-A4J$\'H+J})l߸iX0!2\Z~G{ ↎sEX&_cc?V`hB7\n!㩞\"O`Qc0rHW/BH(3nhi\r6v>x;=0E<	-=q.Ş+콶{j/]+^ZO\"TW)х͗;6bUx\rx)|KH\rboˎ:Z\Z\re@{=66bV.`>!F-T+B,K )h^{pFpL\rjңLN0M~ww)%<|z/_|O?_߉O2s!eb&~W=#%7#Jhx]QKoV/^;7M}dNN/K{uCl7w߶\rp2ե%YX]8~W\Z,\r}lݏc>vw݋÷(ODYH\rL *Pr$l;l4ܩ=l(]]NN	Ĭ}_c\n=dZHJ\'\"eqNp1kjOsUPF<Wcb0i!rga&Bܣ&캸F,R,;І;SՈ*$Qce_Rx˕۩\0UY|	p$qMRh\Zסn-VtD%8۞ .\nQwAG.5JJEɚ:l>׍}§LdYWp^:/Z;^ó_ķ?7ß_3zp#L\'	嚞V`֪\rREȐZ%zaU\Z\n꾄M<VJf2EYh<,Ġj6	;6ᾎг^W0~\rbZR]\"5ecVNM8\ndՀ=~YkG0&\Zy814Sx@+&ٻ`\"k(\Z1nhFq1q*\'qZ`[裧x#q&REiEغ|6`b`3xk\0Owr *0!1QhX\0[.Ŏ+Ģz`.,ӂe;\n\\jU!*KK|CFuI\\F&\rTznE*4^I5[]\r-ضU+*0I硐~蔱xI\n\ZeX{ϯkpAU6NƝO.ŷ뿾_3~_ƟWw_o>Ƌ&99}}j(v{| g\"l\0C^OOj)gO\'p^)y&u	t<S>Y@DM#<~KV Kx\n`K%>*}peZ8p3;[yTwqzމ;TG@O,ɜ\'H\'wA[-=+s		Æ2\n\r\Z31L`oLM1NcG\"h4S܎AO$GbD̚iAi:hbQqVn%1ޞ\0Q`n5c$뎷a3-fYa2]_sU;U֋.˲	m90/է:U\'^סAo]SU5^Dn\0N˔fg gqR`b\':־\0qilcɕx#K}?Շw>}/>	;w40vb;يmǶbqj;ۆ-\'߾K;гGMuYSBK*Ss.Iٓ˓8{	*6yDNXrɝa\n^,R^0gdQf9*˼zeн^5crv5R\nQږ,W>&ULǮ^`)$o3g܇,?sCd٦	ΘD:z7PC3b\\JP9[Վ~^HiXTՊ<\'#g`NTLǐq?p!y\n!Lp#ܤ&(/:aLLLahd\ns>c 8IUyK%o]XE9C&mʴ!y&ԁesT`BR GZd,Juh 6Ѱ+jh!ufBZ<Z,<Qbe%h:ƝL\nP23ixE2l8NnCkqw7ܢm&Ilk:;\Z돬FB	ێo$~qb:~\rkqN\\|pW<dǕ\'wq.k ]gy[٦9KE>\'>;;\\|7+/?]˸ğo!/ss۽uΪB\"ba[&VMOGXwiNܑTWJloZyZq\'qێ\'x31;Pn}^ՊENC0i;#F×>gxY7LFz`Q̙4#>x*fENdi)6d܇Qp:΃_P#:2Z\0F07̹=0;xwg#fW`Ac#b`ltlzgѡjd\nZeǨL]wL\'՗cJzQUXY\\ǟ89K%QQE(-\\R%(4 ~A&:v`z/Ê}=X,CnۃWb[sp%^M`5Lpڂ	yjvޮ5__#{\n*cM#Kb^ߏ#-e\"OлnrAbΩdTa},I=KjL@pi#{\rg雮\":Yȧ*nEYs\Zv[״nco@%8rM[;w+;9+2ƍ\nYd<!.kѫn7Xz͜yZ*U2Db?@XfDa_OVE\"0|ck9rmm̶quuvhX@@z\0Д[`lL`jcɖa(;f:fbrb:okƚb=Fv	\\Ym6tkfHж\ZRT][5%Y]UTj,1qrZh!o- *\n葵ɝ*ԜtlvKc{;+й];bdk%VSu\\E`:6+pRUe9Fg?ٓbY[вW.F*ƚvD.l9\'j穠j9/=Q3/0˪+g{uDbrf1KPܐl?ˤv-o!>HQ[;f?jk53:p,\rRc\"}GKhxZ2as	w$L\'L&YL&;\"cb8$LCblGcwJx::!@sp c6l(y3 R}\r	\0,0Xz&z5%Tesc[Yp9l`; {/M,tmPA^}FCx+Vgwh:4*Dvfu닩EXr*{*Yj\ZW,6CvK*BZ2CwNN>\"RS ݁mxK+bXOމۖb%pl^좪Cx;uZ[Gq15:_W+7~gӿở7;v^A.4,\\bQG#_7qi-k!	^\'CFۿQajfBFъܣ!(ˌ+8w+|*ZDg4 Њ=8ApTm{A*[2?i\\0h;=4ր`7l8Î^wapvz!nv Lt$P}b1G\n\r#LdD᪦;|ǌÄ#Dw(x_pw\Z3.\0#nd}#=\n}X#[AL`4l4Op\07\'esp=s6mR=hUmXp	.VV./FRRTX@yjB\0.Ēl$r2r>Jr1\'/Qf!dklid4`>ښXk)\r{wqqӸ<ǟ^Ƌ/owx>g_}|_#~\rG>@uKjQMoS\\\nFU[%jV*jc]ۺ@|+%~ +d;3ΨOY.}݋Ta\Z.<I%no_y*\\-Q	(.Z2no<SS\nYpQΡ0`\Z䈖6Rt}ab3bb]15΁u\nDC\0NT`鏝dO֐p$g(2m7hzF~\r\'j}>%k>E%h3LM`@kgfLU5tlDq;Xya|8L͍DRtl@]~TXxw\rXPDXWPS5v~{&r	qfs\nU8٭Ϥ.#,c\"胙QSK\nrmlDۆ&F3/a21Zy<j)V&W1[{wx#Zl>\n[Ewx_O_|\nO/+n%ը[	QYF	JQ9nHF%}≩we=Z=!	x3]d\\\"TG7Ʒu$= |3z,hGvβ<쿲]`Pee|졛\n׶bэDg3x.Uw&`\\Cao\r?`4@Uv*{Ima#Ph8UTT8F{aڄD`|HIgu,~\"!h#NQ=#m0!hXKud}C1121t͠cbk`\";&La6޳P.*x.ZoF,շzM+)P+Q]jFT\\HF TxٖJLO,ނ|dU#4aWu]3ַi\"4C}O--ܿdbtlmgBńN,E={2[{QWf/g__^\Z}{|M%×[PjT5JP\nHGA<l=Uo>Vھ/#Bo^TZP^g{bMCTB4V kaAN擫Hʰ}w}ѻuH.^IqK,8zhtp8ԓb c\n׭D}Q\"oÆw0L#\0g82T\\q4*/8j/B\\{w9#IrG8?7ɢ9##4b(F\r[KeRfnF;@h V\Z~>BLocG`clTV 6Th[Z1pGJtn/VYwR-@ZUT_\\\\VF&_G8s!)g52/L%f~Fn\"D%\'Hhe=עgs_v~o*ܱD,ՉeW*S\\]rL:xK*W?ы^\ZTmh70\nQ޴\0-](lLf؃7+u<|9Jo|mgJq/U>G`wEm[GP˟]ʎ;/Kw/mDr~B/<\rnTi\Z6n\"\rĐD\"C9U=߈Yj!0Gub8WS\"VS腧s+B0U_:޹p\'w*/[Zdyx&pc?;K0dZYb,]!:?l|OlZ/K\ZClTƆa§2f[猒yhmhQ\nH\n\\\0b&eT*Eo=h.EsT @dbAs6G-DnCZ6R}^H*Bq{7/&7nSѥY&2FmKi=$}D}|/	_^>\rB^օ\0Sy.eP\\dDAJ컲]d.\";\Z\0:\0U{.ۻTgTs_kRZʟ:JߵQGa>V!vf!R1!(;Nf-F` !H_XX`sX%pQٍ6\'bZdI19~F2D#	։MvpUwD{x<=#yyq8[XVBex1w\0CZ=-_\0֥PUj,@=C]¬fzxRz#t`ILRJZhD\0^E밂bEQ\\~m24\r8MITD-)(\Z	=yh\\Up\rx!ʖ#9	^9omh#7b		QDzbA,vcɖ*}Ąѓo/ǇOCO<=h!\0W7ŋ#<I\rG{\"dTCp՘	;{m}1pI}\'o\'܆IIML*ļ)֯tf-#.!!WL8Sy]0j|@\0ŰQx/,27%%]oFArf!3\0^#G`1~#F\"axL&[F\';\0	|S	(o#	7-טQ\Z;.0&F`ZPJ: /CW\0?g/(%!_\'	@ܟ7Żߪ?k$\"PڝN;!	(TY2hY\nڬ&*2br5g n>&͜eX$]x}o}w\r:*)H\\Fwъ֟DChW\0kJF%?oo?\0|{y{PN[*PA.%Ŵ%TEbTU$d/I}aSűRr{M;~0884Nc8m#\\\\xx\">yȄwlL,&#MpI4,\'bl	o\0lLhjai0>Bд`1֡p|LE8&\Z=jmpsAb=E}\nǸ{+Օ\nE$HjT5ƍ1nMM`JL	$a\08@Uə1@pj\n,B \rxξ@AoI	`QINHE~W\n*r\"-[.UW	FܴEM\nܦ] m)=9\riĭ`Fu3w\"ek«q\",7mBF01-Z\"@MooF={>|xѯש;.m, }\0\'܂)ȨJn#T+6=H[ i]R=~J־I{pIrQyqP?d\r+1y^1\nИD$cw\\ݧm\Z0bt$U6jH\0,l|1p?3`(6\\o\\,QN]8kVfL\nqp:.CE\'99\"\0G\"h}\'Sqd$=BT+D\0x_Y~4G\r%̘lSaM[uDMTIPUO>߀kf7@%\nl,KBoX~Vp%SPEi2dgչRR\Zf)Mܟݘ ߒE9ج9D3շu5XP\0i3ŭ[IoEN4ZfܼYET/|OoZHA}WWf\n|CwGkRP}+	oŢb2RW|$ΟX-Mꂄ}88z A\n+ ڃm-ަ:%]߁#4-9z೷/,GȜr\'`ʜ\\΁OP<ܽfm;O&jc`;laH;C6>\Zm\n/iu7\'% !S><|B0\nVV0tN(#sQ4C\nGj\Z_>T4\\6l1lG#z^Q_#Bl 4@,}-500%f|- \Z],-pjA{߂,xא3scSnb;83\rYUqPӻ<8Q%kOCZ(Le#2o&gQ[\"u\nsĩ̕rQ^JT- Y1H)\n.E҅h讥R^u՝(n.EEUʷeX{xܹ%\Z/}]8ATB}mkrQ|QHȋCZy{z(p_mY^6]{	ćonQ؍738}<_nE2Fe3	,zx*h)Np\nPm0^X7L{z/ƌial<Fz65p?-25\"c\0wwS4!>Z?rF9Ђp8Y [lldgGہ¨0>ՃLʃ{Pu5V+-JQձQT[#k10ק0 qB HA mЖR|-NAzL<\rӹ=\'!b2[UwsaK.\"pZ$bbVNOD|<LMBLBiH*Fra\n iH_P\"@$ӃyH1.z˧?ǵS~	|p\'غ8[0mP\"9(B281Ly2ji*^WPj;	V&w_f^Dx \'Gi9n9yU8z\nS1e\n;h$K;t\"la:v\"C`<؋ 6/Gx$m`;.8i3bvLG\"2(|}1~<l--\r`chQfo-34i8 \Zj\08an!fljKQ]cL	R_)WGWeX@dkEx-4U+!P/*@~}節?_բ?-\0q#xg.tǽ+=xC;TcyO<FF3mNK1\rf04sZלi21@Ȍʘ6m85AR\0XKB`,Mie`&sx9<\\_7~1~/ٗظi?4Ff>JsQRCpksPV,͞9S^@i/V#dXHl*θ:<E}-_ߨEPь)p\rHtsQ#E)xZ\"}a5`_&T@B3?0QsMP\rhx1K<\"c51򀷫3J46&36p9lL		[3a0ÊՒjjJy7oB\01Xf4O+6A^==*ӂEi%7嵟C g54[xZ\"5Xq.A~]y:ށ㜑X59-ɴI\n4n\ZGGK0)Tg\"1s\"df<&Jd$dLOd΅ϔ$q{<x$3z.	ϔ4LNfҞ	|/{\nrC\\>.z^8/be,jn.G\rBjZRRk1+H^05tdvjۗw`-sEvﵵ}}5v]y˱\nՃ7c׍nl:\n9Ջ\npƈ!aT	OX^s+oXZ+RL9f}\ZM #h#Bw(Ŕ#\r>p7\ZGL`TTBiGʈPUMτЊ554D߀Jl̋bpt	X[95b~V`mZXWB}?G.\n@rmzcw+_c\r4>KK[K#*s\\ODz}*2e!,)9HGZE>Gfe9`n/Qy)JƧ#dV:&`,:xf\ZΞxSǞ8w%Khnk#Uk*\'%*jhƛPQTQ9Ӑ0(mKz\Z콺0`n쾺{ota.칹v#b!\'7<amHБUMWJcYL\\`b `;j\"&LW\nn?a9Ɔl,Jl	u|e7wL˨p5Tu:A0\Z&\0zx1U3fSB,UהÒ^ZBJm_-qֱXXl1ՔX,Y*~«Ck(H)t]K%/N}+z`LC276KfF`oC#]*2159鄞Pnf7\">&-:u\'O9ȮG#Y5Ȭ.b[\nWQʑC1ݸ^W~˗>Ý[__/}%ڇfo5-DW<pYm*F.LeG`vA,*`Vh76K+ s;Lս\"kw-Şkz7zZN7锘.7CM͈\05rUf֮04s$NJKvb@ڎX̂1ƺa[,F?6\ZQm	@Vk	Q0~-`Ř!0֦VT[/!5Zb9ư6zEE4奝P8S}5W KǤа=H󳢼	@!1EJu*x\0ږ}ZХ}`CKCo,Yǈg߾?DZ &?\0	1[da86\"ap<-\\zZ4䵦4d-7j``q.r	znc\Z{*2Sxl*_g1ߔm(YRRw\0eK\nO\'\n_\'O?>@iDEz,A,^P˫2S3p$D!oa3˱o\\-2\'OƑbdmye~l]*<ͅ՛61\ZvC0hx }--M,6[8&V.JyM̍qx]x8{87)\n#1i2ƌ??8L,C/5Ț1#C-` Վ	`y1X2,b%	U>EԺ%q3TQauUL@%1LujA;}*,,(\n_\0`4J[1Cn#Č;u臡!sF|u$g ~8y4僥&aéTcfnI!)6Akђřʾ3g5&!C>#ir3\n(\"%K|`7xxx{|ggO5PӶe\r(jPD%_ԒxĥN̉ϏDQC\ZĶs+L7꺝ngn|xn.C@<Q-qeaB	0F^[cE2{bK4|\'&1 19CLLċcSFOĈQT\rA6ULYʌ\0[a4aimyB@URȾ֌Af+lEA5XH\ZL2hGOAe&=o*+cZCK1t\re[6QKѣQ5B+?,6VG	\0FBB]\0<\ro=U;er.T%>.>*<]q\n=@\\ϤnřjD\n@LnKbR1ڔL窐1Y<F:C,SZsQ8\n\\RY\'+|O^_|SGc\rj^(uȫ|F>7:I<SR?\rXOuci.U _mby*vBkYӌ)T%<	PX0D;ȏj\nkI`L5vu)3\ZTxH&k60	T	pOYp\'v;LPS3Z	lD0$	M&,1#,,1Ғ ja<H-[5bE5EKnKݗ~J-啺{UX>XE^%xVZ­@5IY\'fR_Kkɠ9qS0<I$	2DJ=UX`J,\0Wִń 	96ȶ|B\\ sD	rA.,@9Wwxx/e yF2UYH,\0L0\Z$׌\r	tvq[{	4t~	.UcMt0Ix`mH{EHPU\\&^R36܉+ۦN毺&̄$`_\'=Nc\"0rL A01\roOB@_kmlSZSؚ1`I	5-,y	AXtkSWW&@:>jGxe!F(+\rQ*skV\0i+%~<F)46~1.4QHĮvޤLf0ɓZ<@,381@.N5%+brhhvH*緤tDa{6J	oqgʖe\'?O\'^=ￍ[+P\\]YzRz}KyR$LMpv IܺTY˰t6.PueUDK{Z(NAD͛Ax-ad,HҎW\0fnprNH0\"	T$0ܽfÍ5㜣1\09vC1`j<Rt\ZՄa* K\Z*9/)Y3Z)ܾ	6PAW@*@්2\ZJX\'jyce\')nEXW`*,\0Ua\0l+wBς{0WL&8@ϭAG&5^7>7M&2YkM&b/w[	oL@zm|K2r3@=1?C\0\Z/TOɇ\'Þ7ѱt*PZS,0x	i9bREWײ=Xst	6$a=s=T˱,A`d\nƸaɪ`nCkӃ\nKj@X0\n0.vjcXunTZOKp! $ngR7z,mUx0_q\ZTR]uaTc2H)#*ӟWA|ߟ/uVhj==z^_yaNh5+۲_>#(X\'*,\0))Rȥ%ܼUa	*ԉm<\0X~C|?BKp`ZQ`QezazA+ӐpA{i#mT_@,ڤ%Mup\ZmiXБI@iW6=~\r^=?f\"TF	v\\F[j\\|m>w~9S7KFH\nߌGڱU=dzMgW`嘒\\\0\'۱4&Ly;e02sf/P.\'c2i[\rqQ5#M(8wxlxx%y	K1I]\\ҩ1n|Fa1v\"lGJo=P&J\'ݼ*^KUAOU[V}fT^2^bJSGW\0(a}k::\ZRu>>	y-A\'XXW)g%1%i)[1ă\"14	ӐPKs	rEs0\0Ta)![Fu.WMo6a.1-RW}t)|~xB}[<-^=->௸l~m˖six唥a~eA	RT/\\ eBDfՇ`!^E%^v͉N9ޅGcձ.w-h6FDb\0X\rPk>ą6xwZ-ctx7\0[;l\'atuDIs<!M<s0u\\gb#-Sh-dQmG;W^LV\n\n)@(U$Y)	RەΉ7ôTWe*\rV#`Si[1h#W7\n,j@ٖcs2GNfUp\ZoeVWX.L)iC>/\0ډwMCǭ?<04sjXH`$KB7!EZk%:WϣH}ΐٴb\'	}pIy(Y.Z\'ßSq⽧w|M[Ϣ\rŚʡm_!-ҹLC1gdڵReZt޸sw\">Úk=ll%#FF$Cg4ۃcH00\r1>v\n1q:g\"x\\fQgYiRVN<CU*<}K4w\Z2*V60΋i0/\"OS_!ZK$TmU\Z:5,VAWt	.x^G\0UݷO] +\ZP&U 0>e1`9\'˝C*}K{ ZX}\n,	،1BY0		U[%>xf꒑HX+yjTA٭L}i\'d$w2<3_v~2S:9}?ϰe94/YH-}Iy2*(es0ش WtdaFhU6b!a<ҩVkj=}\'3ʑ<h~èz6m\\*@@T{z@\ZIAchAC1ttFfLNq*1S0bL-4*vc\nlM?,3t\n604j7\0UP\n+ 	WԔv@zT&@LU\0\0OPchRaTXY\\㔪yt/	I}\nKu^B_E1*		V6Zׁ}*DBec*.dUȨ5fi\"O-j]-Dvi3f3`dQs\0OXSlڊ%?\'O_wm%56d&jiC%3ĮT`p+❝[HX-Jg\"Lt\r%ՖWAw\0fDQ0!4\"\n+pX$X\n XJjddX\rP|P̬Bx:n\'0A@h0Ap	O샶Oq XU%>T^R:#T%A\0Uh)e[,PD7p;\"AyhOlvN|\ZR^?KkJ %	o?o i1A?0q,7Wb!NR\Z}mR4*0lJҦN0rYm.ҚU9e1&T`z!7\0,+gCŧ|_ylzu-(+DAU&J6~&o)MƴAlJgOWK2FG[Xj.I;o򄡕,k5`tv	}I\0~:alӁTA8,C`18փ\'T$&s?	{<n ߳e4ց7󁎉tM<3Ir=+դ) XB]~F\0%LF+x1Qfe!Dm%gs:o=naԡE@Eg(&J}\0\n֟6X}?UlV\03ޡՐmF0y͙4x\"1r2ASg\"VB\rs0*n2#\0\'!n:I\'}s\"\\fHOf]͜O	\'\'>|W\\8	l8FZ(QXD~oK	Gx|\0煨UrԢ	-C׾:tZdd`4pƁ0x͝p&h6DED˰X[-?-?ٚY\\`UB	D{am [^00ǃ?۝$g\n$\\<@HCԗOGbJϡS\0_Ey?+*+`Zrܝyr*k+\'~3?ՀTA@>H7u}X:xk̄v\0\'\"$s+l*\0\0IDATBPy\"1n61v*)LQ=өִT:-5\0%cgv<=q>űOm%,]U(-DQu>j0!f!8щa䉘.YWѽojAp$=sg뤔tƎL܆8G0~t#a2ȇ`RE`+?2&~04y	85sVz[LNlE}GGJvZE@BqKK$hP+5~~Fw\r^Exju[on\0@+J)|1Ww^kYVAǐ\Zy~#NR.g7^]}o\0V#_>OB,zxǊAs0rJ.ZTLoW37i\0WOZe1#UGZ=Em=3\0633V\n;r.B)yc _kמz([|S\"<\r)%IJ8\"9Ss+еF짅\'K7bނ=!#|X[Q @G|o0ictckgzV&>TW«oFUu(Ѳa0ǠkE4$R\0Q`]\nbi	[}AoÀ!:-g|@)?+W[^uڟ\0- \0x~#-:c2\"\rW\0QTA.zY;xa&u뢟1f\0|D.	TaX7*Y:=b1Hva,W #SS%h%\ZdZ\Z[Kh\'\nh#;..|W~뗿F|	RyQXS܊\\dy%0lR%$`rRf\"\n<3;;s\"Xyxwn[ӓa!.1ǵK@\0*$lJDUPBOVA崤\nf_MU76􄑹;՗\0˱ʓK3dd6tUcN\n]kM1.\0/n0=^hzLBiA_K8u$`b|U~K~~\rdߟ\0Iq<??@_.*i>ޛws?B܏JϘzl<!,+\0	d\nxep#ՓTTh$,\"Q}\nWlk2X>uQe0P{=\r9\n/^W<}G}MPRW9.OɘnnlLNH}L#{u>ЌHdK`/ڒ_ʘ)J$T~I*ۖJdO0G5g`]sB9p.^	j6Ts[OTf؄\Zp |m(ug&o3&=LUMV+AϬo<ĎJ(\0,jM%Tқ%q\Z`,*N@5%\0KL<Qb@<\r*\'+\nk\0)K6}3Iaa+enˈZpYUa8\\B<Y,Dp:NHB\'SfT93x;zk5\nɣaXi07e8\"e\n `L\"ˋоyK16#\n>-	 ަ-b/W2z🬧0$_\ZS;^%@/*6ٜjl&l=A`F,=+W\rtAsß?KQ*v	?)Q&mGj\0,*+*e[TEQm߾\0ϕ>6#bsFcmcT^-o{^Zi_>^\0~⇥Fl֨پPk*$mĬIQ@\'si;\"h;՜;8f?ǤNUC\'dWx~Wxx|7EECrtdzyH.J@ج GTJ(Dau9:w.B!ڷ\ZxgΆDҿ\ZRLO6ʢF\"\"Ce[B۾=Ab7(Dyߨ/XJthY`WOLe؀[Oe\r:z3*yP\r5`!?1LDͭ`b6F&#Ô}?,U7\0@h%te\nrn9F.+V<b[}Te\Zh V5>g$L\0,cxI\'\0KW*E_!XZR!V#&w9U1WGE%uф00b\"j{aNGbd0K4B<S)bgQy3ѝx|5nv]CϚ=\\	\\12Jrq2ʲCRa\"t-ĬJFr<4kT]\rX{\ZilFĒ \nәm[6K!iAQl!`	;>-SON#K\'` 7adE@3\nL|$W:Ox)IX\0¢l	c1gns9b\nqF}dy&	&TK[i	6eH%g*yԬI]dZZ!ZAVAZX-̸-_A\rj\0PTSa^\0p].1\n[;*ms+#QL\"$,Ĭ\0t f2d;9\\1Rj蝵HX7NG~O*?oku,\n\\dg\"8iZ\"\0At&q\'#>oWBώٳ	Kw2qрM\r>#]d=O?؜_x:@G@?V*P)2]H*SJMu%SN5$͊[Ru!S>HMW`VI1Hեђ.`¤ҘwC&oj}+Yǐ吅TdTP\ZrHW8*\n~sai	_;j<VbӶ6z%-qb)?\'%ƻP>3ujԚA?w`le2^\"Y~V~8\03sCMBR]8ÙEz 4 9><\r\n۷_ò\r((Fւ\\df\"-\0\"\0͝HȨAX1V{aɖhZۉU݈ю4Ԓ~DgO[\0`5kގ) p1&X|88l9V,3`b,K\Z\r)=	oX؎K6.-bFLywxb0$e5/@[7X^$ 44KbyI\']}\n%rT`O|1)))eSD\'e\Z$j,K\0tptȥ06YTFQ_	R֣C7CODBYf#lʘ`vYf-쪉UPqJ}H&pTډHk\ngGp}I+{\\;]C׊\Ziy%EEO̴h^{	.<@ێkhڋ{Qյ	;#`.`)ko<\r;Y K&BT=Wn\'zb:#fTAӱ8Z@-C4@k`:)\n)<}#8DVgbY&|1!\"0m2:cS(Fn8QN&Ȏ*L7\n!َ53Tn*RMB(\n)!`]j\0L.7?+;,j$wy;cm܏\0	\nB	aMx;]}\n!%J}xG6pLKPC_Y%Mp?hK?\nL[1sh#.;1o;6b[\'xvxyzk\\1eq	k07sr+W+n9f foy{*@ICS(kڋqsR_9P*ߕ*Bkcf`FMOOY9F`/jc@L_.#5W*$PDBh8Jm2Va-TI5<ꁁ59$Hb$`PŇ(S3cb0)#\'c$A#214\'<6G&(iTSRn/A i?VCyQ,jAz4Yr>K[/kA.<Xv!(hXfY$\nx}W:=T5,(!Xޱtcz5^o	Â	%~Ta_L羙3:Vb!{a\Zډ>OV^!h\0\0\0\0IENDB`','09418528555','b','c'),(1134,'3','Masukat 540','Rasol','Napi','Second Year','0013921540','PNG\r\n\Z\n\0\0\0\rIHDR\0\0\0\0\0\0\0\0\0h\0\0\0gAMA\0\0a\0\0\0	pHYs\0\0\0\0od\0\0IDATx^\\e\\GmNw-3 33$f$f$lt;ޕ[:c>(s2G̘oԢܐl(;8]9\nMVNd2SLeFd)+,Sa*ȧQAD\n\"mm#3&E9aIEyI*	OUaX*ӆs,Yyaʏ@\\Suai\\bǔFf,BRU4QʐLUg<8MաTmh\Z\"2Usi]9(KMQ9\ZyMQjQ[T:bu,|+&@Bi 1OI\ZNhZSrv,Dc\ZE̭*hiIJ[]JڴU+uյHC7v똵:ҭS-:ԯϛyˠN5}6-u@_:}~\Z]uHuq|L߶:hiK3z9K?]߄7S=:5\'xרuh簎t\r`4hI\ZPGv\ZcT\0z(ܶekҧ+$}7*rj7*_y*mQIKʛT %Ѣ\\eelrs`\r`Svx25+M^D6¨\\|H\0$CS0\ranc6)]\n#ҹ6E%ʶ](Ue[r.gh+xՀ[kFt:8`m5:lkfm\0n8\0Ǚ]q/Tw\\zbc)pu H\0\\-C\ZM-Hz)i\"J㙦jMdj2N\Z4]Ш&hgIvvh_y`UC5K뀷WPS56>G4~6\0EDt[p7}D_s}5o8ߢ;N;0oD9\n\0\0<c:1#@O;:4]ޠb楩5+Iaʋ)>`=>ֺu/+ aRJܕV\0>D\r*nWis[THTn֐(x3\ryte\0+B`<(?2QAd2qZ\\9cU\0X@k\0(͏LQn8G\00;i*\ZsnהPkqk:WตJ Z^ROi\0Fs]mq6Ԏۚv\\8Hܗ6ۛP\0	R\0<Z\ngUHTV4\0FQ\nmS\n8pTv`u5GGuuyxYN q]8/;F~T7\0k~9m\Z\03\0w\0<\0C3fxV_M\0>g\\cnw_Sv6kN%T{fbU%mPJmV\n%)x7TEu*i\\6V#NU1𭡯kZ&#kp47͝sq\\66g? 7^!`͏\0`whb.\ZW1m!̕9g\0smQx\nm\nN47c\0]b0[\Z^K\r}.zb`MojԆ۶Q為q`W	ܷ7/J4\\!I+hfV:Nh*N3M&۞ÁwjwYˁ+K^1xz8teX\'B{isǉ\'P`\\ix{}˶雞)ܗ\0Ǝpo0ݓ:sw\\\"1{v7tiE#%\Z(,PGN:&2!:@a\n_#hW܁7H!ʯ	VICʚbT\0lVuī=NyarY>nhQDL$bii*ȞY\\c9\\p_s\\cj\0)7kyLT\Zl6Q98;2@qD;IEȁǕK8T\nĦr%ܘT5jkyt:^S=j ֣:vsAXbjUBD@5k$sis5JHR\r2p\n\rӢjɜZMoLܢ0a\n\"D^ƁɼYж}O}@L\nv2PZ\r=2Nt78o,i2Ntm):>3[өiDyDٙHRYJBmrDkֿ->\02U5D|AU1iKPUKy7^pQ%5d˫p\'(>$A	!J,9\rTLl5ciL,ɠ3b;6pXSv_zHZ\0D\'pmqOǈ#$ྀlprZѷЖy%Ky-\n^[5_\r5H@|L逛u10\\LZQr:.)ԺئXq fu^\nTDZ4^8	\"S@|`xx7śӥvb#ulYH}d#d⣍8I	tω776YmV}w\Z\'6~\'o7vj]M\Z`Y\n\nTǅ)#tSjm6zȴ-ʬH#6PnYS*qުնS%;mYcbWi+EyK)+(2 FQx$()8YAI)J\nJV\Zʠ(KG$[:m\n@\'$(	O8P)GM\rW\Zfm2h\rd:\0GO9\Z\rx2P0X(.\ntB-\0vHaۮX*\Z2Tph@IU9c)h5&3eD67Nv\0p\Zy8\"VU%*\0Z)5SРF͕4jgYvU@`+õsjifG]:Jm+5AD\nۢE@ MDSDA\'iѮn6\0oF*+D=EjPE2F`%z+k}RD6*n\Z	\0O$M`3M>u{QBU`:&ԢHEF)?F1J@ɁIJc;%(i8^\Zg:@/2\r\\s^5-4Q::G+#*182Cc,D؟\rS.<u9ABSPr1-!r,rF\nF*jFjܿR)Dd\nT5p1P{B:P{|&NDE}37xK,`\n\0!\0ƅ-%F81\0eYA`=\\\'h\r32xwo92i\rѓMʧfsd9H8׸7=<po{qa\0cmK=گ}hGSk4VY\"uŲU8Ć)>G_)8HU*Wi}4!%6Ū5^hT3ݵ\rxIS`Zwp\06c|cER\"JM%sNt01́\"p]\\5(ScᮙQk9,NrhC\0{A. \0j.\06scBscT9m3\n]ٮĭx}5oszܷx\0nͅ\rXƥ5ԃ^v60\n4HVLK.+^FQl Jl\'j^qIR;ťq5ggńҏ$0>Is=m1<\\K 6\nW\'\nG6pOuyGu<w4_תV6kZE%^\r^FRrojBk׾)ߐT[\\ᨼB1\Zp[Fm&F+Gۂr9flVp%_:-\nWw˅}XX)OH\0\"FQ\06Rɵ)d\nC~2C~*&)PS\061$pi^:=cH`8sfmk/g`}rcϹ<rm]Lo)\\\0\'8*	Wnm^\0lIL0qo_BpA B\"D1k\0j<TV&\rެ\ZM%fj5WPy QԨ=df*jn.o)@\0Llg\07489(..k\0H/k?`4P].?dDtCSߧ.5ny*q^*,SWNZ3)S-ǤZ׾!wEH༥˼VZц\'9JHq)<MAA	E~[;\\QP_4QVk|PA<Q$rLZkrp&GrPB(%G*)0F!;CE)=w<E\n\'V*6s\0ՔᏋV籅\\_b .ýˀTEWjk7u}S#6)pԙhq8pwKdsxS\n\0.XV&\0٥2 &B x&h@NxWi3@78@(m\"jK.>C\0tlWfs-V4SصI\\Qg3shOuNr|\\pS]l|i_cvQ@ww(֊4ZRAQ>Ȗy$RĄ{+}6}_붾ԭ(TN\r[cƐycUI\\4hےT̬_>qhm+L9UI)nJ\"~\nv0\0ŉi}O@Ѿv(\"cl	\01xm491\rr\0#\"72\'d/9(8МO\rh`L1iD4:H\'er#\nxB^K)^S)elWЩ2p-cG\rQIjXK8p˅q.S,Nlwh{q\\~4)\ZJɧ+xQ%(Lۉ3[y\0_:G\r-f~5h\r`6ǝrh\0>V8\0>D&fȷha hr=ǜm>#ŝO\0I\\w\\qo˻qTj{e4^^\n;۔AQxr]Sf~]+![աʱYQ򖘅qz1*7yIQD6EnQXFWh&E(`=\0Dp\0&\0\"x9xbd17N$G@u\0N$	s\0NQB\0\0<6%4 Q10<\\čyL>#ļQ@l\"Ԣ:n 7͸p [­q81A&6;\\ +бY\0qp<1\\y4ӋHYŚƕdn9h;@OTiG##ж22>o.\r`sb:\0\rju\nCdCM:;B8hQ\\.| nw\n5˺\0ocvԵk{E*\Zqj\rV:ەW@Fl 6%2z$1\r\"2z)\"`y~n7vrݔY¦H6[.\r_ҧu\nΤhK]l7sboPRp,s2>rr_Il\\t2t9rȎ|LgS۹\0`ݤSvP\0L4kM1g g&`䜵N`caJ!*wy+b4(e܁7Sߪo֚+zxZhTds3wD8K?7Nf?3ᴃ8?Ѵ@wC.hztn\nČ:b*w<sfiq@qlڃ\0IVaY;C\\\rޝZMrg;;_KdOKT$!R惑m׶zXJ+A*wT8}ɽ-	QXZ	zSUX#6QH:[塸 eFiQgB)쇻i$Idg.83,EᩲUg܈tyABNsd/T1)*+QoTűr (#kLyL*cUsRJ:Put8t\n:EE4JPY/7+ɿmd#i\"<x5	d#/l\07)s95uy\rN^X> 〛hۀ.hqtbEm\0g/4h\'DbE9Viμ&vE+\'+d{[SӦ=\0i^GpZk5tiO]vմjGu*5]^;ZPJ\r嗨\'+WjLKUYp)زDl&?ZmN[x%(*X*$:7E[D>; .&GS\rzWk?PP&eoT`2mPdVx>\0K1HM\"˯[XoQE[r`Rm>`xU\"nRpƔxB˵GA( :Bm\"#NtM<&i3as(-δYHAت4CTD\ZT\0\\W@WC~`oFk\Zɰ8i4[-6@Dvsׄluɺ@s})Ҝ<6vb>`s\n0!m\':8n;@kZ;أ\0Fye@3ǐ=sD\\/8p8lp&=d&$bTi0bsg~`6Xw;;s<Ϲ3hqA:\0Q[:W*{JJTJ\nuW&x\rh{HݦB(xp3\0Exxk}ZB9$cRȽi[饨l_9LO2pJL|GdHQOmpM6BPtdy-\'9OBHq25\"0/}+L=u]\Z1!-$)8nE[%3f!&F	ӹPx\":T)ˁ\"4@e6f hm\n66K4jmP#AwB>YR:C)\ZI\0H׊14Q)[**4J9_h;T\0%.lit\0W*Y[o> й80\'4%^̛\rj6/\Zbs3[>>P;y&%LUFr*5S^\0/mK`ɼI\Z#!L91J6(x7Gk6MVzESօ}uߒH\0M6~uA8/ZTR7f/pHE%Gk{yo+)*V p0\n\nR,ER_8#oZvf!x8\nDZ+2B$r)l)4\nDmk*-hb˿\0BAfi5ʤ3dk6fy<[[ȨPB-fSM\nB&.T6l6Ȩ;c}m9ezbqݸ|ŢB2-p۲ʘ|\ri0HCŸlk-p\Z\ZK.t4a \'|Mgយ@L7Q8#.|.PQF;jga4h7-o>YTOa\0z\0\'=Rk_L{c\0|\\k jf(u3QC֛YHcJIQc\n#\\-!VbQ1J\r0߬ ڰM}%y/W|\'_9!ylMoයQTikاZ3E0\rI4DfzS\0(67B1YQ%so>ܨOVIqDh)_!	Qı\0YRl`3MpGJx$ض}@ky\\cplny)KX*ק438tTYyL~.f#\\sd+FN+\'V#bk㜩46W;q\\n2XbxA}Kaz_4\n)8/PlO;숂4e@Lk\0gE\n뵻iw]E@SA),diQ6Y+qc}8qE֝!L\ZtlbQ\\%+Nxט1:oSyƵojs_pUoroH>R%1*nVi#e3\073+b}(m\\׃̓Dnbv7I\rd|2(9%NI	8mX\0)=8Q4~,:4hpSC\0ޙ]Dg۩6t0iuC\r`HlT\\ 49ד\\<\'\\ȎK`h\0JU\r0R|+VXvȑ\rdYW^>\\?.6Wh0\\L\0؁P(2ɸYf4]F\\`qq^ˁ8, \0Ļ]{J]`2[p6i6m^G=:h3Wۢ]U<QQЍ\0\\ʸń+7:DplTZoP+VM*,e\n<Z槬 gdQ]⭉G^ceQtbp}c&ifOl>^u\\#JUDy*ľ!8q\0+Q8Sa\0ks&@Nvy]`,l;8	Հvcv\075N\\:פc(3:S.bS \"TLq &TwL3\'هnh K-fQ\0ہ8-@CkEݸR\ZOR-q@,fr-Zv4.n&6PR\0`[ഀkk&UkՁ࣭:vqum\0[ՠZMTi$TLy5-b-MDsrL86\\y1!ʴVhַmsܕQroE0\0#6ĊX\\}GT`\"I\0L?\r`(IFvҲMѡC\']S(\08D)p_?\n:/z\"M\'[#X`Y|p\\`4\r@ZO5\rhP\n!vC]y\'B̙͡3\\Υs,Zer.\r\08וI\r.ͅ.\":R	m)_+\'T1Nl\0~>0n8/wFF;w{\'\"Fd u 6&`ΖW\"w\n=[=\n7l]l];P60쳹_tCnuwen%Z\"/4|uf4QZ2\r\'3W8oZ\ZSU$j\nmJ >nQק6zdUwReW+Ǚ6S^C\"Emʪ:m@[q`\"C\0ZPVEX`EgaU6iŊmZ<Hޞ):|s?-JH\r7X(\Z\'S)#}@س88\0K0\0h]\'r%\0>đs9fuS<LaH/bM	\nCq^`f?3\06ĸv.ǩQKQĕŉH	j@)h6sZm1wĤ-N#<qD h;p6fm#%m ʪ3AfN͊-ia70L{*(lvN<\0^b!A{\0kN\",w{Y&Kk4V\\By3ՖT5&L{(47CaLq^Om|Ql൯Ć<6hU;pݠ4\0vd/8@1١2՛VirЁ?\n\\\08#X	JNRqQzLt\nqǉL\0z\0P\0q<`%v!Z\\lP!	5>59Ĵ\\7f^G&f;ΓO[@*-WI8F,N\"\"\nk#pXG n0W\'V\0rT\"&;жu{L\"L˱blgx(qd3K,-Bd9nl i2FsR/p[X1oͦ,6<M[F4`m+҈\n8n\0vgnPLT.8orSeɉ܋0CƖai(|k5mTR)[5bFg6jMZ|6/y  10>Y7۬e=qsoC?K#p$8)$ě[<^\ns@	\\( EW,3ǅS-8Zb\\;k\rLqM@pϛ[sN0pQ\Z\\9r{.BU3JQ1&.*%GMk\0n&\0/@Ǻ\\؜ٕ3\\ܙqD\0h$B;;fȉrmǁj4m넉gdq_2r@\nb2l؝\'2\0swn[y;S3ԚD\'V&ī,.^nyQǑJ!>){l@&ˮUlRKxmY04;_֌@lxKޓ_z\'mV@+<Gćj:V7We\nցI??\rE)Ydts NH$JhP7\0{vÑQ?-E_t0Q`0`4]1L0wv4p[pZ Ʊ\0mϝ@8(xCyj@t8y\np|bJӜ\0.CQ\n:pE\nTK>6͍8l\0캵kq\'Own%z9g^!@sSN0g(rbk#~㶛BQ2:u\nJ5Ԗ0ӐXG$.OfআzYoTjmXɃk^>J+\rTݴ@D\"}u1[|\rčO;m[Fd*\"Wi\n?\\ܤ7_/^[v}2\'/wb\0T?<=((|.E(*43!8K@b-NXqgNm^P&pb\0 [πdƾ4\\s<g6ǲ8fnv.i@ .Sԑ\r2\"G\0]Gdbל	+(0&.qw\\zS\0ebg]n%ۉ&g[&w7&JX|8imkmhLN^RBr7\Z/րf3\0\rid\n\n8:|,C>ݔ>OfZCB!D\0[Z\nJ̣\n@EĈwy~3nS:YM%Ka\nMW`|]A/RE1Ҏ1ksX|-9O}EPJp\\R DhOdVxM\0p[:ǋVx @~@m_%a	 \rnndq81\'jvAv q\"qbǍ9xlvys\06QR\ZHTUdrq\nTv#6n¡[\0\ru+:b$%9nlN<IByNȥÅѨj9@ld[V_9ǵxg9qHtg咓\"l9-;Y\\2\'.Q\rd;3[!%Eui܊RRRGo7;7wۻB7)*]IEJFy5[G]Ks׶eZ<cqdw%)0ՓKQoz靏\Z[jۢf5jEOC;v~\0A\".\03.@;C<录N\0w v)x\r32\'6:W1(\nqX #f3̝\rdǥ2qA	@smBhQ\nךRytLg<gl|F:c\r(Qne\0l WGƐ-Gr\0qt6Dr q8Q;ٱ+>A=5R4LdzˡȳBϵ^x,@>\"HS9%\0\\WirD+M4_is\0nFLA;QLaXZ,1x7\'OD9QOέNV[N\\(\"cY7;*HJ!&x[QuxD9*&SeJR:4PQK{3#}G18o\rm[!@uG6y5רF4krlX~qZՉÚ#M**S|pa K%)ȞD8@\nu۠@d-hBpp\\8<^ѡ	qm1D-Ѡ79\n\\s$;K<O2m*@e8к6pxk*\r+\"rvf%U|[f٥5DrtbbĨƫ3>Q]	I\0ĉDdibi ٜSq<pE^F&s7pqJӅ5\Z0;jm\rٶP\naXE%\Zެlui)j\0*-P/Tk\0ޜH:~Mv9o:xVeZBҶ(2f}LMBռǶ!R^U~oj[rb{77y\nbߊbXV}MPPzqݑRW۴\0wE\"7[M%\\@ۍ*IankN~T8qy&J\ZN@Q_8\ZТ7bC)5a;69̶mBٜ2h(	x|2@ttqm3.i(7Al0K(ZKQYx28HD&mZ:EE!&J18ripx\\81Nri:9\r)pl\rgj4qMP\\Q5	Pgpי\Z2-XI-\'u\\pG)lv!HyB-Ȑִd.nE(YCgWJub]k½QeZ\rmsSW:J\rSF]Wj{Wnѫ\nq哰/\\OQ_x^}>XpFzիY#}{`_?.уGUWܫqg.xQp<kwSx\"/,[J Z%2]bPg09c= gnT\\\rV\'Eh@@tL@lh%O^ϛD\'Hf?)\ZIa6?gq58V\\+$<T!8q\0p\0.Zsu81 p\0.\0܁:]Iw@l2h -S#Y\Z|MiE8q1N\\TRYLp2gFas\\7Z59sP2ԘxU%ƨ,>REܼh3*OaVya\"6ӰU~(=Vc+1~\ryǮRX%N\0NQJu5-~I6=my66h7ɏ6Tm^p^|oYjkhǻ}_}vX_St>]_a\0oVHEY6mVX\0RL\'N{\0bphrl^n\'&RxnU7\'E7\0Ȟ*\nE\\4\0Ƅ\n< 49@lnoqqsK\0V\0cTDq}\Z#8X3:\\CeɁ8P@^\nTs*@QD(@qnm ı.NNuKIwLPFh90Nȅ@[\0=U\\J9V{h@GpꑂBܶvumijJKR}*ZR*ɼ%ʏ2p\"00>gnt&gѐ:nT77-!\0Fg@fRFt(qÔZANX+z;更	;>Hz\rzk91:ؠNLukjzB\'O_W\r?E;kpKCcMhoQDdNk-\ng\'lUh\"\'фX>6FrI@qފQ&\\x5j:LOA\0E|\0`W&7\Zpx}x,@mk\\Pm	V3Ju\0^Q8\\z8H\r`S.`r,K#BT(؁8_ESjد`७ƘĈF\"EU}}[|:MԝrpK15nC|\'2PX⸅,,\\Z`/H.\Z3is8֋ԁf`[縮04\'	a|6y~^CX-nkͦ7#HKe!\0F(4ԙ[1ؐs~1nZ	[j?\'K#M\ZLfwN/X#?i~ל\':=Ѩ\nV~8lHqPSEnKk\0\'y)*x@Vfm]7.ǍKq oFp(CC\"BxUm>fX1\r^Y\0\\9n<.h*(Rn6NiJqQf4k&Ȳ\0(a/cW`⸹q/o2ܪTJv߮ck(ŒP	<	H\'5UdL\rxh;VxcEvq͈A\rf\0*DEyqԓYj!6unUR*}g0.YpSqg^5\\-vb{Z-}uxW~\\H\"rr9\0;\0i[!#m\'^y}ȽM/\\~^lVvi1@kh{Ʒhn眾hIjj~\\my;GE;ئM܅hudnՇlSxVEb2!dZ}m|+8tsc(19)pmE\Z=)d0DQvf\ZϑD˱,vm\"C\\r#(ą:23\0,B%q`l\\rd2d1dәrB䩜`\\H\',g*Q*c5\rV=)!B	8/tkbړՙDe4\ro^& fj8Gi]ma\Z#\ZUq!`u+Vo~x֬45%6׾li?Ȑ	|ą`>Ǡ\ry{rmrmjՖцᦗBAiS6~>Sc,ġZ\rS5\'E~CJ7>]]5UP1N,wԯ\'ҏwwYS\'mX=egb\\|7\nMa)8qpH[dl/Dȍb6):Gi\'yPUwTٕUV䪦@US`*iU;P5yXl;mHZMj\Z,RP9PPmmEjGuَj*UQҼ$*hQ?{W-׊7^\'Ox^}Y>|]?zmuE3fP1G\".PUC\'ل7#VDdd\rhpE\Z+xAl\Z)L,mgi0!\\y0xs4X\0\'/]=Hd1B-SJ*^:i4EZ71˛ŨFd\rؤ@?YmhGZ}->\\_6}D`c,bF`\"mB\0*j3>硍oXW>Z5*k.TTg527{?/?ݧzuN֪}\ZUq5*SHrT8Ex[X̋68uBŶJ>>\"+7@QY[DbO&ez+*FS-(V e 9ۍc@厚\'2Q\ZNUkNUj^^88ꙫU|w6h`goV3o;yJj/QEKrKm]~7_~Qy&~[tuM7-^;nZKG/~c<?VRJ\rjjIUkS[s4Кh\"aۋ5LLhh-[z&\n4Qj9VC1WUy\ZHyBWi.%`IՑߧc4fo*&E\'2ZԢP$q6+<\Z^ڴCZÕWΪ-yƯSP7X\0o,78P~p*RpKvm\"6%6j^x6xԁwx07GߎoԩLƫ:^I8vVuDW\\-\"`{#\r\n![`C؏+td G+2Ƚ7ՆWl,WpRx:GͶ\'L5\0*vfuL70\rhmAzlV\r1wWzv66ZN+>Emԓ%<<;nK7_stJG\\|j]sUt套ګ.׵7_X;AOXC\'ޤl*ArBc3oMլ9^]vl]ڃڳCɹ1פ͚iB͚jDfBGy*kT8}tF\nCYj\nUYXgF+ȕGMN\r0mP CZJGZ]}-y}G_fŰEx}UhK&y&bdL>	.O\\=Spz}Jm\rRu{yOc;tq?CsOO溘H5RUmhC8EX=$PQA2dnSXmCo2|+\0\'S<f%oZ\'Q\0xCͣp\nMl7-j؎v\0aig;P+jqԷ]s>l/rVn\rо.if{G}nSWH>]6UY_t.?\n]~<Z]y!ǀ5}\rt~Z|ϵkww{\n? .fMkVov]}[{h=ޫ~Ʊ.]lw:}Mh1:Q:ġVidWm)nr6GGBDFU6g6UU*UjAs#g$?C7kZ\nwS\'\0ItSX6ɭ\nPikzm(\\7ɝ)8yQ\'t\'6|F._-QkPD\'#d&w7_;Jo߽gH#Op5vmFSF0agk_@Y\rP䝸*\'N!dSs<Uࡈ\\S]?\'t.[H%ߔ>\"qknU+ۊ&Z>Պ\Z։vjz@loW\'vg;ڀX;Sk\Zlo7\0vܮsG_T?,yVp.F]yMt>^p%uE7je7R`\" k^W_XW^~j]u-_.ÕJrOΎ[h6Lm?ҡG;wk79٭}i?{WOkhv}c:X򜇛PFjxwvTs\ZaQCP7Pd3C%mioJVv}Rz	%Q(#j<*xDp^rE>.S/ƶ&#@#V2zm^\"So-_WOl(V	>+3o~+?Ϛ;S݌NNnj,)\n(	ݣ5RoU;LX)d*Ht|z`E[6\\-Rl\'9۔QCt UStըq0J\\s8=oͥ)%ߘgm&\\85A\\ԿmF}^xpBF GwWg?-#ŋѕWޢY}.6z]-VE^_ϹJs.:R]z+teźx5[t}K^TbvThr_sG\0p=OhpO|\Z?ǉўS=uG:4;ڮi:fEU>ĳj/VP.Kz2Tԙ\0nh%VDR	B|ɹ^NI(jlܷ­WQe\n`E2]xQ{YXGλ^o^+ !F6;8ݣwnNXlqk16+F[*p;_Xo*TF|(WA{ۉCZ.d>xUm|J>.이Ni㴦0~\0쯂,U\rP9\00>ڠFGMo:&	{m^sPNE=8rn~^r/mמ.UIUzUzUzUz%暻t7хke.&ޤWݦ+.A#_\"u/׹g_νH^x	ס.W^[nUwyxqKʤ-F\0n9[q6>A=EL\0ʽ.@\0l41v?{q=p#hhOzw0Z>Sj(UH>#QTԝ\0nIPz}#_3bD+8h=OHlhsp$\nD.Ӧur&rl!vS;qrѧʏUDH!}ghߜ~_/?A;FKl@QoQCd_Geån ngDnV\\JmY\r{zePFlBl\"ɿ\nǰ\"\'\r\07lhE:㸨{QsqkܗcĈ.\0ET>>ޤD===zOWuO[M7>뒋p.{7KnuWݡWަ+-B?wE@|!_s\0~~>|#_t)tuu7nԝw8Qeg&gZq_\0>I8+/tkKbNw|9@AɎvi;z@F5k`A\\\06M1Yz`JzUؕ8e4(&R	Ua+@h=*,Pڰ}]Qu6Z7_1AZMYe[71:\'~\0h;Qx B\rRR(dV5uP?ĝ7x{p:}mcAy5Zޙ[MtkE~JRx&:m9D	$KF<րRQO0wNSMﴹ/@.D37wA;{ȽA&\"w!(-Ƚ>2pX[o^K/ҥ鞻_ֽw/\r?G~|q.u\\N]}m[t	|EW/9y_ǹ%N|>/>k/W\\뮿N7t^-}1{5}l!⾧]pZK\0OA_.[{+il`->Y.ݎov\\7<o,Tx>f8Wem	lUJl\0W\0p1\"KY\ny\r^S\0sy?~WCVhsl7yoYm[k\\NӤ.ugȼp;몍\0LmKx].\\dnq}Sl1 3▔WkQ($n&ATe;};TЙX/I#20hmz}mdZlwPul\'>\0ń3k\0&Fq`%s`\n4Գ|fuVY9ze垥zbzzvStmK,gt\r7=kK^p.<\Z\\2LB98/l_5\'_Bwy~!J2F9p v\0i\'v@W=1lip>\'FkzbE\nLDjrT32>ǢTu$*=AiQJP\\\0Ế\nB湞\nγm/mYRH7ڊ\\#\nOW*,3J}s\Zٯ!>~j	~c5\n35j2xmx[hvz\'k9J&\0n|]}Eg*\"[ᮔ@5\0fJER\09lwm7沎A۾\ZVzfv9;ȷ\0\0{{5=8p&r]mZۗ,%*<gW^\\\"[Gwn;\0fԹD:Ggs:=ggq~\0Ede=\\9:su[ӽݮǞz@d!F#ځ@/{^>`s\0;O\01<GN8Ԫa+vT\0@S\0<,/MQv{қcRj\n(38O9\'Jl\\U!|6Ef[8xp\"&mޭy{kU]?y@_a}S}:I\r\'+ac7ȶ%/CpSuWe]`mi!:\Zf--\"uhnCLy;a*diF=Uvֆ3BL81ñ9N)֞#gwi̅w6#O{SnK٬~nq=Z2݇yD\'u-O!Ս7</nBīɹgg?׿/o?c?~I@@:ls?G^r2z5*8i&T-,\0/\0ضթ߸`>M?rE@n\"qB.kF\rVww9TmjڞlUd8\0*;ih%\'TG8\0ur|\\mԊ1p9mZwxy\'xP8͕UVߧگs}>z25\0mØ\0.QP\Z8QeaAdz&_ixa\05VALspMKCGWU^k)Z㶳ukP\\#m#.pOL wBrNKLpdڍ6Wdem=3{f_ݶwPp>G]7C}o߰zsǠbkkWtߝzյz+̓^5ު/E睷X\\r.zq/!^\0ggϿ́\0>K?;/pi\0>|Y< tkk7hַx5{lΓĉS0\"DK|`{?@\nOwn\0wjDn>y5Qq%9Wf?]Ĉ܎$7QE898<ĉ\0lQy&mֺ%8f68)dyŻik^_Y:6c#<6A\"_p*C%:@YXf&n~֦}rq렫3nꁻޙ&YZD/LU|e0)HC[gq9*\ZuS|-kwf-ڭ_l33V@ϵ\"s.:s.%6,8o?!P¸k/ۦ.Jc0Qy{+/?k7饧W7ВwtՏKmoELvn~]rDȴ@?%\\\0>9CD	\'Fed+̅=l{Yt\'?Rv~}r	N{OOxA=ȻOw;2w4]\0OmfT*w<_gV\0lj$_\0NQ0\0QTi3UL_=呰I7j\Zb iR(5Soު8袰uvavc\Z,puoVp	n8qΆ,2m#:8iw\0tvG*(,TD)\"?hQ;w;;xv0;g8;f9;owvlc6}0GT\0̾\rrn0-{_/^Q_ݢ\'Dy|.1\0\rwXotKn/pٹ+onKl0\0E_LL{YDG.DPЙù_\'~.tjk\ZS\'ZxՅ>5ڊ.{wnvrF*\nW9L\'sU3a\"@\nJkv q@\n9o|ӽ楀tAo@-N MNAhFۢκ`{̨>SZBy_*zTW䨆8\\p6-؀AR5qϢ0qDW?8q ViQr]Ix%*28plkĺIށO7\";pW)fx!s`SϼNz-F\0p?\0rfՏ8v\0@SHںrM=K^M7JF]W8/\'\\\nE\05w%>XvY\0K5l[T wMϾЙBKuE_. ƅ/8l].8,Z|ez{Tc\ruOqb\0vo!pl7vqN4ۏkd\r\0W{*p/\\Bn\"KC*ORAorym|Vą)!B#?\ry\nN5n	]\0\'oO*q\"q\r\\[\"7jZ	*0zQ-([ھbGu\0EJh!,>^pakvr@9\\sNR7.pq9s]m\'OxwdCCZyb/vq=`slk͑pwk1@;Ю!F4<7h{}`{kkGtuwr~;_ӿ9\0<5〛w6J䂋t	/NW\\|J]{U+tk֭7^[.8q8_|6yuߍ\n]AUMsMN09_\'nC{ZngV\"D#^ck(-{*ȋ\04gr4]%)Ĉdu%*#TC >\\pHE3}\r5r#Jn6N앴	m9\0oY)M}>\\2>g32rTɼyn,umE\'kp6q9`gw̽<D\r\rn2\0VzB}52\\\rjHO2pxw\0o.LD\0nn6\Zj\r`gha1bDvwl\rab\Z?{GјiԶwS֧j> HW^q]z:{xză`w\Z;Gˀ\"]^}kubru㦛ͺ[tϭ[oѝ7ߤnI~y{mt%)EX?[_vn\Z=ΓWrIRJҕQ|ܚ,7l_ʮbU +t0Z7oQSUj^yX!l.AnLrpʆS\0,悓kG(\".t\0N}RrKZMX-.bVl{׫fH}VO86વ@׀s6\rZ@svwgUقv;f^SΖm.{\'ZZ$1d7;\0[uBl%\0-i$[D0G_\0f&Ĉ.}9u*2b9uv*uwa! 	xsYg6Uk\\XV)OPp]_\n2y?65¢9A{_ynZ}Ӎu롻ԃwߡCw8s]nGF]lōzz/<Ro,;c8-[\'Ids>ژ7&q,V˷k؜n	Z1Z-ø&H+7\"D8AܿϮqtUVzs$.l\0*Ov#\". Cl]V9n랰J+*mK\\A.^+9j\rUؕyթgQ}b\Z\0Πda:X-iM\\kYnrnp؊jpb낔P2u{-68n ;P\'CI8`wP͙)dc%RH[81r`HG4v`Th䀁Jd@ö\0a\r]9-n-xҭzbf{:Fw>\Z\\R`.H]v3ư7kz޻z{tz{ؾKO,KKn=\nmy;y{ݸͺtds%瞧/T|m_o\ZI[R|s>ݔ-)-qέU2f[&i\\	`]YwW蝏}\'&yaT\02Ut8Iqr\0A`E([ay\0Sŭ\">\0m\n 6-8.)]o٤t\nZuL4^FbAu##0k7:0?\\k^@m \'>\0q;k{(EQ~n@VQO:E\0]my{i\0Vv 6>\05βqZޝ<ρv\0#;rxTcaAb:4	c\Z亼m쐏o^zC7q[{FX\\}Z-^|nbxV}}\0h[/wqڧNkSKS#wߪp~> sܠW\\D/DW\\x_~-~*WVU\rͪilUU}*ZTVݨf6kZUVծ.U:iUZydzgxL%ICVp~{\'#*\ZS^O\\!^8¡>b}\0^lk[ǀ	bMlAڊtڭ_\nzVMŘ-AU=j`Y`PkZ+\0MG0xmܡCؼZ/b꼕P㧪l\nVD<5{۰߿=o3зV32PY	j۷吽lqcؑ	đ6\0u0+OجFMiGէ[^~zq#ڕݧ+.@7.m7=g]o{y=3?=OO?{k}@O?|A=ntyn=z\nhZr0ߡ݁1ãwݪGtsǗ:z{p[uUW+ܫt覫nԭܯ^TGG?_~oNwl{\n}~Z_\\_<N=V?~+?57>XyݕK%DF޿:\rǩ3*`%75)Px8Y|R68\0\Z	m\'NtGڢזQXAZ80jPE!Ձxbq3]rOUGWߓKVukµ&݊=xQl=X@5)vyKηM}60wZM=~˴;zhBcvmM9*9MVb]?ulZfqiyF\rr듛o^za+E[G_sK[/fL\rO.KEKҋO<_/={>==zN @|z6[O\0/߯GEnQ7]sA]wq9]yJ+滯~ZO_A՟i֟OVTj2rΚP[\r\Zg\\T\0pZr0Ĉx*PE-^uWE._Fa}\n̞dal1\"lXNj9rZM.@{L7/:mRWU}k1ȀD\"`鴮:u!xոoҫ@K<xldWg\0(\Z/׍^\0Z\r 1Xgrg;4}|^\'vjnGs\'vkyc̱<<;Y9m޽\0ܤwSG{V+?X-:5d\rtc\'Zzӏ\00>~?\0߫X2CKn]@c{3bɇ<o7ނН7A~\\O<\Zt}^\n7栾ᘾ3OW?¿2}ytA)!Gɕzo}ڡBgaZFJ>u*Tێ<5ef#b9Lph\0O^#\0ƁR9\01ܣ5\\節)\05\nypzb};+]y(_=EƁ-B4hjej+Qg\nn\0߇XSJ\"DR;VtZX{*F}#^7ȦpnM#\0)yGSwfN8_sdǦg;5{r\'8n%!zջVEx[ycxũ0\\-P\rTuڨ².u[g5lz/_ F̦gܦ\rRѻ\\(~c\0CN~.2ԝܥ%=Z$|Z}9_Щow_7g~=~<~}Txo(aN99l,#zol}hgs:Lt$WNWZXK^en2-0@1%!\nHۂӮ\"/wu90\'Ec\n=HwmeQؙوI2po>mڧ+gQew*;pޞ.N[⸰-1[m¹3Gl[8p5k,4VU+O)pyqorAk~_#Ls=*#[Gnǁ}w\0NGӟq;Hi \0\'ܫ)@=SYٮ-]/-}u=5fIPgvVGN5ePNDb3!X[?/+d_/? Ċq/=3ÍGOkwܢ)\nG\'OY2>Hx@\0wR~yG);=3:՜N\0vӷ{w@>}>`>oO[ϪRYmYl*ղ-z{J9U1\n2}rjƁ\'3T6Dew)-ت`)n\\PCS\Z7y%Y:Q\0\\=nO{yiSKC`3&Zr`.t~즊[r:U5ݭmmuӢk^ݸndg5N|]blv<5 M{\rsw7ev\\F6`AwnX$λ,vuю/h}_3u4\r䓧vhn6h[6l{o	}ᷴ*QCҷ-ʜUà<9Ni[j/g굥:оÀO,\r{9#?t߮gÁ\r{n{nG－v<grO=G<@N~ܷӁ#:͉\0/Y=0_D׻{p=:.fPFS(o?wfa:U9[ZYS*MdgMDz[,\0G0\0l8ۜ\"fV =(^sߟb9\'ڦM^ZUEށMꞩS=;(*[@p@3`5\Zn\\ƩƩg[FF2FU=]@˰?p\'/lS4q@vq\'Z=}Ǐ:\0.w/{@<diw.<KܜxA/6m\nksCo땥oW:_\r)#KSIl+9AkZzSz퉇!21Ň/8\0S=K6??aܝ;oqmV\'+\0ʳO#s?z\'h:9x\npgsh^%ov+k\\d-nl.%<=ef(\0#)TؖR%\0.R|\0nhLfb,S\08A-JāI\\/RHBp[|}q2ĉe@l\0?{FmڪlV~=6ӹj\n9Jjr֡z\03vHsF3M\Zٮ=Li\rR%PpqUs#N;q=qbBƍm\0Q5\\nS\Zax\')f(,Z^]_qE}\0N&lثܦ>\05_!G}eV)\'P8tqT#ZS\rQ[믭nջ=q^\'ur\\^\" тH\nUˏ,qA佷QLzf,xO>~q/>w^}Yo2Pjt䨎~1_MnV\'w\064_GOj?9\0Mvf¹psZ$jRo\'ֹ͌|5!T9u\'+5^\rъRtY\"B|gcCTa)ܬ\0\'``v\'},N|x&dq\02mv`&rhBd_\rLkhU4sO6;Q|3C4Zr®xW,&r;ytqMAG\';g{1rƜ#DC3m \rhw|{P;>9\0qvw|~ˣ{-YZٳHoq^\\)_\0NP5E![n+h^qs\0~Gx,aA}G:/?LQJq\neb	@~~~=\0Jx\0įzCoxeYLN	:]Gױ/a;şC|<㞑2V6dREUnHr*S22p2[oi<KÙMJi$FD+<Bš0s*\0+\0[Oצ8CZ%/#K٨l\rR\r5qq[qW,i.Hی6S_aqC\\\n6_LqgLPz(-b B	fGpޣ ɣ:anۍ6=\\b35ۏ[oVv}ć_/kG+Y8#C}Zw_[O˞Y.~JNUO9V~kKr6~B:ܗ~AO>#Oȉ.ǉ{mnqߧiW#<^\'FI|x\0kziGtS\rW*;#B;v9ЉI>1yGOi@Gҥl:CGOLqܚ,1BoWju3пqj9n{\'rY*T^Ƿ$*6N	U1*\00\0vAS~A\0ɿ[ckK4qn/Ǡh֑7i[[Q9\r\Z\0&n#J4:@8ls8р*VncL(;׮\ZMnZo\0P8JEid^c}\r`[i\r37)\\p;8\r^dwҜufmOYmp>jϷǵϴcQ35vƣ{/_\nok_XqɊ\Z-qoW_\"=BG[?^O_}U% ΐ\0AF	`9kK@]uwRYk7:6}fȋOE|p|M~e[L[7͇)&|E=\"=s_OԱ\n?9lZM\\۞xS^[ؒ(\0.Wbu`!ya螠\ZV@\n{3ۑd%+:V1%\n7x-ʑ\0ۮu57Gݸda)nE[=PBת]\Zӡ! /rڷ0%dd[e0X&d9Zf\rͶy[we[fz9Z\rL5it]Қ8N\0LwxD	\0<b)ۭ}b\0\0q-b23x8wжSq\rڹzxOP;}ߜ@i߷\'\0A3;QD\r)*FqwD+^^5\nM	ٖ*ǔ)-,KQ^Q8f~}Kz\'ӏSO8z}A3|Q d ~3q#~\'vILx3էx>;rV>|u\"zn:}ꕻؾs)y%\0Qtٞq=~>TG;s.E[Fsm\r}UIV8}ܷ5[f(&T9\n8p~O:L\0d.\\7qpE%<6\0rm&:lMD-鴭+VEo[^xs]#d֑yhur4k%#5z\nFotډFM+s\roEn~Om\';4M_dA>5A\0	#qa+ڦhmmS anTlņ#vb\'y^8g{5{ʦȎ>sp|{J~R~Ծ9~wiMB!q?*y×\0j.WԦhERޒ*U&$MQeKFomq^dxvO=\0	MoI$xkAE-%&?v\ruuWѣܬ[7^Њ^wԳܯg@I~zn֣{*;:B BrtČ>;<:e*)Co+*$3\\=p8\"D,b#f(ўԦD%!+U:\"DTIK呸Q[m1Orm\0Ķm3G_jEcɯ{);߀eנ6-m{[F$yB\Z7#\\m_i&Z\0^<l?@Ǜ3i\'ycdirsǏiH>e7!\0^͟:Dsy\\w\'pS:ouW__o8;\0W	[{P\"P@ܤ5oϧ~\n_&\\\\]r\0nPnd=s_/<?O>\'z)@\"Z\r<m-JCY[ry_un|]yk.ңޤמy#>^}J{Qk>|K<8^W<~L=Vsn~_w46AC}6Ŕ֐ҵ/V.TP\\־:SRᓁ(*F3p4pEKW\0\nyA\n&:5\0\'oؕb?`0@o#;K-c3fM[>#hQ}CѥPudq2PIVa\Z3DAۧɽ\Z5UĎE]VpƎ13`4E?Nv9m?9m3\rx~apwsi~r!\\v~uZоo\n5 ?~ @-~v}VV	V6Gj{a[8ENUZ\0\nPgB6kV|y\"3zgOȴl3zi;^{@~Z]wsYZ|ѹKtP?KxG)+O߫7_xT~^Sz\\g4Gh=wx#P/NRfcO}^7XJ1WԸ=B.Gcwr{ޖoO!\0B噲	^@kn歉c[od(H_zGf2r].5L;o?j?nNojS\n:&Vwh|wFwuU؝#]f-mP~{=XpY\'ySyjGs\'y\'mqa\r:vp\r^w<~n |5;o:o7ڋKA\r]TcY֭@eO_Ô❤̀l ^hw셗pSwAoҾ̋Z Zwާ{A/HWB7\\znuUz,ғ&@%z)њʷЫ=xdx)+ؼZ\Z5x=gvd.u*!SCb\nGzwTćBpn%WQĥ(+\08B3S6rg`G+<S7+\Zd-	.x[q-1O7zSw/\n^͟vuc71vYNk_w~Nʾi1V6jxhmJͦzƀv\"Y}m\ZҢH咃WS;4ɛd3ĀĆqHSGg\\|xƙuy[ݏS!>{<\r7::دա_9N{7?]JRJ\'?@mhB7*jc 8P	nQ%z&(p-[RD\nn<>3?j=۾#O52оz!oӍ_u9W^pnj}ukM;nsߣW~(-׼[/?y)Z6|LOڈ3%}ujCڋ09Ȩx8t1\n*.KC.B\\!k?P<5حlmt\0.LVVWcdʨ	SlU\"˝%,{oq\0ޖ\0	+!\\@om]KrZ-.4wjL\r\ZUKAf%&/8ki5F6h_UpD/`moUtkc{5_,>v%m`\0ći^ۢs\'[%NvE+6̉=\0c/W.{ :D?:\ru؟y+<:Bn+6+jkb(nK2|Tt%yӭZ2}<>I}\0]WpW^+RP=G%><ybA=|][u%s/5\\ȗ+ѭW\\ltJ-fɭzѻ\">zOhH?KKWܨ\'nU\'hvOD=8%&\ZUFeSdjkx^[jP<:w&Fs9pk5Zkz`n\'c(g{	Ik\0x%Sm80 \rb(kO_vؠ_wc\Z:z\Z\n:\n:x;\0vki׮8ybT{NiQAgb	\0Lf{MOL3\0l<K0Pg8:\\ׂ1Νo7!r;8\0[?8r\\w F\'{;%s90|W]?Zܡ\0Uw)_nde*\'(Mޱ\n]-~8O>O^|#zGhҗ<ezPOr^|nrkuW\r-5__rz\'tg+/JO{z6=|ޠWaZKz[荷%ݗ_V}sfvv59G;(Zv2{iAOC>0vX&E\\j]:4Y\nmjn[\0;x*]5\0l_Z%+6XAma{%ZDƞn#Z@ڷm.xk}[c<7kYMeeĠofK߁đqU\\\n;IN\"gXi3GvLw<wG+^;[\\3OkڎZg9`Y\nj}{bD\\K4wˁw7kϷD	5->#2Տȇ\roڽW~W6+<˛h\nHV{{hÛj/M\\{қ#ݪŷГOrmu	:Y|%oz\n7]X7]X_u^]|-l1Q=}σ풋+m]7[?ym^ּ_|\0~Lkc_kp߯pw<0;?@%ޮ,էP@%pVze`čSLS}s0p\0T\\Mb(<]ynU-IZ89\"E\n5rǕq-kaz(Y~6L1z3t7Cg1U&?yZmK=8|s:~SϿ}|~w\\\")e_w\'[NO;[6K1ȶ\nVw߆l>Haw|7Nn!|s|9{Gq8_E%V5\0}{wݧKQYՊWwO-̑9p[]_^7{M߲DKp;.V_xn=\nsbw\r7Q?yݝZ.=vzu7o]8m\\[ο^q{|P}.9J]w{nu[>umzq;,\ZcW-ӦO>t:c7غ㧵y\nM2Ft8i|9;9sٔ)t*Tk|}<IE<pǎbpYjT-׊Jv;ͅj]	%\n)T`;.zep`\Z垼F^߉pV~C-ݕXG7qo8`\0mǫ<Q|K㌚3MաуONwB?:zz/]:(+Zyi\0[upE<t \0;rC7xpiQđO\ZDS4o&\Z??~\\ȿW`8j?(,%W9j/lTnhF*zCVhۛoMޠ+ϻ\\W}\0+v?RrΕkuPwuz[U+oWޢ{/3xm-/1n1ǹ8_gYuWkW;or]zzr	;\0~6~OV}}PKo_/<4E84shjzтi@ը,e4p|\\b2JD8pT>>D\"K?P\Z@	!	I!$݈NpwkwygzYw={x>N:\'9Z{=BVlb!2hOjwZEh^fh-IQIx`-	,5vfZ,זa>aC3xoWpYf?<IkdqR0m՗\n|S	C}сSȗ襃8z i]!q=z{h0?n1Lk7?DVܗP Kw{L>|BKVBx_&t~7?~G	g>_! ?OăRV؀(%Oܰ;l2<C0t7;3\Zw;gR1,)0J`9\0TLetB;~K5B5sc0x8+``&e2S͡@0~J঍ǜi 39ip	ض\r7í\'Uܕ	R⡌}u^xbV\\%p-e`zM}e:q#T_Yg?˘-ņ3;9\ZwF%LUBVkϧҊeiJ<zt䵤#q&\nJ^%ud}~OL>;[o.Sgd(,9cc|}?;|}8za?_؇C}8zq?]:D>?h=Ừ,3Q[Iܴ6`iJO;p}{Wqݫj/_|j,_xx\'L^|G%>ۿo7|?ś¹CݏGBv,.(	𛂖JT$ ka:OZOgw9?\0}-ƈ\nlFa?|	>N}Y{`/&8o_cH_G Wz_sv@ySq3x\Zbd>J_M8|\Z-Isga/šn=Bݤ.TA%nK>ϗP7pdf\\^2ăT5LV]\nkO`F,9HOkhQLJr\Z^Ko2\0=ɧZ2PTWR\Z-<6.3ߺ	ڳ%|⇿Jh?{v`BxPN»ʲ2͈\0%;؇[o	=\nARbIҮ\ZdBV\n\r`پ\\:1\'2=<xէ4o~~ۿ\'>\'<Kl]\'vK5`sfz)qYHHX͏`6,\0f61ae1b:Z9ٍa0L*NAߟ3]I\rq(/oe	TR)#aa\nI#}0y/@g$Enա1	̱cpF\\|ǧ!Z-B7;γkX=RJ,ü<eT]*/=`5]b%\n:+K|VjƲQDIt\\H$s>,YGQ@ A|pjuH&Ȓq(j(DTr\nq5ţϮ`pY?2Bࣛx7xJ6.߿#`߹=}vvL`m8|^k)\\߃̗M4m&p;A<~ݏo;\\pbi2\'Nk,J;j.U\nO,?ƻ}K?O+>+Z~#oOP.36UEp1h.A^L*f-B93Y/&M5=~6\0@p(wA3AvC\0!50=(|1]葝	 zzc2cDL\nbJ4]\n\\~T\0̞IYHG-y^k;%\'xAEPd IVkFV̈\rǛ=|w\0˽x7vujB[{\r+O.ƒ#\rh9Pjд\0W*xU`.ި)-f(4mmʹdn!2>s3*N?G_CZsO*kǟb_\'Gn+{pJ쿸efYYVq	<y,qvBv2ae(5zk7[	3Qj\'U+nNa5qKe,%\Zjb7RܞCV/2#KW~?\ZO7(lk^q5T9I\nFԈX,>j8HJ	#;5!NnvF!xFLA<h\rFy>8\\WKե2O S`Jp \'j\nI#4\'R\'#=o\nrEȈ]c#35\Z6\ZA5&jg@ǃcܗc8{o\r[`F\\	p}^}WTUxCxh:,޸UR 	oZwKwtd`*,ז%\"\"5\r9H(Ĭ$\\xv=?8cP8xMb]i1d{Lxzyi;ځ^E\'qnBvQL\n	E+DW\nP\0fqPe,5I\nYk^A*Ͽݠ߾k\\YK*O~1^5^5	CiTEc(k-C*رɳ&-%I9ȎKCVLrQZQD\0}mPx;!Tё޴=1stA ;S0#Pz2rhO]F&f|-CC>:sƄbF0c`5~\'	2\'\0g$c	Ǿ*qA\\TWH\\ܾcdH~\\/۱\"4ns;@=ޢUm2|rڇvlЊ5gZBmS}д[#G?\n܎moXu\'Sye*d/`MKrY1I{Yv\0ڇ7w 	G{ضs\nM? 7/<5ۚS8 \re-9$CTWև\Z79z +,-#:iJW	*_frw1\ni7*5N*Eɒ|,рays=PQjܚOZu6]Ak,@KC#0aȌbBJP>>!V~v?wOѿ\'1\ZciƆ`cF(-DC}؈Q~#&!3!Q͊Ʈ+p¹?@J`	VЊ2Gp񡬵Wũ;8ҌK0-632jVA|,\"c9tV G~T`\\Zxp6iFL5\'[l$sPܖnfEst׷kOΫћq~[q\'}Eܤ@ޒ^]\'gp8|~\'8|>%f?`7?[Tܗj\\%Ț\Z9W #b&2+m_zJ2^^\'L>	+<Mx	WZ,\'H8=H*F!֍N>\\fV=JV	vDVt:ø g叱`\"Uvq`?/L\re20O!W:?3G\"\",Ǐł,\'Bĸ\ZTiLB	<-Ĝ)8b\"wFQaN]يv>*a{qq\\9{n[h+j-0+\033dO\r]_Ax	\r_)	k˱YB~h!B\0#c6V<;ѺE+s	./MU-2kۅ͹H-$l:>-ĳ/hw2?:uWB/O8;^\\M{bW)w(_ߊCӋ6ZsFMQȄXB@*Zq^X\0B7z,|\"KO]TKT]/z%G\n{׾=T!d,Ko	$<P&OrV.n2»*;˙uw~ciG *Mk2A&JWP٣T)0OƄ{0B&sy#B\r#c9e,,Do$oPo&q~;-Qc0[/;{Z2i3T3wSjݎ,P3n^8Xsyk{W&4=h;TViPMhUT_j-uш-(;Pi^چ+\'zԩ΍x!<$F?g_^Ëo˫8^Fa}w}\n .9/P~N{q(q|_Bw.PLUBpU\'W^ieRmg⣥yU($Ym5fY.U⚌f-8z.br6\"*kA@[(܇XU؎r#nņ\rh̫CfTOǼ1g()y6KMg1v	(@_vddzp5[c>U8b<}T`Z2\Zmj\ZEs\")n:2R\"p]S2v(O{6nRdSg\'K		oFn]B̌IGJJ`	yT-\n=E%X}3c&O+کهo-\Zвk\niґ+L-OC$yrW:i(\ZUbBD\"k%0z!-O\\݋C8,C@LLHև%\0UzG{2G`BٳLΣ泋h	kI)i}i;^kJ׳Db-_%W__ҔW,%=+&t5!yvs}ٖPoMD@Dr&=V&\ZQ,SM?سq֕cea72ίGmF	J3PDϙ\"|3\\ه10ϓ<*5[07l$f Lg08͓3CǏ\rM\'ʢSF`AX$@VZJb\n\rnflQqU) w[qv2Q{LKՓڶb5uv XBF8`xùv:X\rlFi:QK7I\'FZbbMwS	q2^\'5KPP_SP^$r/>gL8c򼌃wֆY2^ޫɄSL9̠p߻?>BWj?A@	$$MڄT/3f$^K;ʕM<6?QsQ\\yT)U=ko5j\\m|[RϹgc^Z;\"RSQВM-Ee1fzQlƲ\Z4:I]zRPt#e~l0nZa@,4QS\'!rD0ˢ0gj8xA7Ch3C>zHȂ)<tfiExvg\"\'eJpܺNhv/w	W\0Vuǎdy~+	aZyE|lĄM,5>$]Kb;6_`\\\\\0^}C}BȪ	n%}sFԬ/E~;m,	4ɴ#%5 	I<\"}|?ńJ8Ruav!ZBvր祇p.zq>|K׏>w?/ݶ_X əHE]o\nЋN<^Bw,(NJA/S}%.<YK0UXeLj>,-\r=tj1/wzSbŞrr/6V>5ehʩ ȋJ@Rxb@)BCZN\ZTިIsL1.1I>vx1G+cvhsNM%X03IQ3\0)yk:VS\\-c\'XJ$8=88-WK.c\rUYjŖm*x/aVl832Z2Nn[FY#xt#~k%6bq[4ۅZt.amNBn4磤RpCGn­g:Zy+WUu|\"K7wO/^o^\ZwH3u_<n#47sQD&i\"T*\0/J9B.+bLe8\'q2M_{u{_ŧ7|	*L\'%Mh^dC8(6-\\*JV%ژ5eV<>sc0-QMS*z ~f82#`F1#1oaT`ڃIT	TIC`Py<Ň*TyL&xՁZZ7dQlO5g ,5	f =a3mSqcپ	G$Q+k	ÚaȌvDfcʂ,bE|u)Wۢ^	6fh,(p)$\n˳)Fͻ\ZP,mU8iXBf/C4\":)8J~xMw(%E.4\"^}s}>/;pz/p^9F!t۱p\'lK&-LQ[yW^ʶqCB^QTb;h9.Kjf:/q/1Dyo`<KOn}	ϨA\\q!W!>\Z͛CLsj$^fj1;fc]8f2#\'c0L\nFy\\*JG.ka>tRi\'zF؅0 <b0 LøjĴa{V#Ӧ%3ǩΌ٨Y=V`ŵLXV1^CЕ58py\r_1.;ol:츲\nˏ5b~*Da$g*PyEU6b͙F<Ix֠`5Q}wSuwfk1ij6)pUh@	p6h!X&t2fd)KFcFZ458Nq\rO?+2PݓGi/:蓛x(-/.8y\0	$h5#\Ze8qErj~\0_]yqxaS\nJ*8RRarSԗCz:ճ5^B+\'\\,E,-0=x~U\\\';ht\nsқUXeE(lz?jnՙ\'mԠ-uIyȝ;B\'aȉ7bf#8\09!m4\ri0uێwEp\"n0&l #xlRb0=_]YR)1e8jdGc8xp^݀Cp{z빿:2}x{v\ZzPl@+<$|0˭ۨx&oG!\0v{	j4Tm\"̛+P.z\ZP\"ʛܜvV`2qiبXq|	=9<OY]:=\r_){,ĵCL!k\']@76SL|`/N,+SM.5%B<3F<&H/\nVF\\yq3	8W\0*s&mx>Ko|*VFDU\0c%8~QW^XiIAt6&`~H\r90w8L\Z\0A}J=#0s\'ȁc\rŤLҼe:LK]RɞO\Z>PC,\'\\Zcј;V\Z.!,Ֆ X=w7!sd\"B&܂؂\nzf\"o/7azM	uXv^Sx>#[n-\'Tޭ(]W\r2*ͻ[P21DyeHR0\0LY399	pn6_7oخyëUOك]g`<C/pi7oݼq0zƥGd]eRw>/۱	\\\"^%L.SqZ道|_O* W^ZՂM:2d|4T#{I<HmY]BA*\ZLpM-\\ݼRb0ˮcmW{q}vnCk,o&LG\0GŤb!vבۮE@Ue%!N.\n~1qƸxb,zÝ*<x_K5䫚f{LС^%qi#PmʱR.-,i#vV쾲	n*S<T,Fp+1qa.325lr}zXCt#VLy\Z/	߶jKʩej<?\n-;[P\"fYYD0kMCbID꽍[(XTpiz8|\08w1?IO9ܦ>ߧw=T.?}|\'/_㧿|ɺYET^XA	Jژ^zr^Puc JҺ6u_PYځ/t=<ǴAKA+\Z.PO=ƭڈEkDNUV23>|cE}Pd͘2\ZC.O P1GGlFxqy<\n<Jl0wo i#y#w\0|m\'Hjvh/b)c-&GzI0ptU?XX;:{kiߐ\'\\%qavK*˫Y=aw\"\nJdbӹv5M\0;PWFg%Thd\'kEP(_[(ZY@HSLK%b\'ejs<Ҽ&-D-:֘_%[ϿܖJ+t>{x?k??o=;o-=<$ST^R4]eH1Ǖ\"D$藟1iSmĝ~W3VlN!^˶<:<zx	GDTjLN¢\\6f &Kw4[`2wd(2	cZQi5XCGץp !\nܥWU)34x`ًj;:Ӣ٠9mx#hO,\0ǖ=Sb\\<YFV01IoXYm?ssOfņ!wq,(º\rz[/,K+	jl>+	p^UiX}^\r@-[>Ӏxű:}Uh\"2hs1+LfJb-;j2R\'!ESɄ.oO%ĩiȨ.ĸymde{e=C[p_):^oo?<y??GWӧOytu;r[Oʁ2$!;%Sn3{X`J*03#=#X/+@DP^Qa1sFK<\'cOY	\rD!,]NNV9|}7j|&s2h57#7\"( ;{&y0r`ҟ:B(!uB9\rĨAa}@b<3Kڀ	1mC(A䵼ml}_߀tvP衃\0B<)\rLa@\r,`bh	cmʛ]CxaėDjm\rgKT3<b6UUa`fڈlHB+Z\"$8C|ˏ,m\"[VlU>WrmjWe{+V* 1QANhh2N259(	59XqOa٥pa|gw/x,+?7Oyp;o㛰f.;OldlvhuL\r+QQ헥ŇMT9~FA{E).oO;VO;QX,8KQx#	,Pey9y31!%ȫO@~Czћq8~ >{\"cN4̠ߝJMx=UJhi82ֲЯ?Bb)iFp;0GX@B?A}fnVG]L9FLe<G¾o\r,ajbs+:n!83&!=Iu:4FZՌ63!K7b޹Vl\'.|3_\\N/\0/Se\"\">TEպ[E(_ITrk*R\ZTd4\"YT,B\\5\"\"!2\0}5{dxw\rs0?l#zl9	HIt|Ap7aɍu\0o=re~~_}vJEvjsO@*؋\'{m[8X{^%W򌞘q	mģs<.A;C`>όSF%ayYvSSj01>)u(]u|RQUDLf楬B(}n@퇡1غ-laia1r\0.!Lh+1fP<Bl(BɠY٘4tnk\\y-8\Zap_/gu(?*oW}ok0!Ħ,&0619-ad&}`l\r[/{zR\0f&OAnS62j0a~&-J#T&Ƴ-L/-=Z,lhSk7S:y(_M.*נuW+ה\"c1-MmGZp&-p|6#D<Ւ-h۷X+a^9Vm}KfRY`ŦOPuOm#۰N=CM{n;=>>O^g?7K^tr\rf6|~^I;bОPRqy9fY^^B/<3Qy܃3FHp?w W1yH*@vur*6.cv]]vսXs#L	\rD\0A{å\r`olfB}mZ5\n\'cHqHq1cCl0vJb1̘a8A_O\'5k\0}]CBlDM\nh#\Z\'@ߘVз&v0g\rkW{A<9c1n~\nqY+5`z3ٖc+Պ<+ԺX[d-Ħ|TFE*	&kK5.XU5IKD:ۘFzss<OET*ȓ0%Mtx9Zl`%Xwx%6YA{|3vJ`w`]{qq~ZWU8n//^>^</O7Oncɪh\\jf9Ueh\\]5͍6UGqCV\0Syʚ%O8s}~e\\G|P=ϸabt9&PeUϻ;V=c-8tckglpUӮPXL	\0G\Z\0Ɔ0ЃS\\&p7+VB:w\"FeSчQժ:297p\Z1ɉKEmw[p \'xcgApC\nd+*\rBu¬GGLoJȩ}a:C6IU	h[eGؓaz턷u9ZEF![p&n9(Y](Z7>\nuq4evY;I\\3m3e~\\S2cB<*x\Zo,ź+t\'Uyt|^gG#8}y9\Zk\'gqE}u	\\F\'~՟{wvԶeFY^V4,+Gn[{TĩPz泏OQ5%>sYʞM8w%\\w3{0]s0.*;.U1^͌v#\\Ϧ٥JYHym~n-ӣ0raX;a=Mas}]؛\n^1؂\rp!KKᇉ^#1{$&DjP7wnnIq\0~xR]=ZQ\0W-\Z4&qz:p\n\n=F	!ty0뚘Ȃ0[Y@z0qv}+FǎD4,c5hm?TWbɡ*2&qŨ!IQy7:ˢfdUrr8^THA,$SycqyxZ8Loa\"X歵hk-\rke;jZ-8z}N1s`pE!>\'7x-<\Z{~?>}g|{o8|ڀb䡸)44g=ID\r_F{J|\'<:sc<<IPh+q!U9ڞwgn_75B*6=r_[(TL\rD}omܾv쿱/FUK	2#LR\'1҇p\'gL\ZaavDOĜ0;x<!H7֎994m\0|쩼Z81k2is23K7faB i\\^z,5z\n`Zze}z<gH6F39t{X<0h\0͟h9P6H\rl%MbQa	o\\L\'A.F<&pe(v\nk($. ȩM;m.mqMCX<,G[Ѽ58U5x\Z,![ۊ2֙vY=\\(]N{No=Uŗo	_|O?~oBW>tlFys)J碠>yiȩMEn}\Z[qU&{lkpBR=#vA@fU *|yU8}A޿A|{\rg^G1ra%bʐ\\Y(]\0ñuG`ڄ765!4!^x\0[XX8@MIb&\'sɘ0\n<ՃܴR)0+mw=zNcn>px%tFRj۩ӵOYF321z2am}iAާfCB\"n/P+ P{Ѱ]\r\nrneTreY(\\*OA՚2W\0Sk\"DJ}R0#c1CFC\nR31v|d4fqc7ס~]5ria}0oL우|\\yb%Xdo$}{mj{Vt_~G?	o^՛P\\FCIc.\n2OҔ\Zg!1g*c:)]Gq.0;uO	/3Lpp!^5B~\rKR-@b/Ķ˰z컺m^ƖPs`Bt\rVLڨdu575 \'wB}HG7><1ro0	$ܾ⡔wP/SX}&srcaM\ra/=s_;\"zEB`UCl\nb	dF/\0=YZQm`l	\0[EhYֽww$oFtMJW:,cm$%5\Z&q86qUT$E!\0IȔOf!8df\rs(Z\nOe屦muɠm{}o{.-lFŪɰeXBȻ}_{7/g_}?{7o}:T6\0%\rTW`~ܚ$-B\\\\dEbɥX&ơkl!B|0cy\0Zk*s/dz^_QݳƧ_m?#1:.eiH*$lg5\"+iV\\|L#@@D{ ]amjN`\rMfi	wK+պ#ؾ?Bb 1svh&m#@WxG{zb87`33»ؠ\r`id\0{+X@WWbQ`=JTd^<G\0S@Y=x]Z^LcoS;\Z|}:C>\0>@\"!:J郫הz]	A|;\n<ɒER#TQx`ܼH,\'JP5ˊQ^HnRӤ`Iw^lP\0ՀyG3}3т[Ѡ\\֝hx[|Cڈ=>wKiӁkQP҆|磠*yUq:rJ\"g#d!6m>y3U P{q\' ɻG	@Me{N:ӷ/K8J_\\r;F,,%!>>ZYDxƮӛQҌYi3nf܉782CsXYw`O&mQ	m%.6=΅pw#Aџ	+_zF{fxaBS½__8ЗQ\r	%=o>،ս.U%`d>u,^zZ]@v*dܓ\'C.!1\'v(N0l]=ekTCzi}Ej*JbK<Tn(C:6:\0Q\0\'g,`,D2$puEi571ũ_Ig//Ab4 :+CƛS%Z\ZMMha4mGZBLA7lD{_</}7~W~7_e*7\09ȯDnu\n\"(c:8azdn5q5\ri):Zt3>8NS\n7Ѝk߂yeL䲱07в[NmÒkYIq>>f`T\r\n+>ґ&ѯlm&q~}bQ.F0f;q2\"՝;aPB<^x@\'ӛ74Bekf~ֽaK\rE1{̞:,DJҤ[ AOSb-ĢƒTzQ{m=.^z]W]Z (3QI9-Y--ZBN%f^vcc)2E\\D ~pB<Z$,G#\n\\sc^N[QeH)Aq{.[5ߨEa`7-xsr=}tA&< zt͟Ox{替oqy4/[RZoer	pnEr;8xЗ쿼G:Z}Ea2Q Gnu<8c738vCA\\FZ,,<7#\n!3Uތsߠip4N!\0}ЧXX9B\Z&zLy#2<cCާ,Nk1\0R52}~-89J&r?dL1Q?ҋJr ^&Hԗ6Epks+G$iSvA .e-t`	0`)uZ)0K\Zo!YY=ʽD[=^0wՁs\rGV[\":HƠ4L1\n\\;ራ qy\nQHO@2v̼2++Q\nQZ<I^2+QIU][U*ըa#!]:	TW/h#^Vos,^\n\\|R}s*Y\0ʜӑP0+h_uv\0buRi2;{q6m8xC<3n	EH!xaBeb~v2\'ƄYQ7nCfs\n~(XvN`j=zvI<5?S\'ΆPb8/wvD1tX*XO/U*}	h*cnnig2)UאP\nC+я~؎eldԳ((کRH煁s$=uz~ȝ\ruEOIx	Ck05V``CGX\"(2\0Q0o9&pyKnID\\d7pTf9\nAvJ;~Q4ER9HʊÂ9(Ϧ(M!ՕZzU5o\0\nc4\rQML~KZ5m\'>;]B}R!\"<C\\&t1/ux.Y컼eOA|&!5NxoP\0b(|GlYFI̓oH̇ps.`8f6agz-0D@׎I3fMZsb1:pUڂw\\;pK]Ԅ@+xl&A	\Z\"5\"D&ƴVzzF`«gB aWS`SrPד۝w\0MHZ+J\rF==â\'zՅŴHoKF.45Sք([E[FWR\'N$P	s-D<NFa<d4d3/YҦ1JN1eD/Dqs>*/)BT yY%W!i)Bt{v<K|>~\'|g|O_\n۷_Dms.@aM\nj(\0#\"e&r\"U5碬6xq0w:x^AxKw06~IESo$C`hSaiJ\rCo0	S`!8\0V0hd=Sľ\'(<S̀`8X91Z pں*+!cUwqgxx2u\Z@`v)vTޖL`,gmflDKX5*\0&)k\0*pYBЌ.PuuW*芮}|]tvw|=qOtٗ ҇UF,BN[Z6UV-X4ZX G,XaTL]i=\"gaFD$Fc^|£cjD8&B8!LM@Tz2k#ψ@t6##\'!&+1ܗ2\rn7N}[g>O\'~?)m?Vo>\nkK*K@x^,D$MA|Nb\'_?8{U4I%kx|3q}a^ZG)ϬCd\rpx0Q8x2zNF?Z؍eT udwX	02s\0Zbع5~&b焾f&\0,M1cX?#={xZ-,jmfoNpMMT31U\\,M5ym.܋ۃKאpRuL\nkRu-cDLui)ZJ>\r1~XB[z1Bqw#kIolKvցP&3Efs1&q\0,0s?eL|n/@lt5\' yKJ\"֜I#:3!#1|\Zc*UzZ4BX:!tV$Z0ccf-@1#1jk~o>7_}o|pkl|UM\r()Bf)T&Q4HSLRF\'s׷cv_r-uVX*ءk<ve\Z79\nG%\regI:$mmqaeG@5\"Lw:==̰?\ZގK `a>&p/NZT&{<aeRfcdVcVBPTaksS0WJ,)\0wiz}SXb/A<XK~0US`u|o`ynj}=ݸ;1z`A1)[,HDV\"Cx7j! *;MP!j;\n3!xf4G175,6u!e 	z!Gpw~StW~?Cpp+VnAec%Jk9j\nQH\\R\\&u$S=QXw\0R!{l\ZXE`W<pص\n=WbͨZҎT8ptu\Z#Ч(؅pm0zv#a;~xxF-mN[:t BGa|8z\rK?GXX\\\'2/johކưboFE4f.I2 ,T{M\rx^;Zod(fI{- UO_|1j\'V@f&s2]WQ@\0 U\n+ϬnKE`aLMmܙE@ĔSiR!v7r&-,&,mUW	82I\\R30;b(/	Qy鈤-LFxj:f&bzxDLNEq0&`8͋ÄI-KDFI9\'.g\'cop+?ށfT46\"\r(F)3\"BV0;q\"fLCJ</n[&ǎ˫J {.ގz+6 lr*Fs|zSuPu\'a,{v8,iL-|	C l2;Nah5bLxuM+{Bj}bO0B|05~\0I01\r!1aUm0EhYw 3$&Ĕ6XT^{+>fѥbP}ut]PVBWQy8A:2c\'uǺ<R{0fxtW(euL\n`r݄0[<XX!`☼6-DttZɈeBWNi-*ybVX$T,BbEBAuΪEF]&+SZ=*\r܎+I@,#4!%<\'IH(~.bqgvCܹ9-͗Q^SKG1a-4U0CLCrq<ǌ4sӧ 0+6Fsz쾼;.&+njǗ)Q}-\"&\'/84$tqep~aT`|L}	1-VApr!~p\nL%9604GlnpApVTL#FTWIYg}Z`5}Jۛ0\nPį2qӥ\nbTT/!]\0Kt&y%w&v\nb=	i\'J}{vyylwxbqwSX<\ZpDMǢ,A+AКbk\"Ub.9vܥ% :ȠLMd$xTQcTץt[!_f|H7//W	?|/|?qc,YBKY6d1äfHʏ4iS^ZJl=R*츴\\΋˰ ˃v]Y\r\'W\"!c	/p\')<}G1Bag)/UaAlMki)LclOqr$ll	##3Xm[kK5Ӛ~׆aEe6LL&0cnΰ029̭aOlX~}Pu\0PDytdC|/WU.\'澾{!XXTY!j(%Yk%{ꯠmty\nuLlD$b\'z!l3f!FxcN,(LM	rU8ɝDe2ոfHn\"7&\"&ʜ\">Yt*N!HiH\r<7\")9-YmD~k&|x\r}>~~g{㏰bzT4\"_6BYDdJ$#6wFĴ2^E2l>T-glЦVMz]U=چX}I/Z!{Us&;OC+ޖ\ZW\06zBx0̭yl8@8Ðgk\\<\'c<ܼÁɛtMzCĚ،&LL`iA+@47ð!Ľ	ڗ}	o?S,|͎aNe N/V=:,\0[@PL2ȶ+u=QaWZ(b0SSEJo`)ov/R`g\"S{zV=&MEx8,(DBX^yI;Y*p<}sn2#\">M	ZbFX=$L%6&!k,$T.ICG?ó\'_5A?O_\'=i!WL+J^!&w&Ear\\&\":+6`tN[\r|vl\"/b3E6]hK-X{	\nO;+ɚ!5WVV?zHe!l	\"1w<`FCaCU96a^+lfBeaG_ۇP\n新\'2M\n	n,,\n8$ A7j0FeL0TvtkȺNxTbi7\0٥oUߧ>Wn*ò\\{\'=ųJ1^&;9L113pʘTxAt<Sj^څHDJSқIhRZ:/R:DRdG]47i2j$OQg.^n|7+*?ܟć2]ڂ\"\'!8\0S5f2;T❶@-֝el<کĲ_#.Fj!wlѫtGz^;&dLL	LhT`/{fBxaXP$>s0VDPn^c0k$lBmoXahjڂћ7&6*$j&FcXS&|b۫}$QZ 6_=}K-Da߂y^ZJh\0VHG\'L$4 _Em/<y+56{vGw8Myc0x)3fXX6\"h#d!GI:Q[m&UYb[HA՝!YF<|.ܨ-IjAbQ\'OKR<=>{x8p&ZWnBA.cXHetTE0aAmD椅!nxQ*)ZsKlQwKo-1Nas;rj*>\r\'¾h+W9;̼4͇\nJAk0FYoT߅\nXzr;2,`D`Q~!,		}tNKi*珪O`nh\'UXG<6\\\r`BNrz$P\0kC+I\Z55+-omCgh5Eu]\0{L;!a[@+Q<JL?̤nQ,2Z2zb&s2(J*=t)TܔE\nĺTHn9TJش2Cf~hKwv.\nw{Bŏx{y;|c߾+h^Յ`!=0U8=?TD,L	0#f\"G#_d\Z9돵`!xI\Z,U+l8N_|B;}LDo{	+%06w\0\Z{F&0\ZbQ7N\"n\rE1.6}7>WJR\0`Qa\ni@0v)+ճǯ<.ʫS*ibS\r;xEauX_ږuN,|)^B2oN;ڊyc);Wܝp{}ub6KVIڊÄt;`9\0R1h2N#3d:KzaY*m\n,!7\0JbR\Z\0jD08U	q[(xՏxJ{&sO|/e:U!\0&!>)s03j%AEX+5bͱf;Bxr;6bbwz6]Jg8Mm76c`e5jOP}XzR%ahD]A*y7SE홸98M[Q\nњhK<xLD?1;l>}FYMQ95W,u~.	{Em.uU\'&Me&TOz\\o&:TY+,7jR|,]\0kkvBXBkvoCWZ,{*w^yF\0 xǖVb;iٹaS4+JgVF48b\'!5LR\Zi7-TS9>sǯO,	_F\0LўD+<{<-?>+\0{/dP}c\\XFc^L8\"99b{k`=Vi\rꑨ-7a㉥hڌsb0	Ucac?!\nx M@ߤ?Kgn7\"Єזhpz\nEĤcRa	9$pr	E?@XU肸LWMV9Rutܖ:-UNWlY\Z\\]kK4uA*^JsDZq:\rYJgNX\0?!j	YZ%z	2Ð\0SbXW0vb*Ȓ*	2CXM;(צJHt*E/u1=1U8z6e``|V\"A1S+5>_C~[zѫ?ᝯs9Է@^u.XKA,B\\CxDL#07e,2!{e݁:,?ڈeG\ZT$7VD`p$L.`/fvCajɚ&5gfOGu\r?G09Cpr$p6Lx{\\]GaJqyo boY	w\nȚ2kv+\ZWhẽ\ZQ`04«+aLԘI-dKC~Wy賥@vpw*oYyaBtܕBH;@,w,D1&5\n`aD1˅L:&wso\nX5.ET1z&4CllɌ\Zô^b7l&|_Vkz\"O\r\n;Em2dg!!G-B|B̎$bC:9	hWգ!G\\	Gq0\n60dfKk#֝JB`LXm	qond#\'w$n0`$zIJ}N8\r&3;ps	gpDuF9OB-\0ò/,z{PIlgTѝK}%Ix\0zz)\0ek%IBG&2Ke%TV?:C\\S7/5	|_iZc\r!pvA,vGp/ӓ>Wې,uWҸ۾=Z8\'c> wxXMvjٌ*L+!\0KB_WYW#IfT##QGt{L7{_:~ϢIXDza7%2BzfČyC096R!gqjpK#K \'\0*?uL	htȁ\ram~d\0dW;M6m&>y~cakD5\nL=hYl	5X_JRJ,$TyUKktOUT!\"SB54@.QFѾIFΤN\ZXAZ!XvAB&Hkඨ\Z#&bl\r=t]%AD!.&b!J`b[)mKiR9y=\"Uh7/C&>8S=#6ŻoO^7>#𘌑غ$j4&dQ\0	Q$%mкR%kQ&D`X\rY0=s2=ڄ^}Z:F}	-ɋ.jV^36>Mk0ZۏCoKHm%%Cޣ	)r$F0A6eHiYZ4[uVעST\Zஐ}_/#r\\9峔j󳵄%kvȀ	0Z/BYI.`UmR@ޓ\n+zОh\0\ZnΝmT;.Vpq}1#g\"hbI\"b\Zh\Z+_#%3Ss+i!|::{q\\5>9>_/W>M\'P[ӈLd%d$1IјsaBz]X\0҃UT*B]$8Ao0X3IҚ٣\'^TXo*+?T0No,`A@mÖPv+lN-[-F\0y̂a`: 9p*?^W7?P	ĪFkQ XZJ_IMTUZ\Z,x\r\r`-Ln|.fl{Z,љQ}ut\ZaT^VTUT)5]6B\0+@X	Q2z͔6-RiZ!\'oRq	x:\r1SW1S	ĝZtQd5ȳҐמn?qz3>8{vD{&ז2[e MD>Praڢ17\'\0SDDX5zXJBAg}LԖx̑\0zTZf:2jLH2r[,;\0\0IDATXD+\Z\Zu߱\nSuR?Ia(}uLmB`f=&^kl@=,(KbH\r9}xS	@\0ՠ\0mt*oWïX| JmTZ~U,m\Z=XAh*/kc(nQ\\^_:`}].́P\0\n`j\']B\0Vg;maIznL캙R4iVb&mlZI\"	+E	xB<;qeӑ$G\nWW7W2e_/_3RǄ){#{G8V޼,53 	c@Ip6g,06&.5X~j\\aU4`l\r#&ny:C%8?E2Qc1[׷\'l%8j8mp#`F`\'LAkl2}*:T`iRzF]:KG(T<Ku/٥RjMe\Z`MTS\n`}7R{>ɿY3!\0g\ZM}onp\'Te5f6@ʏy`:<u%z!7z،NZ\'LǊVbjNS	-AaVV!FzJ\'$,,&V@.ry2=,WhX;^2b*qS]>\Z/pX<2ʐ[l*o\nbT(f/¤#i!0%j\"p\\WK4\"<1CǪFƄURF\':Tc*Q/?`ПƦ2b,i#L	u -`c恼Ô\\#Kz\\+}cs?dЇ7X샑)eC«>\\vF0ʇF-3rcɶJ JY\0BB=;m\\:]!uxԗQ+YSd~!4U\'LH|/{:d[ΓRʮI\nRTK}p7Y*,خ\rŜB-[@`&f1>y<_GT܄b\nNR\"TdQeu`&qϟ~G?7?_];i%J]MMAb~E	pTf$ƅ\'1-&FU\\GxPZi%hqenK}k&LfM&A/IAb%ty\\1Sջ\ZnN(eVz`ylhH[@e)&Ɵ̗j_ڛ\\\\L*$A(E	գQ:V! >ѩK;{ຠWI@k(-U\0`0`Iuh\'Փ֣@STXj-Scdm`r\\]_XwEߑ	^OZ(9&gaN4̕eځhB\'@K$De7^m)\n 4<j=<\r񕳐T=6cJ+g#6?\0>ǫo~/7zaWU!\")H,HDBA<b1#13fďDtl2چe\Zr5r\Z\n5|\ZlVA1V\n;<5z5$˕JsK_52\rܶI@0\\i_5FSqyHs8B&\r8\0GP=u虥k[J{hk\nKiY [^@Uo;jJ\\O,\\ף/VJkP5Q*~m~6Nt|EA5Puo[(:f6O9bs˹wt	/~ǰtt腇`F$MZ֔iXX6B9\"HD+ո\\hBS9	_ɽWw:Vo<ª\Zdd#)/y	ͣbQv4\"3\"1qH;ӣ<Kж\0aVVHNx&[~7BǜG<Ci\n&եL~ \0\0B<s&c	I91	[𵡄xV/E7~Bk,ĭ7E#NrZ\'5;pc46!HC,I{vA/P\rY5[rChJs%5ߠn_.,p/vW[\0UO<Ou50vwe	(%WAU6va^(*HډP;vc\rC$.t\"b\'!r\n W=1O|^/+wk7@Im5Krx⨜8Db^&p#1apL\\4h-UmgԢeOj6\"pr8ŪO\0}UfJ`\"Ǖ?^ܧj^F2ԙ\nJxEFTW#[eM/l9ޘZ&<8l,a>TME24=}Cu1-[ZBD	R6	o,Ck*z?(%02OeCff$A@	xyiQTT`2*w3Ye@pu\"@Nա?j^CHYP=UpOQR\rb2C[ X?Kj!&6f2C;s\nXBK%Qe㰠+1dTb^q0x;LyJZ	MDl~[-\Zn}n}x}(@fi6r	pXHXfc6k\ZSP\0	,ٻр]l[d3 m0XԎӪC\r`r%I!?jr`l6~I?ІXKo1Ț7541S&nF	=0U#V:KhzNLLfq`Xf\"f@ӗAL+nգؗ7/v\"d($/`\np$sfOZB!},&dWg\'\nAFV]~W`h&a\'S\0KK\0L0cF`|Jfd\"\nELhipW4\ZsF\" sxa1J\\>1UT(,xx⽧ţšWz~\"(yΊł(,ʋ#0rl̎/Chm{b#h޳5k[\n`чU>!32UOĊWd`\ZIu+[~DzR]*,l0q&C 	z^3OS,Tki\reP<_ձ@ ?6#aNzƄq\rpwszh`Qhmj9\\O)76yDgҪTX~S%jjTxuQ\0w`lI@g<W<q/&s\ZUYY &j0_PISMmy\0Bu0.%\03C1\'<[4\0:P]-<;/yby#QsFZ\\);z2m**pDZڅwmi?޵X j\Z%H@LZ\Zd\"6+1%(p	T︃[}Y1;n45\"Hf.*_kJ\nZQ\'ǩ( ѧ\Z\rP\0\ZTQC5֓4O5ཱྀAL`f``$L	)/R_\Z	EB]X%!?(>Tzk!0\riH+\"D1)%SZoLiU1TagY\rRYbTӛՐV~O=Ħv\r\nj/bْ_yɍ4W v.*k+\0}f?9t/DH;F%chJ%cٹ#3s1	r9vb4S+QuRbFxԌCw>\'??/s%,[}H.@Lr&\"7n`Nj9˷~-,EKN!82\"Zb´</aqցիT=ݩb$ɑ[Ȝj,ד_OQV:u\r#2v[#($JyMd憀\rdҦǤQ\\C<I$o^&F9D5%,=%L@GѰ\'6A6#ߓյ\0\'$iKueZ%?ӐlH+ϛP,;)Dr#wzW5\r_U,m!#*/-&}{R{i%WԺgg۱w#[(fZw	Bfsܿ	pWhg)&$bFvg\rgB\'@ւ@b)2~*L2+$j\\FK&5\0\Z]\0\0\0\0IENDB`','0975425253222','ac','c'),(1135,'4','Morales 153','Ivy','Alte','Second Year','0013525153','PNG\r\n\Z\n\0\0\0\rIHDR\0\0\0\0\0\0\0\0\0h\0\0\0gAMA\0\0a\0\0\0	pHYs\0\0\0\0od\0\0IDATx^dux\\Y:NCmٖ,Y,E(\"h̐`L\'Ce1se1WWUS>>瞹3w<3̝w~\n;Yk\"~ڡy56qN#{OhaNj!휜ծ;sD9}Tgh9{\\#=xDó44;i)\rL=4<7lA]\Z܉vidj\\{~u٫}`׷w{^uڣ]Ա{LmվsXu}[==jCOClc-<ySM]\n)8:P}lMBM75)N:ն֪VժnAmժjTE[*+TN[\\Җ\"76T _Ґ>OET5(єP).W,).SyuYʭV?[ʨIUNmkRhӔ]tRU$WrǕ\'*2QɕJV|ŔWl%UlRrjWjQ*h#`3@|֗o:Em)]m)PDfŗDZQJ,٦mJܨJZeJ]L95ߢ}8Q378ǀhhb\ZXjdsaԱ\Z?:3@Q@탴\\;231kLj\08im߈\Zޫ\044~@gzvV/^\0ܵxG\0SLtPcڣN@f5Fzܰ\0aSP\Z\ZlSEYfՙ:wmnb>@QM0֠*Uz\0Wӧ-k-UiSJB*\rLMe*m\0F@vSIs\ny\\D<53dSn gz̚4RQ\Z\0Q/YU;^De\0v&3jVP%oUB%\ZmJv\0ܮm+۪g|Eb\"SQہ8bPTjNMPtV%E)bR#F\n)5RFJ/SJ\n7f,S]\'J=g5oǁo␆єƦpz`u7ffp_XO<ǍQv98@<嶇wpz6gq\0{Ó5<Wq=/p m^> ޳[w(q! 16 s_ρ\rb.7\rw95C@mz͸oP}\n&n\rx\0Vc\'ޚ6NVV-8p\ZQ}90mc	6m1oa΋\0n!p0\00́q@rؗq=9OQzM5&4.p\0\0uC&rRVo\0-@T|9`s,tQ;ҮW.t-odVnWReRkbx4D۔\\VJ	UB`b/ppNT\\:ϕӖi^ϞI@YI#8cSDM4@XY\'y]|9h`;Hd0>L<a.O\08إ>{wG{w3vkc>xw9.v[th\rPð9q\ZqF\0n8p];eT]AQg\0wAl\0׶3WZ@-8pKU4uS*6KJqQCd\0.&n!\"Zt0x?%\nBٞ2\\\\ЀSuD_\"6&)G\';<S\\q(xRm &oR%]N40xKě@,H_e8NlqIre\":b<BEn֨L%.\\y;pM|8\0hqqI4Hiw:G)\0p\0˶\r0\nC\0\nA`ǁ\r	`8,;v\'SQ!ڽQُ8=d_׋cްǀ}mk5p\rbk\rd8%\Zq0ĸŊp{q]dn\\C|\0X:a엏(al}Dk=GƉF*\Z}MU*k0D}	qh9r\Z8pI~ Uq=EZm0Ǧ_{S75x%B$p:.^\rl\0Knb@J~\n`$V\0f\"ZVN\np5\0nZ%&$\Z(eQEu@;brBs~uv^0\\rw\0q$\0@\rn I D7\0z8\ZeGq]x\\GL$5x==up\Z1#ćwk׀sG\05;wY&yun\0ZO\0Lh5\0\\A\"w|o]w\\kv{;o.rE\nWͩ\nP+qjωsesߊffscϑs2.ą%Εpn\\0echq\\s]8\n~^S: /\rc(ȫU[H5B?6l#-Vn7%/Qc?o3o#6Ru[JY%ʷ/_jq]\\z\\k?m\\\'t>i,:<Au\nlFIn\nCS\0<HGqZWC3C@#2MuڵgQ%N]\0vHk}S.\rS`ɀnq܈6lahf\0&>@[o1\"p7+Dl0۶k\rj@l\"E0PPC;΁,`\0\"NĊ`>\Z̅b8!B	);\Z9ɹUqT2jZ\rQrV2nY\n/72ik`\0nB%Pv*\Z5[ZȲIY\nEPC)j?IfkО==\0fȠ\rwYw?P6WP\0pYAL`w8,X;V{ۨwz\0A+?`\rNuڇAŶAePc\0uw;k.l9ux%:f\0vn;h#\rQą(⺞ޫF\0}#j:G`}TF\"Jzu#̹o`T4piC(8p+£ks7\\˹->\rd`g׆R;pەq+[6VCk.)֒i\rjaq>mZ\0\rnQ:79̋7+7^-G+ׯ>u^U%QZ\\feBoTw/{f4{ ߇A?iz٨Al~@`3;xGԱwb9\r܎\\v\Zع\0Xrop8v\rpv5ym!(hrA!ڠ\0]d`BdtZ?֊8w8Oak[dJ,5Z!R-\r*4&F[kK\\\0t\0gRfӪto:Nf-@۾Ԫ8Z8v.IkGy 5D\nMUkɶm0Od9fҮW\n-J4L[Z|sZ@\ZjqFyVʚ\Z(@\ZS%Sv1COe`֒QX{ǽ,k#	8lnf}`Թn}?\0`Bbo`x-o\'q`l&+lpMmd[0[x`\nG&m\Zar-nk9F\Z\Z(֚\rPA뭧w1x6xq_\nNE\\59؜@2Xm\0v\\E`[+D	\rˀ5X\rZk\\EKJ܈xK+2\0`B^ͣ55e\07kq\\7`7<lj\nAP-BDFMY߆ĀxLLH$J`9J5MoP#Nu޶I\"\\F=@}q)ܬey-ulm 81@6vumuNU}`5u[e#89zrx}D{Q/!쾟«m`}\r^O9x\r\\S/EE^4Ҋ8Gs_@BC^?O\\\\Tkq!Dv95h(ު:jVjVkZߠumKVmE3whs2fڦB7Vhmkqp[mrrYNo\ZyFo+p``\n4E\0\'ljŅQj-\0lNE*G\\\0X˽U	ܩ>\Z֊5آCJ )Du=3@{`r.5\0seUu6% @k84ÇeHlR`n}װ}DsT+؊1\\=@\rȪ۶k?\\u=ǀԶ7u@\0dNsrp[q^˻-#D/>\rC^;ff[?L\rZ~\\\\Kk{ŉXp+|.sІA6x=`?-[\r\"FdLMf~~=فT\0NG}i>s4e@21@۸0B.~1^K?L&&J	D?F8s\"kP0>BݦeS\Z(Ⱦ%c	8[ֹkrĽ}KbyW\n*nQ5]MZޯ&@n58\0eX5bϜ؀6xgg;a\\sWu؏Ӳbe7?o7\0s3[l.`7c+6qX	qmF͆\Zjk16\r\0445xNa6=x)\0E\'{І3oXU\0m WU;W6ȮmÅwF[VDF!\\[dȷK<u=e-1!+`23K&UZ3)tqs_0pm6F}aM&ȩѮMxxE^G*#El{S^oa_T\\2Ūl5{!.Z˾dK\rzRL+j9:.M8L;U7noT1:\0ă8h>Q\rdb.@jQ}oK6E}WqcS.s\'w̈}kmt1qf{n/ڔ7k![.P\rw}$\"`=@Sm?d\0M\\|kqd΁rz:7FsZ?+5\\5]μq=k]{\0\"fs;G/NmΛH:\"bK.Λ#F RKX)VҀה\Z$:8o(B(9Nq٪@[KT8`{qvq3Լ\n\\jT\Z\Z\0Y^H\0}`SIvYנmf>ZBl0P\rfשmRo?v\'9FfEݶo\ZؘQ4bBMFxkB-A\0sՃ׶\rܺ`ms>s:Ṱ2:-6xzZUy-ZVs_pE\0[ޥhPZq\0v@da/JO%f;LtLYEh;><#@\\\0^+(7a\")^u{p?\nQͅFʨߊ(p㤖t5QkJL^6kz.UB\njGZx¤TX˛Pyklaܘ*e.\\[pVm6ܵmoy}춖y1Mckngˮapm;߃LK8q n}Fl\r}dl-tq(V\Z\Z`\09.\nyns 습pDWą]7Mm\ZqZ^˼NC\\k7_DV4o}Ƚ+̑L1˾6|@qq]o7;ذZl6\"ab맻\0ȸތz۠8j9C\\ 2{\r\\2ܥ*u\\,TDPbXBU]M\Z6R;=mzr\Z\\6q75chgFԲ77c}m4-\'6KGZc\0H3}bNkW7h`q6r]=5P\rd2Emimc\\\\ >І́,Zmv_+,*sm8#m!}%n\\`l!.A[l7;PM8lw5sK!ZіCkCfu;mbN?vJ1CaEnv\\)6+pR6&;q[},l485-nh$]\0Ӧp{QjvLS8o2%lPxU7)C*릈ϛSA7%%*\0(<BV(%˹e6Spd\0@6e]\0o6x74tØ{kMGZhδ&iw.z\n8s_bok2xs#\\nd]9,pZTN`-l5x-\Zxř7E/&\ZEM\\ksZ6`+\0зsDxpd,m6!웍,+gS6f2Gg6šcݐZ_A]1JSJב\0r/G))Do@VL.Z\\⫵R#_5*JSXV!A*-j0;Zb-;D!K7\0&\"#7g..\04IYG#sd}Զ;>>H=a@cې~\\̉8w薃y\0>򯩦ǯZTM\rg_ZZkia s>\rX(]om<\rYNyD	6[oJs(+$\\фZ#Ę;D8wgFkJƁMIXrAqv*JtW&&=\n)Wөj{;/xǆǮ=ܷhvt/U|M)@W1y>\\䃬ezqWUj^\r}갵{G![;nkqm\Z؛E}hhkkCbu6Zuqвnvm&8Xpذ[Ɂc@eAڄC\\mPG :߆ǜ\"s7xyqiW\0U]WqbWfڬaPn[9W0s`pk^F/aY4ӓ4\\ڰrɻ9!\"\ZLX\r&/x3)\ra6%BMs<uxHTH\"6$QYXKt`Km8&4uƒ}cȾ\0ܢH\nvFgm5˹5\Zyp޾k^ЙP|rO&+t<_)*ռZf^1Ted%yHPBmjW!q=Cv?n\rLҠM#On\rΰjX}\Z]\Z0!\rslX;# ;^NIңPNNS+F1L\'qqކa+p-9/6@ӯr\"&vPuWj\0&!&%*>+ik;-*4P(J-\"av\0ۤZ MݍF8e HCv0kf9`١$	,%n;,ղSf-^d@O#pko\0lQ!ŷ`7#\0i)Rl=/u?+\"DS|j9U.dSz\nU?J5MSR\\[*LTxb4QB1n9WU8qe[H~Urn䖱~Aq\"m>x-mhƀiB[mqG]NM~N[Rٯ~${9!8\0w`g4<I19\ns\0|O}&{w\"ҞﴻCmDf@7aZqfsyn+p}smkQrܾjϝZn@W]-u > E\'s㹅9[D\"\0.2-&\0[T\0q	!Ls\\`53ȥxɱ֚ҬMEZI56:\rPeua3F~dl1J{rrJlEMTPb:VJ{z`p.҉tΫÁQ%.\\6TJaUpYduX@棐zR!h\rvvђQ˿gm.7#BwACҸlT<{eͶ[vᮈƋm$٘4ϣcM6:mks((v3x;lx\\;?mjn&so=M-l۾bM+jvn;,8\"Z@6\"|Vu@^pu9vE-7v7sG^s\\#7X!3sesls`֋8#x)\\Fqf\0[Dڦj\r5[iMR؝@ǖInbF֮SL\ZūX֒{2|MlWE[J#K-j\0^?r&GS9*9\\ͫ\Z	\ZBCU%b\'n\"y8/TbʶzҧhG;@\\\'^64φk0xQ\0DVYkҎӷd<\r-zCj6G&	Բu=0ֺXAvn\"O7q\"\r/8m(!S)-0se?a)(L֯\0Z\n>֟`t\\qܲtE[+LD+y.~N^ނM4i;s)\nUBؔiȜXa@m&97ۢedдR}q$!I-J\nD(y$MUd2%5mQ`- v\\Q\Zus|J=9]E\n/Q,N\n#Bj^p_0 Wש`*Ʌ+zj:ֹ*UToVpCܯ3m9;7`ay\r`vrRhsКp	ZH\0Zkf~#m(73 9}8o-1\"cyrxF+j7E\nֆZnTqvd/Z\"qqDBٔOǝM9pyxD\\@c9H^&\0sN#fZG7}Av47\02\nn`ۨ8Z%6nRd\ZOV^Ky@rhXܽVUsDu\0\\}xgqB\n8	\"d5Mvvgd*z͉T\\Ûd[Ac7a0h\0\0r:䲻(Alkk8Ѵ{cClvc(N~6}[` ڈۈEhrnE\rpֹ	Zu\'\Z؇n6\0~溏uz\0V/&TnsV>,Jp[S11©1ĖFN)h\rz<r~k6#O#nx\0MYhe(\"Zn7~2ڶvPͧkz\ryj/sD)o#U>S ߱SU!03*$Wj^Lt\\I5p+ĉ~\0A\0\\pMLfUmCT8/\\&%\r9<=5ތ\Z}\r&k熟͉ӚZ]\rlc\';]ퟃ9hNuy?|īna5u+}qn+*o0䆧*.m*5+pmxkʧEs.LF0\0F3(lB\n1yy78EbT-jdf\rx\0tqf6e4\'ĩ*ۛ*U?,Be_P^P*UV\"\r-\"ҟ\0\nOT)e$R`_+10:UY\0rܥ®˯\Z8LOէ*V\r\nYT>s09\\\rz[!{	m{>k~<7<a?X6^k\rZa9@}9n@7p*+4-b\0^nǍ9bVuTqe`Nv]զq\\\"lpMn\r6^l3rsE	G\\<\"D\rs^́ksc\0qa\nmSfV\0kD-T42ܷV}6[IvNLRKJt,[IԷ\n`+5`T9U)q4Yb-ּƃA\nN n&>RT1Di]q̥8KQK%o7	른\0dgG3l;rnwU\\\rknj\0Z xiXԓq~1:d\'TB8[k.V(O\\x`y?j{k<8m}q*;xlnl.]=)r.mEwξlF\"pdbl#pBoZt0x\0.h$J4؄\r!ldl\"	Ӳڌ: 2}3#臶!\"(%}Iix;/թ;6e \\Y^\r*Nyi)s(Ԉ\rE%:}FboC8,͠VUdReC5*Z/Q)pWWHv+h(SQ3j]lffșufv[kk\0v#C6̉À{{gZ\n:o`5qNޢH6i6yZW8.zy\0^M\rܞ9qZfph7!栭u&{-	u\rVOems`Mv\0kA(a&7!\Z\0F!ɽgmNMv$(&:PNKBDRB(eԓ#ָUi\0jk^a\0ݰeNjFEPGZd*U1I=09C5QlX\0g⎇(fZC17RQJ\0p\nɿUf\0煊CNث13XQ4vA=9.\0m-T\07x{}[}jmm9ϳ	0PZ\'0pMڜ[	H}`a/{1e=hy?Mp?q-.xсkc.RX}4\rsE7{g@4q\\ДƄ\ZLd]d4%QuCJ8TS:97԰)- \07\0-lRr3F3us\n%޲˿~u{O(i R;#T0#y˦x2CeS1UvhZhUp,7<nV.2/rP.\\\"REK)V1Rl_\nR+`(rjhksz&`4f1S~9G8-0?ݷ^~Wy\\\nW?\0׹s[\n^0m\0x\rb\\ ˿.Z~Z^prol\rYm0֍@rKn\0Yd0m$6⾍s&Sx%\'Ѡh`\r^[]fY;t*y7٦6-\r<	׾];SUwTqssFָJ\Z(stz\"T/YcEp+,C(TtkSEEQz:s͉вZyu3/l-uFUaR*XʇYVBk*卡\".\'Vڇ\0&`avߚ\ZNۿ{v\\sYNz{=wrܹǹ{Pa~aN.CAֆE\0f{`9®o\ZsP>+J`-o7m-*^Fb8OVb`fUVq^Cٍfɹʱ:e\rtbs_ \r<x}Q*\04oWFOVOVl5\Z^|\Z筢hP,eYߛ#8A; rpE[tO^(OZ5^\r5ˇ{!\08Luh^c*¡J#zT%Jzq^>22R7.\0l2=9sP\04xwmAN{c=z8	޶ǚꬵ+ w3~h56\rRk\r\Z\0vQ9B΃S-\0uAl\\w.sb0l5㶸sT}.JQJ.jۚ2˭Nˣh36mMD8BzVkr/\\9pl)M\0c:T/O㕸o}/Z`+(pEJ߳^1݋ggT9\rSYkp:_ҕE1ZPCbޗ,Dͫ?\'A\\ :\\?\"\0.,r Gqؐ.RƇVESCnq\"ows\"? >v;\nu~9N~}zp7a3IfN$?Ecbn0<ӚVsVq5nuW\0mҺms`8mK=p-Z\\a+W83F@XE9\0Z4g+5g][\\[Hcymk7iHRCzP\rV\\](`7p v\"om1 :TxkD6m-*{rvEw\0en1E[dJJSe=Pmzj+ٮ%QZՎx%XwEj^2Lar<du814WծZ\"D9(V\0٬KZ_!\0ג@ЊktAt%@\rd~5|T7|j`7w{Ճxk!\rc1s?jNeI|*B`j\0ڰ͉mWZ^D[d|s*mb>P%y~k\nTĹ%*h69c?ДP,nL\"&XmHPf{wKVU06xqcMidܤmJi$2\Z)9RI-若*TTD&royN6lv}候HlX1P*-6PLh%\0poJez(B#$%R$E*/scPLr9\0908\01RZ\r .0y8bls6~1P@+ͱɜzN2\rPsVW\rᤞo#݃ؠ\rR\\N\0mxNz~Fg?~~aDZ=L[>P<ed*J&*\\)tqRR;yT_]\\2;2c*os_1{j#b:A*mGۜmVc<}Q3u]m@yئqa\'6x3\Z7F)~+!JiͦH%4mVrWʹN/[=\07_2^U3jPҙ7Q5ü7dru<S;Y9Z	\\=[QJ7kK|gR{}bܷEQmҷHv󆎗11Q.U_ݡj@\0=b>\0yLE[>>4\0.e]IFkRB^+Kb.{l\\G\\qѺ1 ƀ^ۃsT\nýc\\\'c:1wLߠwn25\rv%&?~j\01r%R*{\'-ӢzvB=1_OnxZOoxFOmxRm}Fת,٬JNLYZqPYi/k|T@1S	k2Ie[ؒ9/\0m6x=qsbbAj2ŉSqa[x^km;؀Ci-\0܊nU(tHm&:4\nTe⼖w+M[9ʛPxKoV-}7{w\'(u=mk_e5v%GsTĕ\\gpdT3+Oq)u\'*op	.\\$2>s\n^.o7FQbN ޺h<k>rmsx\"99zvk.hR58q-pWJjMߨ^\0*]X\\2O%OꉥOUO{\'$q澨-EkVK㞖MKrTjĠ4Î對# &Rǲ(t\\l\06GC#q^yŇLt\'pc\06qfu%ir;\'+t\rx`\n7sކU*?6C:̛?BC.\0gOSXVol&-)ߦ)/N)dHEvӲZXcuG.JhMPgVMWsjnnOQG=A\\<Y %\"%\"\"18Q*ܭvgMOk2Hh ș=33={\rހw\rbﶽhVdxdEjiLۨű+Ezf\"=b|?)bܗ \'_xRO˞Լ4o<=	ō\0f.\'E8iI{&rG6(/}<;xЦ,%5Ӏ7uNiĈTqn7YazQ8uzɾ6JVtB+x^\09oJm}î(mUAgrOOtOU$Ŏi%٢zhUmVɽJH^\\m[5qԩfSlȆ&vp9uVq5qY\nzo-\0`JQ٠Kq`DIoySIJKMCŁ-B4qw0}ydPu]m0X-qWS>q-7[\\H\'ˉ\0ZZ#W%znzfb==dZ4_O/O&Ћ8E@	[>OOl$j<5+行RBm˧Em\0ASY\'nmhQ)pmqu<==Mn^h\0mb.)ÛD+;5yJ\'Fd6qkɾ-T\'K\ntѡ\ry\\SV%Fx<[`eXIV8q}J!kުktVlSL{2Z2R18bz](_W߭\rּ֠|R][)u4M5UY+@uͅh^5{(rĥ#ĉaܘ`ȍT(7?zvl.sCe\nSvP׉.u8uoSVԦ<CݨtpuP6yy^h:w;hLjiujjRT\'*֐MQz1aoYVͫ%zvznR=b	>dO\' ^@@O.xJO>OkZHEz9584 Ϗ^۟(٠\\\0+%Bu@jqT@6upNoQ{:T:m3l\n933g_սp\0&\\gfg6q6\'(Ɠ{cظM0;,R^q#`hwmW(jdoX+؟)J-1ZTN˸oS>d%+-mbyAw:5rFi^Mwrk<AK+7ji`RGҸ<T\0r%W*@QWGQ?d 	Qվj\"@]er吋cm<+MUj>ݢ}\ZzuD;_ۥ=hýhvi{^O{?دk{uࣽ\Zh?G4>qhi~0&tu1{wvީ}j9Ҧ2ݦ5i[pܕZ]#(V/Ur\0^YXKp,>+?x? ƉG9x\\~b)zr[X˺l,܍w0*Ɖ;3Tڅ;w͠hS?0pvsx.l7(6lXi\rdr1 \\8@KTTUw\n>k:W\'KǏĨDK4m͗Tm&nԦhwY8%E)miY۝뭏W{5/0ԡe4k;׺`64StULS̕wxTwK.G\'ZT(Wr/W*tV*nh8Ӡ۽\Zz0ѷvj@@?:~M~iƿ~0/N	MeRS_;MjӚhAaa~iVrH_也hR>WUiy;&!Q7o҂5`\n=b%\0z=\rO- Z7x=I<OxrZ2(xR	WX{*gZbXcŪ<j?lUP4sD9hzpATt>2-nOR:HŷŨd<x1S8\r\0pՉbWcOJȥSI\\7OkWupzb6Z`Rɻ)[8A˵nJjtihW{4f\07U~L-J딵\'Y3%n-flj8p>JH?N&F58P}iU@{3Lβ#jڬG=~=\0Tt\ZXq/	MzA|󠦾1Ov޾Oi[@|:Y@q=sikS^4k}In_g7⭛t6_K@Vs8Ӹb\"x[D-`?iSfszr>>7=O,!cRD`|Gz^yI׈LWAncBj9Rـ|&T|jh<|bS[pլ?Dk:HMq0@QN1ERR	>qjcH5Rh:ysTsBuga<PQU(RF+|[8G2OW98ko6YJŊjD!\n:	ۼDCKU>UC/\r+d`Hgui=/-뵥sw%og!\"t?(g	B\0Ta7١q]ݝeƯ9[ޥ\ZDN\0}p<:tT}L< 6=i51q=|13ا98z!mg87rmYETW5+pj-^Pܒ5-XT\ZpE}f=kns-\0!v eezb=q\")^]v^jVK|YwqQm7rA-Wjh.\\_CR)z^x=_Ƴ\r@ߨT^\rTSD;ՠ l?	\'nH|TGq޳}\0+O)}_c4Mų4QA܉|eQ<\nEkz7*m Mi)n<KLݠ\r\0xCnDO\rk`^!Zig/EϠOP)*m(]1]IhML=TC!Ǆ/jT5U2\0.Y;e@`oiܔǓ\0<!pʯ\0ooi{\\XOh}{SS:3:ĊS	u\\K٬<Lڡ5qZmuk\0]~g.բy00?86sfBy_\0~ٜ{\"\\<</jƱ*?U&~W\Z*Ymwp!45z7\0p% Fn,PmApXޭ_8zt\n:Yƹ&ܽ\rRm\'KL2\'?C]\rT|@޼IlHYӴnUѪ-JTƜ\r\'(i(V]DD߫fu>\rҋz4\"Wı=վ_Vj>٣#M6,?YQݛ+EʃŪa\'9OFpW{.|L.#r{{tIn%aM|:I9+:h\rø\\H}$ ^ Y ?\0g\0|ΨtjU\n\nUXZ\Ze\0G-Zf\r܋8zq3jb/8Y9ųEȾNtdbA!`/c\0^;O(zlFmP\rKxQwj@nP#Nx(čW5]GjB{\rɆM8|6yS\0qWjΐ\ng	!\r\n|mY*;Md@%ʙ(WhVŒw#fvt\0:}(A:B	}j^`@\rGG#s\\KM\rWGy*t\ZO4\rBP\\4媀X\'+ܐbvٷ+͝#3;E6MF2Bk\Z\0㾓_?ʥ8O9Y@>\05a\05D3lO\0?9ĀMp4(ߠe,,w#\":67i>.XRkby\"p\n=̋^4`57~f7*v\0^ϑr1CmO%IyIbJRKqǫdr^5끹	\0Mׁr5AMpNq]dQ8p%wn\'A=NtQ[ܩ fmT8UE\0\\ԝw::6&㾉JߡڠܝYHln\r/㶯X}G Fw^~MCwm@]vMM\Z:pk\"lztOTTU,x\'*\\NiRS7\"x§bRR5zw7pG=%rWf\0\0sɯ0aboÞvYiv(q{\'GkMek\n.;W+bLd\'w+4ZIqz~J=̲\"0q55\\|z\0?r1E	OE\0i*zRk֨vS~=\\:^#frK-0p3@[hCa2g6ynAK#:s\rb{0}md8R`*bCxiIU6\'+\'O6@VNb-F7icFSm	}Ɋ4r\\s`4ģ@;&7׬&\r_Vϕnu[ǃ\n9R1?[/R\\8ĥL:CKn Rt^nUfΔkq qx)&\n_ej܆(ج@I\"4aƀNd0ąGks^vXm۹7\'_\rnʼR$.I/Ƨ(\"H2)ܶ˵`:\"El,>Пp-di{~>Y̞qj@66ن\0x1rڸyZoV\nzu7nhA\0Vܸwnfsb|sV\"{\06A \reu1@pg#y^zg%މB༥8p)U6Kчbf]n`-VHRG׷U[6jKfm#\"C;D;S}۽m^yd&_W˙mmVU\'8Kq	<\0JՠSY:w`v??#DoWQ.܉j8/2`!G Q2ZEs0pYv\Zp\rGĶq(Pwiiji>waT%j}JVD\'\"4\r\rZq\\k|_D/[˖kk\"q<^?W9wvP\\1//y_j0\Z1vmcՀZ^#VA-  };\n?+\nep8ֆ̅/5`l^{lNU>FV%S%N峕HAS ֆ\\e=\\jxߕ&8kҦ\"C=@LTxw^n\'w9P]fqpsx^Ziڐgc9wU*ؾ׻5}D	G\nNYM8Cd۩/h\05$&Ll,փZoAQWy25B\r(\06|;HDC? >wf4h\0(-ضUEjqd97Akp8۷kp\n0pY%6n^ RinZh#kMZM}+6\n/߸J/Y+_tp/a{d)i؀&{I=3eO+X\0,v\'y n\nYxljc:Ͼ85\n+52ZqbkmAk\\`hanl\0מڟ<%SR5gU&Tۚ2q8:I(Mpu]PN\0t\0rvsCg7.謝PI1D5>yu6Ж8YjCdXEi@:IQYڨBX3Xxa^˱Mkq=NkۡO(h-b1rA\rOA-ԅm%B/DoזEd+0_ieJ,.PDjomZmڔژ-Mے%1J[+29ZyΦ-GoҪ-nXkjhn_\\K[ܰ1g4\\F%lO<mٽ^w}xQ\0v5~ه^\0[5x\rཆ^r\n^}/m/=8ܚl=[)?]l( \ZT*SAv&\r-w0/Ӷ|-ۡj+S=j@~Ԣk{W}Kݷpbw{];hny2/~_> mp:qmm\ZoigGw-u軇u@	_Cjd5XPgywpbs]\\!`5~dOlwBDX-ܮ1J,9_\n^uj\ZUu[r|EJ.M̌Q\\^b+*c\"/J;r+.7F;8=c)@6%nкZVqUZ՜|IϕƉ 䆍/m$)s,AAFnyx^Er\Z_2hՀCvh@nāW\n0\09p p0.ڰX9V\\%}tTNVh*S\0fvgE>\\T~7wVT[FWs\ZT!ﯴ`\0;5X-Xĸccv*>s.*jWx[pf[K\r^B3Jl8֑aAfC6kE;DvYY;auQtgtNm7k\0ľ#??>gug>^j}ڐոT481ݿOWg5zpJ-#]*(\"M)%J)MPZY%P\\>G9E)&\'R۳(*s\"Ӂ8u6Ra\'oim]5;\ZE)m=yKiކyzr*opE n%͸p!q`\r`\\[\0|hoT;x-B\\e8pL_$2\02՜-\n缾Ӟg>PPQ\"<7|LIS|w>\0P-~y\Zx/\\nRϭܷ`\nN%5B;BG*],ץb5ۮ]So7=0Ȝ(rv\06{Ex*!8.\"\Zj^7,o?};v:9ñױ1\ZMv)QDZ?77u[tt->85{YE]Բ%lWbQS|V\r#\0x\"3L%\n;}#?s\'ӺZc\r Ʊkpuzqr2%%,\"Fd>)\0T\06:oe9#DnT/98Hu}\n\'s\np9yຳtgx^xB.Vs|Z{Г[>I<-%pMbN>zInĮm]m pAFq\0~WNWk3#yv@mZmණdky7(\"nԫVo}kR囎|~0\Z H93:<\'\05̱>G\'yqsk`7H\'yya\r3?=_9_>~m)(R\\QU#gts_>/޷~{]ｦS44S\r*o.V^]jUJVjvbFyzvm\"VwoDؤ\0ЛRZ_CqVkbj-!?dt\0J5p<&E|m`dipȿV/NgٗmS\r_k8(E\\\0/1f]30;Mj\rѲ\0}Q< E9*Vtr$(oo҇b ]Y9jHNZsF~friD\0LQgk l<x׵!r7w5OQ\r6s]sk2_:n\0<vwA>\0poE!G,*:h\"j.q<-2PO豎_Љ^]FW_]<=;#90}}J^\\r%Kns}\'Eg?>]ԙ\Zޭv(%(S{u`TM\0ߨ\rhnl0puěp㵉8o*D?ވ/[=xE\\x<-k\\ܳ@;\\(S*9WJrl5ZI$(HtHx<E*9_\ZnUb9/.\r`sd߁K;\n[CZ7kwfT0,Mqھ4eje(U){3xFmpnl m\0,΁\r^G\06^<j;N[$nǍځ\r[8-vHch{d_\\0kК~B1ZbwV%.-:#89q<\0מ$˞E9]=#N\Z\\sNU*kdG-VLQ1U*ip^}~Wzk?ЫݸhF\0\\u\\kU1J\0\\8a\'lSBQ G( scxKzmq!J+VjU1L\n^Fapnp#̥֠z2)zJ3T0AiAKu$xhS-1Ѧ8܆ќpp1[.25hi](Ep\0_a+l8mu_NfxM$pv\Z33\n\\1})\Zl}6aZ͎8銶A󵡳\\6\0d>M		72pnz(ga\\(w:#k9!r(EsdG6>,7==gܜO\rRӕG:ӫ:\rWxu}UUSU2~Xq}j}[QآeU֪]{л_\0yڏwu9^MkhjLC\rj+pDeU=Rz]i)[)`s6RЭ\'FuڜAlN.y \ZdeQknaZ\0?\'@޾BJSdeBOVYz)5	z*}qTe,ӓZ-?tq׻E>vJ\"DBq`\0>_\n%3a[ajDM[c·Ty`s0	*p4+grw+5O=h~E\\钵\rj̾z>?{SZK!g\ZNn@O7&>ޭd]AW:4m8\0\rzPAkGΙ\'<{{iYt{gWtu^\nS`90S?hW9c\ZTDsRJ2Fu\rO\\~M|t86;-iR?YdXeV%7\r6FRmuJ(ܬؼ\r^mk5}-\0uZ#֒בW#6sKw]O\"k/[\ZʵguSV6jeckW7j\rZPU\\4ZPZLBܦmf횀s~bHr\0\\{}m4¹e\Zթmro}}C*~Tr\'bHmmզR\0Um6f9/5QhM3Xbo87ʾy_حq6e  چwRu5&݈	 <#8y\nQm)LVy2xSQ{{8//ګ::[[n;S?Ӏ|7Maɟ$\\UEֶJ\nUVBEyBM-ۻ_g_}{@gi:wv`rk[cλpcQAJNK$DBFQ8SR\0*	1QbUZr^\0ɨZJVTW{\n;#\nS(qSA[s\\jƜlDs؅xp\0X0w`Ȣmiύs+(jOT}sȾ*JUd\nmA;\0O\'*{<QȖ|kM|]q!5]F#Z.5*ͧϼI.\rnUghĈuv7(<!kR}\0~%1mDNV4hď2} <ӳ8#97Qkto<utSu[~..=U20y.%]mtKn	G.)eשHzWREժ?|rZ_C[z+Ӄ/~[|%]]4p`Z[p_\n%	dX0dn@lΜVA\\\'ެlik>y\rڄndb=\0/\0QןU*8P[=%S2EX#)Q\ZMjAy1#MkfצqUxm$sMh56|F!ȱW\ZZ%sU8|`͛WIPD+kb;wvtj)\'tй9o3\0ېZ+qZ0owh6\nۀ|F(ڹ9m\Z٭v߫yФW-.༯֩:נw:u,{q]@>Ml8`b)\nc?s}f\'(̎C?E=m\'tp7t7/+k@9hڟ=߿47׷@>;!\0|G*uJG5t2(\n|hC{9mW2tt}tUǏ=\ZBdUP\\ͭU!C̮dns\0Iś^%pai1Ŝw%\0ޔN7hM:-+V,S+s	5>.TN{>.TGۧկj<=Uz6SW()x8` ƁC	gY\nVȕ!5F\"l;\07p;S\\L:s&㔍\r`8ǣ7S=eZD\rQuɋF\"\'Nl\07Sޢ^S\rq\Z~p_3[JiDƈR߃>Wp^J:rHvś\0\'g\0\0s\0yOdVh}Og~r]9__^Goo՝?_to#o^CU13J.e4<_@.\\uX\'OuϹ{._c7|*+$+:NՀ\\A@9ʫX`(qZE\Z\0^m8UZ\\WjS\n\0P%S+«UtUCA\r·ƀ^P=h\ri}GTZVgިUm+Wpc5ktgSY-E́lP0RMZH{4\\f+sF˃čCD!5km}M㹠.7sÍ\\v0mxhaƬFQk@̙`^sb\"yI{?H\"\0:5gɰV2}7`#=S.k-EM8/u/>@_C]ۺ]yU;uQ*}B凈B\'UԮ!uޭguN;pm]KG/#9K:xz̇Ἱ8p~nc!*INK+ق\"Tx\0\0ښ^`H1m6קz@^KA<zZPO<ېv~ާ>ڞvĉM=\0CA\"՘ple+VM[sS\nr,>\0\\sx\Z%>]\ZN9櫍\n}I_,̤x&IE\0\\2ćXTH65kܚbanRUq.Mf\0Zg6fԤ\rW&{N~u\\g|B~fs@H8z@3?D?#\ZϹi.k;[TxP/gʟ>;nxhgcMNq\'T3uI5\\ΥvL7գơa\rLk\0pҾ˯}A\\<}շSm*%F#ޜ\0`ǉ+\0.ޢT2 Nߨܵځp5ڂ6̍\r`ިI8rK]%hH{zuԍx]OxG^S\rVix7{\0=\rzp2.{&3ps{q5d^Y[7R˵V7Pu@4M\0nJ(JhMq1UZ̉2o^rEr[Zυxݝr0\Zקyop@K\n7zС7fp3HlY _^r^p% [D٥9\\ۺ++\0Ɋ6o xx?\0ޏ>yǺ*\0_ơ=]C߸҉8˛6~A\0>FܷkN޸\'2׹7?Ko믿+w_ɫ5~dJj_~MRðba\0U8j&g)3ˣQM(xm8a]zEȑ[7}kk)6fnԺ\rZJ鹔r]o\rjmro\ri!qd^s׬C;UsTk}z*W[udKg\0\\N^bj/Tl*T\01[?]BdDU+Ra\0%fM\'+-āRT8S;]ڂĎn$mTH!p/-h&4<;К[f&nyjMZ3l.D{5\ZN|(\0_D\0lM6\0O8XO\'i`>s_FΓ/ҷl{\0_[8.7_@_1\n\0_:*?\'fP]Ѯ[:|ʫ/\0߽ﾯ?X/.r[G/\n8p*T\\\n98P}]Ds {0g(\\%+\n6jG\0x3n.5Wǅ37hZNw+iO\ZH1oh{\ZU]ZJ\Z|m	oꮘj#FTpy)Bw\n\\nQ5#ʏP& b`\"A\\0q*ܟݕV-nfoMh\\l$>­l$-n3|?xzF2\0q[z+9M[\00}ovjׇc:ӸE_]\Z*yfbyO{:\0v%\n0ȦāgW]k\"ןm0!>\0b\\% >5T5y^3gT|`P#yjܥ=/Rwμĉr.ܿK}Vo|+@%y=}EӧiZo-RF\"j)N(,VpTxyVa&<2\08lWx#\",6ԪeZ\\qӆ\0iiu{P%3޷pٷ(naz$V\0q[80ަ{\"Nn陪|M9P[\\C@kwi/ѿǍM}q81-Yu8e\0]l65ed|u\r\\ WDJP4Ԏjvl-SumMD6đ}xM%{m<حyڷa;g.\ZhM6iZ;gx7iǻȿgpYu\r__Cdml&,HY`4/:p{W/_LFg!njzS=tpo?}Н`Jgi\\*:Ч<>{40=W/u]\0&^c=7ݏ+haM}0@{*RZ I\\EV\0_Pk؉ٹmۄժZ^]e	/jERJY5DTD&-Oޤ5[~+ }|:oКw 9c:^\Z&S\\웭J\Z)px&\0~|@C&\\I}]XBnq!w\"Y/SؓtB>lΤD.l]׷ia}7fbkl9~ؾA;7QTĆb.p>y__9\r, 1˼gg~etMF\\M@L1{˾\"F㊵[m]7_D?}Y+6:?|OCWTw,Y_Yc%:#yN\0*z羢7Mgu}M:aro>jRY^a5 W%>\n?|p5:Z܈ZZq)&|LˢiZ1_mzF?@\n\'<1c-1bVWLKtA٧7p\\2o7:nϛs<mhsޙr}mb:\0}\"hAa\rk}TuTY/.<A余℞4UO-b-&u_uek!́òE=2lRњm=F&:Gm0|\nf@%6}{Q?\\\\EEwE[^s@ym)+057Lvppwx,KgklW\Zu]\'Zv; i_W\\+z￦s>鋚CzEM\'bzHٻʴ:+\Z=6Sw/=7>=w?ŋ\Z>UjcgʛUV(\r\\pkӀRitJHVFIs)\"e6įʨp|_[毙gV?g7<EkYZM&`]:-Z]q*=RE\np6Q{oaǻ_\ZԶTR<T-jdY5o[8Kp:-\\BĈVbM\'f*ᦑ-F\0p\rO1q\"_;ʵ+S1~Y87ƵGگQ{kAk7tz7VHenw/;7B|ؾ\0\"n\ra̾כUowh+6dF+ρ=׵upRϵ76A6-즆o!@d1ߋw\0{|9w}\r`kUOÿ^u}ﾮUs]{ESCJ-gkϙ:~νz[gѥ{{u\ZGUS%FShm5NQN	ٛQoY@T\0qkq,3<|+!/o֦5za3n.Тu絀5, ?9=^HZUYd5ZNr(_ТZY}Qj\0 Epn8q^.#iTY@[;͠oTWx_\"B\0<>G\ZKj)ߩj=8h@;\\ BNQLlWۗ>3(mI-s3q-mIe(\nɸnKvq\0Bh\0in\0~MC\rZ#N\r\Z~A#o6rAow6ln\n.j\Zmm|ᢂ7kdۗ,7ne3mK8_p׷z][m^o?/揄FύydZ\'noߢHnkeLO[UږIk2l%}EZ}G/<.}R) JYq)HSnyKSY8RDZ6,Հzo|^K#/h)z!r^B1K$a.ZiU%5ZZI#)꼋Ɓ{c]\0}yTZXUMɜ@P\Zum&~rp9\"r\\&R1d_ۍVнm%L*gr*ZK)W\Zys낽Q^86un-nۭڬa4Bl7o5j~E\'7z#yoz\06x́myWt+}|@hio銛I{f^޻ā{溸_~@C\0O{DoM򟾦Y\0uإ4qz\\\'{`޾8܁S}`RmJ,Udv%n֊eZmYkօرTWh{jrBfe(p&tR㕘)[%~Ҫ-Kt ^ۖi}\Z$Y	+6q֧h[ܿZRZFQ0vqlE\Z RW5ؘxm&;^b{CJmRmr6&E7oxWmJ>Yjs\\+jt%^ilT\rQQMQp^T®w7p˿a\"m겛<o6av܀ݙ\0xw5xKlxMohf|M\'>9ڈ,^KW)ꟑ1I&v\"܈ygZ6W`3 ]txoL< 2>s\0_3}?;#o׾k\'򏏩g|,U.\nЩ:{犎_;\'52;@J-VLn\"ӷikF^	!f6\0:rkĎ\Z\\Q\rH디EەĬˈTLV]Mdޘ8\nYbژ@qV-\Z~]<\\Wi}\nmq7p*ؿ<~$1%w6Uk\0Ywk\\l9;@կ=JժEe؛hsyyƀml؆5N*T5&j8N&?o)/TM\0$0OPtZQXiW^&2z\nF;Æl;n+rεnuMy(l&2pLfK\'$թt\'\Z{Es{㏯̚-hYW67\0цM߽n+1eb7z>\'ڏgNݏt??tV!utU\\:ݣ3wt\\}Wi\\ٕJۡ(FTPoMX3b*EƮڞJ1\rJޢdHd؁nOܤ;Vk#n]q\ZmAQVK.ѲEZZU/K7f\n\r	mmSjmgm%G}vU[m96f,lx?6jwhaMtRx\0zrb*n18d3\ZUg+Xm6CU~Kw*f`:h5M̚nQD4.lUhc7y7J3]v#x\\7,7gp{{<hbw\0p֮tg\0:{׽q{Ex?r\\¯8 6pAkEg?}^ɵ-bz޿йyO?\0>wݣjoRsYSc:ufjxbXmdJEJ-I\"nST&zwaVE,/(\"bVjEŭV4`H^MJڪH%G*6i\"7js\Zm^\r!\njZz\\W-Z^o펕Zyn~F+bic\nEP8nƽy#.)$27*Br[F%ƪن^烜2{^W~Kk˵-KWpݽ\\NÍ{_x}ىݝ\\ _0&N\0}ke-\0o5(6wkPB&ϦI|0deSePX)Wds$EA6\na7<܀]]n.z&5ne\\v捽BA|xn\0`z\rө۩?Ks` 3s_O6hλ/a9w:k+͈\rH_}Co÷p`/.\0	~_r#A?~/*9ΎjfkK(EGSP|ʮPtvs_c5Z~[1_ϯ~^/TdfHبHu{ZupE(mۤV76:xl]m	Ze_P^6lǑµ`Z}!Qb\rnFl\"GenPtNb*!I/QRkzo.Z&k{m\n.=W[e-骱E;=q[@{Ӿmxw}976-JTٸM<VF\"}ƥmz98q?I{Qe<Y)W\n6^Z`9+ڮ=7̜yòUjҖXE6#o4jvv\rw5nƿ_zMW]d0%?Yq`+,_ƥݰ\ZQ/<x6\0\0~K8k⹱\'_\'R>wV\\Í513>xD]ciRz\0)\"u6%ҷk4ӢK##`)gVqɛQIiCYoKTDmYOUk1yX/طT.Ђ8Zy^ku\"Jm!2lZwλVQmN^6\rYćq}@k#=\0-c8cʴ)CU˽xN\rw6.|`oZaρe\'\0HkPYަj*P\'1PeU{k\"lyeT(ׯI*?^uCiRprؿ@y\"xDح\rෛ&5pllMC_oQ\"\0\Z >t\0\r^[Ny^g~qNgy_ֵ?\n7`bu O{~@6\r~3K~?R_WCGK\rԫZ]5ji!͞;5~vWϾQOQn۔S؜-ߴgIH@&oQ|%nV\ZΝSTpLVnԶbay:J+(.[r\\ߵ_s\rksL[F,[po!I\rkb.Rz	\ncz^@Rվ8a_-(р͞v0V4O/	ꁯX]0fR)l4\"T8\ZC9*9V\0nȰu\'}ԩr0 ?ZFkMwnsᷚ\Z^}k?\0_52{wwaݲ֬=oqIgmЯ.#[lnlCo,KL~8Hч}\n:ZzW?/k_U@@~\r+X^8\'ux^:zTI]RRn^\\\\/[M8ָ-Y\"D&%dD*Iە]):%<-qđDmۢMq@.ŷ$f[О+p՞%dwn1y6$HKeZZܷv_\Zq:ZLέqr\0\Zv\0lZin¾ǾVWVy\r5-%B\"w\0.2\0iYD}jP\\m:oЬk&\0\"[C`s_˿=7zl&u#p_ohVĻmӉ/\rۺWU߿Gb&7ү^jd⋿eW>oy2Uzȸ?}\0ߤ>?~G>_ȾCYC}Aك?-y:[u)~Y_>|AG1U*	q1(M!\ZP\\Z4F)){yHު2ܷ\"Yy\0Wn^\0L1qJ̊9qˈB[Y1dned۷=,ρV8i\"◓#T6Z}*.:Xlߩ|T\r[ACF=5ž*-8}_`G\n:s_fd#vy{,B7ѿ!b^zI\'+T~4M)MwCA\\F..&`$Jt𶑣[.6b.p7[\'L&[s[]_2u5:&/ڴ;v #c;˿N|0_&[#Ⱦʖm]E +\"ĕY&~epʗynۄֿ|[+N?J_~p釺Zs<Thvԯs-/Tg^93[o}C=Puաr唦+ YI(Y)9J5ųԼH`q\0̥\0q\">IMKwpOVrnR򢕜ɐOߤ؂Mn}plp[- g0t20JV孖qpEx~dE]zW٪h{s_$:\"w[crUdӾǵ9Nw7r=\0Wp\0g;{!<3Tv \Z\0\\2\ZԊ`wyTik*.x\0_Ъ֋+W]7Gܹ*:_\"oz0\0[ݴ=D1]5.7-M`=ҹ_+:Ok\0\"o,.̶_`E\nsn7pGw_B_u\'}R\'ohO7F+pҽ<FztiuI7ݏpw\'N5v*R~9t	sir:4U	)\"^q\0LuFܛKDJܠX\nd\\ם\0I*NSVI\n#I%qJ/TJYK)x3#ۀx{\ZNA9\Zg	[ae]SeaB<&7Ti}ZRř*wS}`Ň\0N#/^M)ض8ܛ՞X4\\p\\ @[a7dbDw6T9\n	{\0Ϸ:pVsv`5umZ\r\r4p^\"ծO80/_3]u#/sEúkY\\ڋ洿:\no:hde8+[|_W~&\0;X7˲?>?7[vo;}ViT7[tSArFgnݼ#i]mL<Wgq\n*o|%y*ŁM\0@ıKt@\'n`\\7y%6l};pD`pny+/IIخm/qr7*7[/?qᐆq3pݓkY&6`6r~5^~-_,x\r}7fY:#2lJ\'x^7z;WbT⃹^gU`\\73W12p]w%BM)\0Rss-ZҮvqéq&izs7.<\'F{?)w#E4-0E˰7uhpy/;7,:x^85lqI/5KnEM_oW%kُNknޥWNc:vԾãӪZ6.[5\0[lͯ-DRYW*4\\<\nݢ*0\09 R8e\Z\0^zJ͉VNQS/sBT+۾岂8q\0cm&oݠMބ3m\no)ds^އ}g!i%WUtoxp]s_@nfKxm2Û\0\\1mΌ.zg\ZTn_v\rδ|>`Y*Sj-iI[Oܤ}[a _hQNJmw3n8Eİfnti\0زo$F4	QwN%&9\r0_\0vNkE\'d_\\\0\\W\\lY,/,@_uo[\0nl6pkzo쮌u*xڮ!\0.AYEvN\\>cu?4j\nX8e8ExyޢD2[#9TP\\8.:eį[8\\8lCmn8w~ury}ӏH\rmz\r@!oVM\neGL]wȾv\nP@\no_0\rM/qЖU\Z΁9ALld*.ؿ	ȥ֠*SB\\?̑Kru\"RLVkSK6ƨ}7m>oYܷ`}ļm^i݉x=ļ׈\r㼯kvxGvr\0sw?z`ښJk0g~f\0a?+>gxi^\rxkNQvۺJqw?}cgtOԞϼ/mN(}wٯ^ѫӕW.Yy\'89jQ\r=2\rVKKuw[ۈ1ɼD`˫UU}9XX#(\"bW*:q2\"]q2Ë\'U~E%Xpہw+F\0fb&۴>UȾskŏAFl(MAgr=u\0/(/P\Z(qa!ywj=`  ɿ9$B\0e.7Ԁ;>ۺQ|(R\"uEdrmm+ԂUQM#k\"v:x{;X-2X0\'6v_m7)^oF\r=_om̹]lMAl1`Z[þn?KިS΃&7lhπ&:x\0}}m_xC ^wC˷t4U^U>%U+y,C{߭_C=e;c\\NTX\0p\n\Zi*v@HVfY,ƫ&Ub\rhRmb;N[bWh[j&P1rUR(yvs\Z\'DRmRT8[S`\"U:H|.ٷp]d\"9>3ƾ#ZӢeO	mo&.z\0j7M\';lI%:gqmuxU}ϩIA\'!Bpw-	-=Ӟ2qϝ9{}\\kwd㞶\"E\ZAtWUEmǜb$s6};tb1\\*<D.Ry~0Ca]XxBHX^#QbG`%R&;\";{RD]DI+kr,آZ7+xB4UwuP/ǌZ,/`G/oPjIWُ̳m[ڎotS Yh;ց]}@U*-@~iLV\"ap jJp35\rⲓQڴm(L{}d\r7\'#X6}\n`-)5T؉R[T3V\n08+E0u}TqANԂm-d9NY*$#lvGp\"eQf&:h#nz\rD#a]:f.+@=(A7R)kIw\Z Ē-K\n,KE1`EQÙ|yVl*i?dTKw\\` ;\0*i\n^bAF>$Neژ4&v1#x:!8L\rddGY[\r3Z	h-wd#\Zݠ6ݨZoU(\rz~n-?Fjf*|3a+=vKT~˛f?ڄ6@NW<5zIO2@R,\ZծDqmRߒ<༕)9l<	!~,%h%β癛qM<{kk`Y^lh#1ij=vV\0{xZQa{PS=نʫbh;ςqWX	\ZT 	[XnI<w3M)^Qjl/%sO=Gk,fղ<W4e_Fc@ZT(TyIOs\n&nV34Mz\0cRiUB`	A!ꁈ>\ZG\'G,hĳ]qҍY:$eڶ`ҭF	FYv\n|NrN#U,\rW:[K03o^@m!Ĳ!lBEW\n\\jAىf*vˋu<Ueۋh}T~fڍ0O΁]6o;LS-~jѼuLފP\\|K4*JK}}\rAx`7&r`f@!vH\'!0h\rxBςbs`Gl6XOVw]jY6=ѥAMOlg\rA?EURD2xLD@t_8օ\"z]8R8Av(׉\0n6ۄX1:!O/\n`Ȭ4F\0h\n`8XMS-ʤN&Pk	[k\n@<c	0BR߉!\0Rb+4\0\"VʳǤmRj\rQ\0\nj}\\\0n\"l\nr\0Rehp \0p`V\Zݬl	)b^6=\ZSe{0<BGxתĮ\ZrѧQ%ahXe:\"ow\ZN5T?*GIu\nJʕ8w0> ޚc7*!B\"ѳ+V!!;vL~	gOC΃L&sa`>G+>n1]hK,S}Ô\0:#s<*s̶2 x݄ml=ler-q0@72s9>^bYB$B$Ъʪ#K4%kaCh#di=+\ragB]	*7r{Zٱm%[I_Ac,;SqI Oh+J¦.e5F$z]b!D\ZM\Z\"u{pdA͕b4&+o=C\0Sp6V\'Fx[	T~V=ᯓ\n@LT[7:6E*c,=T5p*Ab$2a\',?mcSld!*_T$\Z$aP)\\LJO\'7cGx#>5A^Tkػ--$VvڰqXsTXd<U33=Ts?a%\nlkBl⪭pH<\0υ\"xү}f$pz4$qKd7z.\'oNQR$H+t겹r-Cj͒\"VGf,\'!sea&@e!D -\nQX3<+<}.p**/	Ҟy+ٱ3Q`I\n	<6BECPt$\'Od$v3K\"D2Mf=0$<	\n\r׫M7k-&6By(0AAmkrK CY\Z[MT6\rB\ndDkKL1Iȇ1Y3,sPxh9矫\ns7 0YH	C4	eT_*+ar\"y^3(	\\\ri!ࠬd\nMb.lj͘MBChMfL!af;~bgTy[~-(z(^0CS\ZV\0%\\JϏ@,o\nKOH)a\'}<0-N*@*\0Ke&IO7-~*upK\ZBbeh<V\n7IĞ2!(JڵbxX\nÖ$-aj\0C6&\0]O^PD紉2Vt\"טEƌI$8ik#xk;hVQ	f3!h\ZCU|BJHxRj+|OB\0&\n`y؉/f2gB\r7_{!lM%vV^:dp+.S~*2a,k\\ӥ9[S[}I=4^K-	\nWXOc8IwC!.͊>x\nLtυ|4]000$z^\n`gCعs\\#N0vzΕ9l.i♨ū-ӰM*ųT~e(DG8XFI_wL%#;*eV\n\r\0U\'ɛ_hKd2f&BՕ*DHw{%	p#\\ĮvXE>\Zb\0*<Ci	r awRbe3yoxK0-<ZQ\0 J, +KVI\\!кLDJ\rFZ&?X@f\r5\0kz!̟ELz\r>v*f<H6TO.مh6\0p/wy&-2_/F9Vh;݄=mXYHHEsH9{	ugXs-:NLX\'Zz5!\ZN%0kT00K!6Cɜ.l<KQKNnΆBGY2Jvc-zR9Is\\?YFb\nb[aI}/}(9_,e#I2IfixX DLBXT{(!\0KODYeE/lNx[1	(-U8.a5ps*/uDRcDR1Qeŉmx?6/!K	2HnW$~`)#dkh Wf*r3*[2nfn`͓cyԖ_ݐ};Y1Vg\ZXV\"g9rE3T9mFvtkPZdLcGOAXz#T\'=*\\\Z@}Y,sUWv!kZL	J}f}0S_G];.}՗>Lb*[Ҷ&!!sW2vژ^XLFV%C	TFOR\'<06TW8J$q҅6!.Qy,jJQᑞD&q2̙:Rثynҕ.ϐcR\'}kF}TLT[@E6#ƶD\"-og!%+g\'<z1	HH7-m\rChˤPWq^W=E@f6$+\"MC[,J(2 RFF\0:y|MT݋[w\r\Zo@ٙm0ȃm^:9	]u<ϮAhvko^s_t$cIJ^;c6j@ʁ>v\"\Zۻ[3{=5f(an\r7\0h\",I5c0Ͱ:W;؞\0Qu5J3	i{(&YN;n8čeT,xnz^̣^j+f^u1Fd/]h2Gl(!ɜNHCp$8	]G)wchx,O\nK2\'+^xƗ!8T\ZG4E 9727\0wJC&2Iz!\"qܦ`$ouBxw\'	g)$0U\nQhN1(-M\riz/dC`QeXvu73pF+,uXsZ*oð(2cx\rJN&+odӊC/Л\'	}&rJ\Za$ld[9jÒjhfKk0w+6L]m\"-@0QD`	Mg/\0mI	niH!li9X2穇/uG\Zd\'#LԔIUӒT)8G\'İ\"LSM,K5ϋ듡dIی+KjRޘ$Kf~\rO`\'0Gt&B,u\"*, 3d\"-@\\dBGX/sX !!$22Ny^(ڒXo-\">aJg\",\0(pf߭8cQr\0Vb`S]TAzIz<`y\Zu7i	_\Z8XI0LLpyM,>լTL	5ƫ;o?\'~&7,\'V4!.-KaK\'KjL\rKX\ZX̀t66g1fT[EFjEZG=̧O}PLEaXOgÐJlL_lknfpM[i&6ɵ>=d<ЍLd}7Ded L\"7D!*!	>	xO[ɘ˳Nr\Z\rNizd,_C\0S5\Zq$~5K3W:9«	}-VX {3|W)k	&9\'.\0,cʤ-C3lK #̡i!~H!Tt@$nb;\ngPs$T$T0-{j (\0{ki9dRTiڅfO,ύN0ԊA<؉=hc7AGN&|*?qpֻhߴ))򃻿qQ\"\ZPM<m03,ݑ\raA`d|3\n]Y@X`2\reKiFcg<?ǋ3Y>c!}by%6\rb9%\Z3)2&Wz\'/8NDcR\'%$!.c}l&_c6\0a2Ɵ\0SqidND\rV^XDNxIcTDT©A=uB\n[Ë^G	`t[RJ&\r\r𯑧 VEU7ZKK9AT[:I]G˰>c.nêIbR+jTQ?\\{\nh-Z!\Zԣꨢb3jx\0`mzap-ZoB׍u\Z;_W\Z??o/?\'v\rݏpq7Q!؞@LmM՝sĸYO`3С\ZO29-xbbz`Y:gabLϚ?LyOO|c<9yggTq;h1yw[V*CX]5^+ބOs\0OEr(j`YJOXdT.8K\'mL#)\n\'}mP<\0޳a3!Vkd2ZB,eMt+M`?*ȅIJ` SuEWBt.)\\iG]Eg;`a%O%qTz&~ϵgbHoΟI4h	B9\03x<|[/Q+pc/j[RYׂJԞ@+հΦF5aՙb<UPu\ZUWkP3Qe:)ձ<vv\ZxP\0eëzsZsvin1|M?#(_s6	M?\\|GT^#\\{S[}\\kSM3ēܴ\'0e3L&aT,ԝ=\\~0\'&TPeX<J;SOy1n8<;94&]L\"Q]La,]\nʱ*ʙ;k{Mp=RRủ\"&Li7R6\'!-|9\r+eѨZ!k؇ gf\n\n<p38߰l2\Z\'KjخȖOIza*g|VB;sͰ?AFhIjL`jx^Ϧ/mS+5eņXTY\rpa̦W%lg10r2.cx\"/З]Ħ;0p6ݾ~W2Zxu\"J=3ܛC9(:Y˕Pwmbڅ!z&V[1U\\S|*/m\\{_G|k	66v~OޡrW;@W8zZ`&N01)\'37},y3=yړ=z&&`bN6[]m.٘`Ν3&aOMƪ]hɠ\n/YEnpLƒ,[ExK+/D`u#n4۷0:ʹ22P_\\$LN(pCDok聻*߫WT?f!^BYqď\0K[\"jH{`\\\0\nõeNہ\\	Ў0#ӮP͗R	\0,=7JTB~#o8_#ۯMy;[yh;oƮ[MyComl{oނ\\64*w|+O_](TJ*tZKEJOhoA{￁@\0;f|^/~T&mF`o-K􅷿;9u|~3jz!=\0KB}k]Z.RC6Q1̜Y\'CKvY8\rhZ[R斆065\"bTOstxҬ*&̘3\'bl.bl1ֱ@@rYY%x!\roE]9sy16Pp/hRψZNل:2	x)O\'y^6k$`vVO*fs%-#\ZKAfûz)Be+þ	\nGuy}1Kb*r7<0>h1|*=@ka)?/eJ%+-EU>FSy(oc#|	\'ǩ7_cXsN\0yїnp81N\ZoHȠ)_\n_y1<QfxH<[seL|Uxapӏ=쯄S)A#;&fLk{>g\'w>sw{?T*Ͽcq	xϯw?mY7!$>>fv\n\0gY2Θؔ	v1tacc{{38:fbXNL:1o|X0ϛJeJ{2NTYPu	B\0YL\"B	o)BlXy5\"*j%aUEtM܅-;]|\0Wa+$*p2xi/\'f o\Z6BI!m#&\0,{y\0{÷0˼`R78pR;1eg8;>Vn;_nXJ\nd%a*o,cFi\rWf1T(z u>8=}>Fߥ~|g~G^=/p#z1\nJ6\r n<i\ZclBWtCdLL@ޡ,],X	י\r`ݳxoEPCp%oy	Aw߿+}V/˟w>{[_eq2$J	w\ZjMئ`\Z\"7e¦+[#XYNീ%,`goEV1>\Z<Lܘ-Y:16dӂ6求`.t̔2#pXE\"jEDM:D!%;aŮh:u/)ԝNEALw-.Ms`3)S+ *&2e2,^V	Z7I\0]QXG*/1N8t?v-rWONEL&i!ATeKj̇kq Ed,Øïw0<.!a8=x!N*E]NӭgBgE,T>Jb&{uEb4ZWTg?\'_ჟ~</|s|/ckxT.^g?}66\\#$9\rN^چsټO,.ln2+Bnck[\ra7VVZX(xM,adELLh>΃ٺLM9F0h.&R^sDa#!\n]GШHqd}\"ZԽǎcD(޳9x#{%8&mK,9n4~>J5|/,ZFNT]kKaShäv˭	\\:ceVC\0]B;ʟOxUR\\]Y	n.3FH/7wy*5*}|Cűnc!ߢu3ﾌ]^B^okL.v9D34wI\npYXy)&i+@lWOڣRmw_}\r%8|mϯԽnݧq|!~w׎<{_;μ%|\rmr#tmX3\'#DLubc]0҆f͊6ֶօ%-8jlK2=&hM`)5S*\'2[4t	<21VkGK<{+^^Ge2*6э\r=qBy\"L{qΞÖwq<jAjzHQ}	vR	2XҦXUڙnjO_:7L|}i!_?8Q`\"\nօG +KA]	/\"O8fb9L3챤*@@뷊^{?wV!-jED\"-\ZqLRBx\ZAƾTInKCT!fWqh1N<~#kZSN^vM&,yXyp.2c(9[֋;7_+`QM	軿xp5¾#caR\"t8u\r|N>S4n;㕏P?~=n7q{B2`aCleMm6zfr\Z&@[Glo\0K\r33-R=Cg<FaHp-t\ndPCc<&s0NxMgSsI\Z#*멸\Z5KIOLh#ibdF\0\\WWD74 -8];Quz\\FC(9؁<D #\0S:b|HXH𭧅h~+%؏;\r@Z\"ג\0\"V\rNm@B8dz3^.9?{w7jedeMɢD.IܞPWE@{X}4Lq;^W`~i أ2tU\0f)\03QIun!?p!ϬрM$2|=7Oxc}-<xG/;+Q_[}ځv{?~?~k؛w:q7i\\`h})XY,P!DXS-6[a&US:гԂ]`4S=eқw\ZcD_0O|ON\'gM`\'B˩ՍAY8/ê^{h!ThBE2zFL[;V܅LN^\"T`,]N7@Tgd6^zλQE&=5\rp)\n-౜[FXkԸ	];[i/L5d,%K4\0;:&\ZX9dp&s,#rjŘy	[g)#ZGhR7<`+q\nr\"kM\'Y~O#i(Qo}U4|__a^IDy?f4|_[o~xeb[${_bKzS\'To8}[u>v1Z]ĥO>+uzۮ}WkWkP=sk	#X%`@@lLx`C(lGfc<pҚ3ӟ&??gLߨ3}4!I:ѵ ԌZF4ankh/x55Ld<n@.ܽgOanA$mzз\Z+/.h~~f&\\K	ibT^TLx	U:2Np*`+큉Vc\nZ%epȶi	|*|4>uCIȲ#Y7Y=M7`݋y2UyQ=&½׶޹m7^KDȄG6p͹c7ҙfC\'\0>W_}e(wy]Oo{ӟ0w88.B8w8t5#uY]p`6>8qcK^8{Ȯ邽LtitegHYx6Ux.-ikF6 \ZfmPқٴ\n򴢙bxSgĤO͜QBm&XoV GV>&1Xڈ镨q3F=J*q%q9Bk^]ئjd&ԝ؄ڑ9!I4\07z^,uV凜ؗA\0e&NyX&_aN`Go<k9!SaFhLy^pcbgbG,EiBp#3d,cr7A=`[*>=װJ>Ń8ʋX{<R[*APP8^Y8<8HxGgi6)~xwwb?ㅷ>y\'^[oH>Ve4=ҁ6t\nGￇ^W?v	tFNt:׿Kv@۾LGǉABLμ/\n׀`9k\'XhS%L&/%UI<=3xx>[c,h<}BK0Sw*fX5Cg:&̘?\'\'0&>L%3Y-}D%jyZJkhXFR#D4-D,xZ8BC%⨼qWAU% GԖ!JZRD6B*nn@ўZlB,/8L`y\"bP5Te\n4ĞЙ*b3aBKlkvyp,pc\'f,uĴ Cx>_V\n~\n78:\ZɦTa^@\0@\'<,#\0v7~װ:5Z7/;wnFFG#JSn0<\0;..i~p&F\nBrE>;_Sm_#pR_o_CKq}&?x ?ߎ#/Ķgߠj!wdF4l=o\Ze=~!]\\}Wy6?\'mѻʫ\Z],\06YJ,p6b&+j&w	<g7_^h*(\rcڇٌw<3Yؿ቉Oii̜>9Spl&d)#+U	Lhr<=\0KU]Ũ\ZW LĄqT\nF9-F)	qhC1\ZӕtDD<6\"كzXS}}kXJ/_Tzf~Ie)=`g\'*l;b\\ڊlBXå	y\n.kK=MMqL7^bL	 ۃ*Jğ[N\\_z0w<SyA*Af|>㧑Vxe3s\n4zaQ`\r`;8Dc=1UCgnk}G?7t{_l_Ǻkqֲ:7w&J6nG=L@_WqSr[:v;XsEk N4#C0a?+/,0zE0֢	<HO=yHE/m`֛&30	L)`\"4O<xzsxv,^7LTTBxβuDձxj&jx=m!}hbji4F6H2+4FMD75Fdc\"\ZaSGFtE#CvQ}{hJZVjUk:.m]-lxl|cZBZ1gLV\0|g82qqs0ٶɱC=\\N]U9fK~:v\\+TkW{x;\raە!r[/]7^ƥ77AHkmĲf3})RD?x-e	vKbz_J+^fw˟?׿qq潏C3P$\\Báh;yoc(؂uWb˵G8(۸M(\\uPVD԰s+c@%t1=-T`>f|65(>xz0K{2*4\nJya>!}/\'\'c?\'\'ܜ)xvT<5w{#~HkS\nsQELmWplA%Tr	T2DvDA Čr4Dls\"si ĭHB|O<+1Tr\\E+yLe5مǁ]D^R\0>,uTdOYby9l>fbza630!\0SC1-X1?s#M ΂Mw^6fB$6.gܻ#Lcڇ=l˷@JK\r\rkR8\'%L	Wz ӂ`\Z莥)YxӯU?2Q{L<1}*Mڙ8tk/1S>w5	?}{}Cq&;[|\rW^ıoo72Zхuh<_+\07{ob-qUϡ+XǄra-ޕjcFu5\rB*{@?;{tL7gä1e8&h0sdLיi0Ek<&G}\Z9w<2sRa.R]E%%!+BxȉTD\nj*kU)*i*W^^Ő󕄗	]sKx#9IR\njSђuY#QJv꺱	w%nv#n(ǥTamڇE/[+檃\'ݵ<p屋6t]/7-<{r\\ISu/\ZKC͖ln4mcOٴwE㌣hq{\\(Ƞ7:P^\"`U_n2kao}Nv}MlOAӱh8	L%,?pWQ J7nA\\>&݊&dNT\nqy\'rcEt:`c(s-gUd5Kךjѳ3u*\'a:	&`	?}6>9&\Z禎SL֞x	*LgNRIL&Sgcrڄ\r7*y.FTԳ}2V$\'F$75\"Q<)U\0G<D܈X/Ada\"BBAdjܐ$DvDb\':ûڑv\'/Ȧ~.Ŗ\nZ*mbPrV,Usac\r\\7X%b	&Z`9y\ZyCu73.xO|O8	G]<頇7^3|\0\ZCah8pmGq8GѼZAh?p\'PE)	7؛WaB\'\0{g.&~(i_o{e>\'3aoO᷸ѷxpܼm{rQ9:&ng/1lE=ꋷلԖf kM;J5yk6b1x]	,x[YUtUX\ZӟsӞ),i<?Y<793	3$*-3Tۧ\'>$Pyx^AYixn\\LZdtnUM߄vo1͚eF$9ZNp4U8Hj\'f&*^)j\naU!\"\\z!ЪB]H#v\"g#j\\HK%\n5\nZJ^pS+/T7x\\]y6&9p̵K\'!^B	DwX&z:IDO?-qG`QC0{b=&[a5lr2Bs֜;<|^Mp5<-W.b*ڭa_DX`x\Z\0zek!q	BCw\Z֕\n.{&/qჯqp+2|]/t2j{P4;ҭ۱jv{5t\\B?ߗս-HhEzWoCQy\' kņ[|\nQa➦o:[(LљOEeS/+*&<E5e%SO?<~Re\'>=$&l={xMT	\rϜ`UUP|o2\r*\0,<Qi#9\0K\'\0\'F$6׫.\0ڎoU1+êV0#J\\8! g\"TD}}2SD`]>TarWbFׁ%UגAlm	*p|e\'hg\\`,۝@{W3ypLwK7\\}AГ=Rza̞װ6߾맰e8p\Zݸ[8!ꇨضqgHuJZ mt qY+o3^x+0_pmMlX{i-xծ]vP˖bv7-	v;vtNxӗMV\0gt!==HH\r q5:֡pvt>_FbK?{!w\n6ESfzb<LA:0`L	S\'c6rϓI鋧c<-̳g~PX\0UIŒ \\ȈGU4`*\0\\HhkFkKMҝ&\'4ɠ7Ita(浕Lx.L!uEj8Q-9\'O@P]8!اJ׳֢na]sBkKX	MBX10+s&s69&p.tDspb\"OB\'u\\[>[eɹ3x]/a={49.c7wݹ=wX^?7A&t7KpnGrM1BW?\\%i$G+`Q`\\_uz26Q/^A#{ۋMPo?m:]ZcR]h+.*o\'ښIlCnja;	w7m#kXO#{dBwlaT<\r0t4چ)xz8sTg+zSK1^w<-ń	<H{AH<e2$L7[Bx[XߩHnZ${5 \ZEXU]iX8ĢuJJ`FD=0\n\ZhE\\\0+!E&эECdCqc\ZkԊ	ow\0V{ӈV9ܘYTy0ΚT:_·E|*h2τEj}!&̎)+ykV|#g}Xg؄m1Ö稾\'=`Ë*68\r׎`u\"wq{.J#>Y#.6\"%\076|_+)F~7oO8+4|6֜CVzuHnjWݭ\0h?}^spmT\r\\o*ZYG5@rsrz6bΝ~oށdwoDmEZˤ	\'^	f⹙	&ɴrG{0W@}~&zӘMQ\n>~TL1.3[fP	)mèJ$H$qj@	QXB 4 4/܌f^&TrgM߰`GtmKZc-\"jJqͥnCD	zD,dr^R\'*,uV#۪Y6L4[jQqZwf-޳Ta\'aW(]opɞ2	~^\"á`l969`C6ǘ-wNa	\\O;-w^{g;t0V*6mŭ{gG:;(G4\"8Q}vJU6+Ǘ\0&ݟ~7\'_ԻǴsqGr&Dzvۀ\r[QyaR\'*}-\'U4;5ĝ!yk	\n:6Ʉ#sV?7p;ZHxչ룊!g&݊	,C#LX0ϖ$l\nˎgL5\Z(f16yL7[-]$1ͬPl8V@23M+YJBPcjdYlDa^(plpc#RXA\Z]4C\0~A5Q#}eP}oDl\"n9©5XZ߲ hs\0L%fV٧XM&,sJlM;[К\0;^銳dXSys\"3/}\\<6ya3G)輲o@a	{u<ݼmC9tKƖ`\'ɚ}11e	l\" .4e 1`±7>P\0^֓yND9U.$!EJ&ckX;4IpXT8\0^fim=(ܸY/GJm#Y!z2|&~TB,sl#=\\is0e,L/tfb|<kdsf2x.L	[$j)2I\0&R`\'F1b9,s#Hn /<:?\"\nܢ _[[CkXx^ +g\ZcX<$wᵹB@yKeSK4\0{bBWNuvEЅiaֆ9,k\"oK{\0frO!6M<p^!TM{a_do9m	%\Zb%erk1	nX;&~_;u`1v:ǻngCq:\n:\"ipH]/`CN-U&4\0PqMc~08?qwwZNGh8t\0\'`f\rU)\\KEQ;(qQAi!h;2ׅ}[Qۣfy~n݇&Ji-=HmYTMs9k]Y$0\"Ћ,1\r0SW.3\rm\\V\r[[OЭߛԣESΒ\n!$bp<Njש	ILi#ZX9h7^ȔKVWIHQmU̚yQu֢NE\nyL`x	,\ZK{P>i!i*1X\nBm-A2W,-,7̖p)&ȖWM	?K9Ɔ=_e(z/aӽ:ƚ1pN<t\n{_[qulx9mk\"-ʻq>O$؆\nlOl{2\n\'}2q{_qoqOq䕷4>g	-ͨ߳;__Mk E~oڋ#Wa!*wjR}V#{yYZ~-2E:7rlځvцT*m@L2;DV$Ike\r\"Uߤ,&->M_\"6e$)lFb!nXĒ),ESD}	>6 	&j5bEe ZT\\iқKh/D%S T=ʴ8J|1UYe.^f=q	+7óğ{ؕ»ԓ\0{i7&Z0\"&*ӌTd-0̘Ytlr#E6pEٌkIh-	9cELg@L>3q;APb`6\rAs8pXwԅ\nlG.l¢)8OSWf0c|_1oqЋo<m\Ztp?VR!c27!*FolERH&lvilۏ#JMxWw!kM\nעb(2QMk[;e۷p\0 i?z1mCVVrh&-\0lw>[bj@E\0X1kLj	-!H\")=\r8ɦ@*ʱ̉whu(I/4RG\"%ǉwI@9BMe7QFTЊBU\"%%)J?x$X@volm`Mbmg8uKd.2/]L+AKErL`E`ɄLVm8T+0KB(޸^mm#ocƫT{w :X+/PϠil/b?>x֜L6q!pI}x`*ol腭aG/37)+2_0W8[sݸWq8\Z%	m\'Ebp\Z3*N+AZ{(+#nl~;CWw\"0Z\0n7lC޺^\rұ5l;7*STfBLB+K:Z3@@E	}2MbhjGBr@Hg6KLek&z&ieFX^io\06AWيǒIW$vq2{\0GT\nDJe `e{zbZb\'#|QR}2a,}3	.=I>!҈禰Wr+Ɇضp%%(#\nKcaݏ\rTݾG\'Y_8W._cvFa<vT,\'Ñy6Ta/X.cXZ*$_h!}ǿppװ}]Bsh9v{wb~Hdty`#ReV&@p;ې׽\Zyk	&_h*XuۂNϮ\"vK~&-ٝTgzB\'x\0U#*[MPYQ5.#i(]RqSQTBepY1Y	rD!fVЎ:k\ZJC?W/S04;<B 2H&)58>\"V;ZA-Et,+IOa(|V,G!pؓ	9<Si0+J,4]Xd1q0i:=p15fɳdT؜L\nMX/  Ȭc*D؏ں	G`/3T÷ c? 7c,MK28F{&ڃ{2^oz7\Z$bx?q©7ǁҪܤ3g|=nLa3J rLĔV~)T(ݹ7 \"5j&TQFgr.oQJOՔD*[T\n,lObEMJP@y-N@EmiY9Eu	h	rW],k\0MPS,#\Z5k]j\0NJM/c2<-R8?{ANj!=0b#$jTw[lm5	qm)!.F$U8$+WDS41xUAWFp0Y&zX\Z,\02S9UX1U<e?B@fBGOPh_X)`pWgY}ݸ_©×pC\0\'>;/v$a;|Ո3}#!v3sBHZ6O\n<wG\\~}48Lr\rkΟG3+P\r2V&1SX	HB\"M;&)=2h1gwu\"G`^@F//2G.ٸuuҷo`ؤXkU6ɊսlgbGf=OES\ZyJ\n,FK\"\"]((u)6$^sH`	WH\0br\r2GU]RB\\b+F;%Ȅ ~eS%2#$Y/wa<\nh#\n|V\"7QMZKlI\0Gx	q!,^BkA;aB璤1i&2Q&[Eզց=-Ku\nv^aۅq2]|mLtgle3hZM v&.IrO~E\r^!7`oqOqW|CM?\0Je!:	[\ZYKm!LHk(\0\'2!%IMooG!AgA{FVklV^cS/&ݼջb6vfV\0&p5@ѕm tTμtMiH7 uJh$Ҍ־JWu1\ZYqDqo8 N%`VPddFmؿ\05)):>ߤM\r~\n\'1DkV5YYHCHi>JR]\nςep&\n`U.pdbe$KqRcS,j+*Kc[[YkH;!À\r:L&WaC]rubEGVy\\/l-ĆܴͨkvFݨ^k!`9cp}4A\rBLf1>75x!3^%>\Z)N>~-+y4^T܊LດkzF	\nx*F\Z. 9]	\Z{*R2h5rNo&ܾ8(<Sz\ZUCAf*e/!!0<t\0+u6ƙ5huGygG\'vAlKJ#!v\naJ&TyOGޛ(P%d(H2oIc%6S˒XTױrjǲ[[8I]pr  /[x-7@Mtc2\\|i6!u\ZBdc2\n[j gj*M!2]Ԙ	e񘑵|\"X^L8e`L6l܌-Pe\'j7@㶝hf@_qnهT;U[r2a\r6`OM^O~U08׿/qȣ7>xXV_\\\"pp?*vlFц^(!KHųȜWHbSXEewwRui!kkrS?*zpmBk2;ZM2ѝ)^\0Hf*k~@TdE9\"w(IdBAJk\"JVQyOlt\n[|\rT])TFBR\0N>+E	p*L!i\r[M/C-!bG,ٯ\"8Wժ㈲\ne#S\ZXbE,3\rPF0\\J\n	̩T\\#QB$.\'$ti|-}L$\n[`KiE\n+z)қ0qӆDKߞ1cV?c{w0zZ[s8bQ&vװeյ-)QKa/X8f!b6\ZL|㏪],	ܭ/~Տ3o#/^Ķwi!B-Xf|uLj&ttZ6})̤%$,-6*!8W>8w5Vl[M%~h]Blێ-;׵M\'?[4ȴK<zHTrX2@c4Q2K@R\noLU}}]	+jBZS[	BLXG!P5jҠ)BKJDb\nf`Cl&F<	\'fE\rQ8\0VUi\0n\n\"\0ˊV8\r	G^0ܲ!L0q6w@?qU\ZKiF;aAxi#2lr5Ǥ}\0\0IDATL֬\'@E<XH6si!h)O^l~ǆGܞr鸊WO%I\n-c+KuC/C` M|7_)/їMְ\0i!c>{GQ{*~\0JfJ#_7AV$PgvFH_0<\\ߧErVk\0Ne%Hceym\n5H)H\0ΤЏfPi	kK#Mtahk\\ApG%ȱ|]\"XaȠGRx\\8QQ5G Z(>}ȔQ\\I=	تFUJh@kM8 SZY97p$|6K^VF\r0F\\s)Ǔ~&MLg@7~*O~Fh1̨Jz %}fm&Y˞\'e:L*<J<֙ss1^;Val~/#T9t\Z/r7upm,	6v#0#f>|1ϸɷ8?pyZ:{2ΞQ;k6Y-li#hR$`pX&q2frQ\0k@ t8@~y=?KӿAh3h#ټg0SF_SQ7aZ2BHp%i)d0CAIxZ!\"lc\nOQkؼϦ\0+%U)b(	Rt%&H%)̸\ZV*Y$Wi\r\neU_Yߏ֌Xr,]BFTxF#7!aTy)^j4[0\r:(f:LI\\fd-D/u,9b3>wz:Ӧ1S|3,ҧ3[i\r6߅\rav{o[Cp<=#94N	iLB]a\0 GJ`{ym KT\n9FC|pgOS0Q܎\0M+4ZWV*	jG\Z*FE9J#IM]+}QixJD>H\\\ZKxfVI4R2</_@U*ܽv\r\r;QI+ˤj^?*	kq86\"N,KXG\"0˵QN$l![ ;hFAWܚ\n&iOhI¬(RV6 DbcYZIM(CXiJ)e\ZL,]d-D5׏Is`M?nW/a\nA\'j\nf(q:Ih%T$eT:Lp:Ld8a0幹\\O^d\0\0\0\0IENDB`','09168528555','a','b'),(1136,'1','Ancheta 414','Vince','Libre','Second Year','0013516414','PNG\r\n\Z\n\0\0\0\rIHDR\0\0\0\0\0\0\0\0\0h\0\0\0gAMA\0\0a\0\0\0	pHYs\0\0\0\0od\0\0IDATx^tgt\\W	;  G{ޑ=AOJ(S.%JR&UYYY^{z3ӽz͚ҽ$͇ι7\"\00ws\rFM,,`laC^XdA,[<5?A};	̎iG\'{8:F=3qNP8>G}CaB ZF6҇R}hU<CIۋ~97u#ӆVz\Z}\r*vvu邧m^Zݰxh䀣{6A\'jVP-lA\ZZoAfƀm5j&F|&TVcF\0\nJU(P@Ů2PBJP+URg>Jl{>](vЙb*ߚB[6º4ԧ ǚ\\[:T<k:ґV4d7 |\0Mp@aqvH5$ ZHqR.$Xd!n;w!י@@k\'2Hu-M<Y֋hhD%/ՠcՂ&Dbd\"#qD\0ʹ!1@x~\Z3Sy38z\'7{]c\ni}z&\'Tkjc\0F;55LG91B}B\0$Ț:^}\nf\rh\'E`B@=rж#Go/Dp\r#^|p{\"?ܢN?mn[p̢&s/UϾjtIkJ	o=S53(xkFf.`oT|\ZP5ܣG0Z\\@A.wʫ#%(sUD*s	t~ĖOj{:.9ig @ץ\"6dd!ٰi<>t!Q& tNnGe\'vz5qȩK݋|.vžk{Q~kl<-TmEuJ52MX	!&Ctϊhstc<LiB;M\'KgG	7}wJ C\n#:6s#h?&nvbH\0@&\r`J@.1]x</\n`\'\Zک6[f-;@x\nZg6A¬$N^L.j\\:r3]X V\"čNBk\'VBK	t]N+X~\0s&\r̈́.)PǾ\0,mF%ASӑ:儴.bTJsC.AbBDp(U*P04g*}s-i#ytiiskRi:=2#lًt:sq2Ϯ \0/j~-{9R@cR0l&J|ڂU=u\\3f,2&v@\0&C\nlB-p{\0B,scX=G@&3Gt)BK{*&ҝ0xֈNGH@nPY!}\0`v(	(xS>6`B6\0js-<fkۛ}<9f\n`%KZq]C=Zu-A&^M5z3UUj3e\nFB\\E ta\n\\!8#Rq9_F*n\\D\nP`!ythlϣr	m&r,ʕj|~1	Ctڃj<ƈLAg\"PgY\'\'A] /Ì=y:D@A6tZYyɉU\'/w`},TDO/xXX:+N~F>,Q\0ff`Q1w@x	qKXF5FTd@7ra>6:-%^B!<ndLCtafdE!.Lx]th-]XꇕZ0VfẠFAVA\r`aa \n5~Vk֠m@l\\V\\᩼qqXul#RYD6^8\\t^D,ԤBAG>3%$!1\"0B\"K$ٵrs{9\"Ҥsߑƿ;\0\'[36u=׍Kn}9GЮwV\"g\nX ArjF7sL\"ɻ5ugq6ɂ0@x;y,6mc\nf.CwXԯn\"F	\0+jPqAX\rƆ\05nUYy^ը${`VFdG[\0M2U@\rI&tP`;,,j ,}XsbDxp[\n<*]:έg_O81*1FH.e(\\/0!%RD8^\\8_I`ζЁٌ4(\"qBqcDfmk(3FBLGu)+uwSm\"ttrO:szQv^]ah/ys٫WxF$\\rP>9*tp-chζЊzXhJ%tX9b\"M2/%A\"դG6W4Jp麑وaqYU\\Sr./n+ Z\0e`͉#\njNL}\0{\n`F׮ܗ\0Vm]8/3g r^1!.\\&FUQVUbi\\Ixn-N1]JxJ#A\0A-vhB7\\2B\n\n:bĕ3	j*ϧY#E^N$ԉt*_MID\"\'\n:oɖzӠkBpA!$]Ү-CU:5DTq1 <ㄌC>\0rXTq55&\n`KjYW ֊2J&3V2F8ٶ1WĉFk%8h8Y6Dx\ZÏ\r\na#V EU)LEf\".J<,:	.DrN\0Uu躒yXפf)cсΫ	\'KW1j6%HJFUKщ%:;\n	\ZT8J?Oľ\\f!\">yĉ0BeW7u](؝-\':@*M{ƈ2:s__\0y~Ł拵j9W5J<6Vd\0\nT[e4d! At\\oDUP܈1G	kpy\\}Ǩqaɱv7+?XvJۘ{t_Vmf @T|+`98jt`djLT\n.y`qJfa[!\"UiJ|(&_qzf^%d&\"J	8o5瘅%B(7)#:\0&\"\n1^QQ2w睌NFǕvPWtVu5Sja֌TQ%O\nȝ0A(X!lBXrCbeDvQ;&Q\'DTr>B,P70H屜Wc2 Abhծ5\rK%a	l_s8jH\\`i	q~@N)3T\Z#au<p?8Ekc9/.qZ\rt`7\'FLɼ,hȔDTFD\\q_i0% -&o!-f&E̿Z|-Ogiq	R#p>crN	qaɻi(rd*g-r&;`*B0\rE[vvBʶE`p<q\0use8FTӈqVm,Y\\u76Yx<IU	,Bt|ǌ-Z>Nho!ngzT\0%l[\nݪmQHˈ@Cq(In7/@Wscum%=\'ZuǄ32t\"!T+ж}\'A7KdТ6![W`7⼑,s2}f$Rݗtjn\\(Qin\\H[P,0K&*\Zڼ/	*Vܛgdqry`5EvcpREsujbV@?%4[ݟЙz ^.!&̾7Dt>\\wfqسQ\0!s2G$K3>M8(~\0\0QfVin:F7O	Mn\"\r64LW?\0g*l\"k9Y7\r,1/s\n^K5xe,8AxXn/@+g%b;[=hÀ\nąeBm Gb,hȒ^\n6qtf9hcNXB)pqoE6e!\0碰>rEzF@U\0k*d\Z[B\0ڥ;3JVbM\0.#%A0PEG,DmW܄R7=Mfk;þhm؊ܶ}\nR#3g[VqR٩1жJ~Lh[$-_H Ekr[\rRXmm!̄uZXrl0J?W%H5ߠ[\r۫-!{\nbi̼)3X$EѡAᾶ?BZ:0Bmf\\F6DxA)u	p\r6&)(9q[q\\=;JW}+-+O9)e~g$2V6Y$bQ6WK/\nZ#mՀ-u,*[ԝMhy,3/C?$NV.	SA؉.)3\r!7@r[4\Z׳݁DeL=\rr&RӉ/ùRq6N@ۨV8mXmx9+ΪܗjBmJ7\rjk`鬔,Vgm>\0y	ǘ_mo_ЊJx\n܈>+FkbFE@{}-\067hyWAAm(z\\SW\n6m+xQ@.\'ؖ-uk\"9~0=peE<H!XVd߄p\'_#EhYt,iY(y\0)0,seqۮmWYڮ^B!ntߴbzv 90Oe\\(Wg3bt5B,Cš\\H`ɬ*\nЕ[#\n<nXEU7ⶼ0m@xي\"A`	~*`&Ct	AI6Ggi\"70@|Ky`+!v	]\njNu#:ë\\G [QP#qJ#nn\nb68hA 2jćJB:Df\"2F	+hjgi\0B{_rj1CVphQnl\'֠ΧQq>[R>:1.!E:w0UEh9B:$F:p]\0,ޢC_5\";Ӟ\0d˥0 P *80أ!ْEUA%p*H;d\n]	&	lQJ~\r~:&V\n\0XLř}QWd_KlkQ7vŜW+ڱKXZ4Ņ^MVYH~q5x5~pVξⰄU-}\r	mᢜ<ոFbG>ZY$}6Ҫ8+\nXiά\0}Zq0	05fHr/#Eܐ\\tYU?C5aFeNl-̨9&70JjraFNH+:dkN,SVtf\nC,.+,NV\0n>ya3nh.;\"92i#J{79b\0	HsW9BM$$.&n::eԃ\0GZ\\XkrHɹ%4x-@+JXQҿ4E\0VJ\\ }i\n:8q	[YFֶRʮr8pc}l\'SUmҧhq[GGseGZRo+r@;%:y2^0M-{\0w^-@fvd@x*\'Q3L2B5ӑ:Fg+?LYܸS,.d\0\"E\"%RWN\rVtOirN$ZL`Ud WbA%/ϻdƀc={@\\UmUY7|>ҊqU)ٗcJA	ⲚӊZg楬mtɿrN\0+yWD+\nl \ZՌF%rX\0\\)uEjӎj1\"E\nZtМWSĉ9nJHlPLZʲMLCJJ:Y*\0A.#ឮFgyR״iNN*@FN4q4τq*\0簈+C9E-!>MpdOOiFp +J*A)d(G	-Wn۪7rVC0t8\0g\n]T\"@DG| F=>)g쑟%ٷVmF\"^ka_9<h8?:F@5p\0\nW\\\n5\0e#x,RtbOvI\r^q\0+wihqB$}<.{ dA}\"6V:omax%ʌCIKC?qZ.\\jY*60JmRB![w\"uG;Y\rb),̽ot	9a\\&~-%k k@(N*11_Z*@Pj\n*W\nj.KgU1@	|AP%F>0cr@RdXg}G\0kjJHbzRruJp,WW\0ӊKh-R*e|ɻ\Z,@JH}2[u^6-D\ZafŚk	\n^lhghAw\n7BJ_Kk\0G\\W+y/q\"QbWeMU ,J</\0RP3X)֤hcX]y͉p,FA.uh<\'+o	3o.L3y̕fQQUz~\0ne򟅕@%kX\Z쀖[Jkؠ\0<@nR}y17HI/jx }%9f~e?9=<qOB(PnĉUD`$\rZ.+@kWo63P-1\"4i+s`c-G0*0EALU3T5sH\'cy\\+.,q#DObDr[\rX\Z*%\0ڈ+J6tjeL|3gcz	Dq_«7]EtT\"X_sPW4e֡Z\rW=Uji2zؖP7T6̳[(#wתfuW]e}a(z\'1tEFqYbNfX1B4wj ȡ@no@WEW`UELwa\05>?읞{*@jpjrӑ]]|LbW#N>IspHsb)kf\r`Ɓ&j\"mAl7ÅZkt]	)2}}tr:q:\'|?J\"\\l,+WV@5xX$:36鬢RYܐ\r=xt[SL򸐱@DxKYT-rFlx|Ght %!ǒ{h7]{Nxwp,3fʀygTW:WQFo$?6fԞNh86c|Hp1!!G)$F̩ʍb#VY97A-mt?_ߋ.tM~p(9NW2Cʩ\nFUE0E)`AnzVܮ98oą뛭jfAܶbiM5TH7<@p)#MsUq& ;#w#t\nJh%@!3.h1Bs*y\\nڤ$V[[ƢM)b|(}o`hK>X9.]QB\0.T\Z|]#K-T80f\ZJdקLɌCac&S4smU\n5@`ou	\0|3[~rZ܁]؉lY]1#%)Ja:`FT5*7F?<\\7noyKjC2Ed6-LX5~Q>]Ө-GeA0;~ntP]z1م>_ }_.AC|L#@fN\'o\"}$kj\n\"{N\Zv F$\noMȬZuLp%ߚLJ&J \\qOD#U1D+\0zpU\'1FMXWqmPԽCi3m˥%֗ V\\x桔\"\rhst\\\r^Ae-&E\n^JWd2[,3-\r!:os\Ztގ.ކk\ro\\qC-e\"s/9\"tEt\\	Z6	n|$8r>f@},ܤV̤8fdqY=SK,T,g|*UfmDf#ϟ%KCBtdolGnbĈËqzm9\npTqwp?72k.\nYdVB\\;\\EaZ`q,b	F-K˸ ΫYcXs+{}	gm)\"W@yGąN\r2DW悵8Q ||\\BV9][Lp-p!ϕBq]XZƆ`\Z\nɰh;gGpdP 336\\p0tǡ|\Zf*Ε22[Prt:` i$.Y|v:HHHN0`Z@ A\Zy_8S3\0/c_2nς9%ʼLI!g63V{`ȅ̂sg&SϷ5E\Z(|^:|!S6fcF=cF-ݸ@,R@)	2パJ\rJ]-JȗT\naP6\"mv!o9qH\\x\\tWn\"̔GX#vHs⺲%N0eId ߕw2r=(P*dD]xNXuNFf2ݽypTnH\\3+*\'ĕFXk`0/Ր([ŉCCT=LV-ffBH!ge6R&#tO>k1	d~^f?`>\"Lzؓ	mB\")/!e~Wdf7䘀lYL\\?ǫ~YG0YH\n1Ue|\0=Ծ݇ꀓ,-SBp6:U [[(qfЫeoK|@GVd%W}\0,+})dXW\\X՜51ߪ͕[6&)ud_\09<a~2GPٓ߲E9o+W6HkA\rF	}ȋ6r׳#fl8E](i65seWP`bl(c?M)بKA)Qu|9dZZ렗;don $DA4S\\W!t]W~lYMZBkD>ɫ\0Q0G\\WSSp\Zn#*H+x^xN~:|#s _--ǔӡI`g0KN&Wٙ}eob(\"M!~}GYeTTȢQdCC\nP5UH-Љenq,<(x^MT86!-\n\"ɾr_[G$\0PܔMax#{z_:؍ü\\=\r{){	-Z:olo\'#JǪ`?t,l7 ֜(S+j|cd,u6Ӊe;aWP4rf6c9{	C`y	\'al^Վ#sG-x\'naH+ⱗ+z5w,O*QE7tF%=ISS^ԩZ\\@+FB9XKfiEzM2G,3|emff3\'K+Ѣ.TcJp~]#8q\'ڐу},(\rtecPǶSdh(WmJQǂΝZ.\"T9.Q{w_	i*tR-Ag-tKDsra/GMة e_DqN:EH݇d8|BpKؖbƢmQv[S\"[3/ĮBc0w[aLtʠ,ta\'mC\0.?v]t1G\0&,0JD6H@#<+W*b\0da5He)W./T 2Kbyp܃R+JvZ\") Nq_9dn82&~NۢM	WRRo:[ yB57̄Ćr{:|[#WٸW~	H+NT_f%	Li}V4ɻڲ,Nd(]̹K	<;\0P|\'jx%n{izMe\ZD)R# epT9<o]СnN203	uKfTME$Lkv&\"YcgL0աoxE\\!ˡ:<X!E\'v*\0cL\0()nU\"OX}am<~P|D	/RZu.rUR#K 9\0@|dsX;G#iWj}#n7gV88nDu\n^Wr`XĖF#uybY$68\0+J&I5W.x4$63[4mA7\rn(ydJj	Cm*>02@x[M\r\rWx!!g0	}0Lb$]],Vfuz/22ױ nf^YόL;Ugף.i*FTY)\\H ñ\Z5T~XA9Q@%^J\ZĢ	@l`WuXw\rK+-Ԟ_`#@ept.88B;	$Bh0X,+G\0V;ĥi\nu\nX͍5Iv:Z[˾EEj99 pP2/ݗ\0+Hib+::c)JF`\\FlH3³\rydRQ9P\0ג\rdACMt6\rW<]A|aub|b|_btXdd\nfjU4L=Èޅe[Ug.\\C\r50XXdZBlfR/SĆHɰ.y5,XQK	}݌\nx5,mD4a֍\0qa?q_heW1:X%:h`*aAe9r\'J?<g\\\\G7܈\"\"8o܍nYyp!8\"Wf$bѽb.q9/|xK*bnRʤhcf?tgٜ$ġtTJЂ̽6o$:~K`gP{V\ncӢVY/TE93G`{Mc@%;-7xDbcD})Sw-L]:m50%L\\Mͬ8|PJ#K.ɜtaA,BؑX$pJ\\-ㄛF3HFZ񃰺I&X\ry(]̺⼄YALx)+7ڦ_!\0/\n;XY6DV\"+xVTEj&J@\":XEPeC)[ʚ~,*YI\\@,J%>Kp*)K9j?{~	pQn̂7bEE-/Q	Çӳ\"Neq&d6osB\'4W!=ꓱŘw);7FlNĔbk~6fnA3Q\Z7_<Bll\no.Zq\ZJ	r^T`(h#9ieb`J<<uHa E2#ZJR7<OD<Vc^~<_e8\"B87An$v^->ąEj\0\n\nV\ZXC܃VsnRU<=s\n:`#Z[FH5bz%:V\rVo8U6@xmY0\\v\"D䫞2FFB?D:\"aVKf8Ck1.[	pU*6W :	]J97\Zr9\"\0w`Ehڍn%mt^E]. o:].#0E\nrN+&7%l|>Fp#Qs{ 3p_/[ġb{`+h\nZtxP*BR-Pk4ET|{V$nRf(ʬۨ9QCHO\'V4*	0e_oDF->ЅzaQ$x@pu~f\\:@\\ʨ9އ7Sѡ@9Pr#f$:49\rՃp,TthB\"#*5:o8|kPq4]/}ɤ2WIa!@a\'S#tuIآOF!1UIV[D#d*Z t(@=Z[%0S՝&Q*CW@+~0VVGDH{OV\\9H*#?O=C|bSw19yݽiCް\"E[$:,l{E\\-̳J)\ru,m*ܲ`kmez\nJK2jԱA3>jY^8\rd*l\"WAE[@\\6G[,q\\Mf]\0r7q]ȗ`JC<[Ԕ	]wsF3\ZX	o6)tމ#>:,߫7FY*2K㜶 ؠ;kLBt^l!KwawM\n6-DE&ܨg1NIp0_Ag`0Uū\\:~uW8Jst%}9ďj3BINHE&!6HrҺKQxXFª c{M;Apl\0rVZo&Ft9j/4rj\n\nXQ5ᕙC[uEV7\'̾j)}@[B\\VE\nA%2sP(\",L-!m9TZehA۳e\rOFxM̾qNdDq=2[*Zq[*`{mXlYh=R\079N:ꄹMon7IN\\BlbN\'~\Zda\"\nwKy|~`g	{Ae==G=@	R9._oWȹ>Ӫ`vJSO=Vwb^]\rnA	X}^ӽ~};]C`k^4yؚA5}7+\Z|qd\"͝#}샀+.,	jLA\01#E\ZnBZ\nmZ[JxK|Ć 8XA7e0\\2=cxՎn6^K6\'K۝HJ0]/YBTϘP2V|ץ\"Θ-	LVFtNl+ځy۱>e+f1g8jc\r^o)x:fGu\0fK6wsc0vP٤U\'82|;ܰz	}`V!)ثV`$;`vxX7@y^D0#/GZ\r,#4Jog\rl]2e:B\Z[yZ@U32vZC(&p#?TJ542p)	82ݶ3W-gղHq	Aq<%ɝ>:*!-`wZ8Pm	;)<Gp`p(bVܜM1gm,.QW_Wy/աz݇Q2E<CNx(Fbc&,Gü*qG_u1%7;6gyS6cM:\r\n|Ѐq2:TYn)~S̅nXFGV*Ĭ	@yk)GYpU\"-&:0?l6e(\'$0DoTWrNxŁ ^>.ϗfXE2ݕr\r^*\"-`FX}\r`W_\\qZl\\Cx	,/z\nFXXj)VcBX	h\rAiT\0ZFHh~9Kk0cF0VbJ9^PvZMe~ۀd9\r\\M -dUXF\0pY6!/,NU{|Kx}WؿJZ_%7s09KL 91N}ˎVp(GOELE2#|b5\'[ҷb-Xoڈ5{b]!t2V@\nCip:4?fXrn]f%aKK^m:u84q`nXV6ɍX9_0s}c\Z_3>o1^97L!\nj\rtqz7\"}\0+J^FJX5񼀬S*P5x#@ֶ5p6K5h2Ԭ[D`Ck*B+FH\\-g,3ߪD\"/]\Ze]MA+3T4&C?VשZx3ҁ}W\\\"pey(%,dA?Ϳ}\'o4\rpƌ~LVwT%aG~l/!1ؐ7`XsįGT|ٍB(hax=,	9MNM:\rl.\\\\`t\Zv)zTІ\" P\n0B?8<]-\0e{]݄sqQ-%šŝ%Z;k-GحÑ-=(#lXHUסWײ>PKhkZ1UBx[}ٷ4x!`[p+X<\'*«cp:~eƭq+(]W,[ޠeZZZ@,7^jKNCt^Jf\nlTp++{Ya|DP>h$M2S2dLx:*ӱ,1{W\r[6%on:lOšD$Ú8Im9zQEqK`ĉҍm0xGe57Ed =0uU>R-T:NuMs!46e\\:0D`ʏ\0\Z&?wq~^c~*pLZ=FW&*Z/GQN`\' }){?sopz:MlVJX\nu{gmgdhy\\f30Zl[d)}a&&\ZFBndct_>_DсC̺Q@Z4C\\`UO쫕5Q,\03:EMo3wfe:wbO`NAh.3//%r\nB[~#\nW {ݙ6&4ұd/bX!:\'\Z	vZٹi8WW݈;\'\r7A&kbg4Oa16egCF0TӕQW|\\b2g9}Cca=1Ǉ1|w#\ra?=0$Ǟ\ZSÚ\Zu|u~Cw1P?F\ZMw;u+mh;т^4͋hk@4/~^qڈ -lsqb 3F\\8W &DuvWU7qMYN8fl	n+cBKR5͡Bs-qiXIXSeAZ_2qIݙ*;7YK5jxP3YJ$68Tt^)|fԬ\"kd?#C%哬މ*HU+k[o>Z*vDLA@tVwaZݽ1iq;K>jg|2cm~l2$2i Z΋/Y	0][ӑ8f+̃<LGf0Em`r3z`>?F1Ql^=cM٧v~џ[8.z{N)M3vqSoOb繹w~17az_8şX\"9+ԍsmh?KB:vs.̫5|QECÄz/`([͖E6\0f`a-a!p닚Fr%C+]с&V7znx\nQ (*\\I+B]RFaxE,J\ZsQbmHG1-hJGn#s/~x{lp^bv}F˩J䏥p,Ś\0VN頛*c|(GX9ʱ˙Ä7\"::fޢb[&cC&f\rYE3XKDű:a:f$332?:.^Ddj-&Gc4Fqw1#>t@#G_+\ZoNb0AЎPbiLƩf04_NRx=9<ߟXhcY̽;>Qxz/W;_>?5ڱ1(!v7:r+nt3]mCr:t-hck;B\05܌:42w9$ӹ%KXյk)c[1L%0Og&U%tiB϶fB[\0oWf.f[§y*%qڜ)fPڗb\r\\gil82]`d\\jBcH̌\r&l9m30Ƈ\n\rc/ѦDli2N>delȦٌM6`[u{`!2:2#w7/ۊjdN	6\\`A@癯}03)\'\'\\$zP_\ZVCayӎvJp	;3ti%wf	z3c9xE9*MYB;p/c%,x^#Ӕ}St|jmo޷S;$ȯW\'028F1,ݛ{O>~wp:on-ނh_mBE~l[ϱxڏS4¿o#z\'9[\Z9V!BϑZkfJ^A%89z[[!f-g[Lwf-e +x-)0d:\'nDdq#26AekffYɾU(#=JxxS\n\"bb1ؚ)Se\Zv=b<-~>l-m?foҋ]UXSte9Z4vSe$v\0t`7`!^ޓN3eӡlEp8vCE8QƅQoLatX;]\"˄q-?$v%,|r!uZ:?2>=l|c>^(tc6;Oc^H35i-k=xN04ACXO\'{t/zFXF=ڂ;hC~wíhو!qfhx|핀R?\ZWE|oࡼh8FhMpÿk2\\Upx!xeVic/?t1[`?jF0\"xݥoLGNs*^*>.^Ɔ4d\rfa\"Ü\Z(%y;6BݐS2cC\"`Fݎi[C%[R6,B/Nl9[.=\"Qp0P:j֦0YK>qi: {u$qF8l!t	=O\r`%:+&`ŜZR V.-+@>_!LܧX >??1ݜh	{w	Gw5`;&f~coH\"_4/Ѕ_@tt7zE.t>щOЅ#ea!Z&f¶&t<LwM[t4#D(W^vQ_$D\"_sދ9ه?K	}mK)c\\=j1LS^q\\n,.ԣG3}|.CՌ35(Sw\"ޞ7֔5t{y77\Z[ӷac\"3>\rQМT?/Ŗ-؜7!*{-2[X!ץCTN춥NϋMB8	0	]\'j9U\nN?SUj].Ϗ`~W	?%w	+5K:%iL<A08I)#]Sg+?	\'G\"7|\"ݣ:3K~gcoc\r:+X\0^&/6<ۊ\'\rمp\rVt>ފKҙ%Tcw\Z<]a)p\0_\'T*+2xK.3s^tbBD`	y30.4sY`;!#9\\\\>`;Wctǡ\\qM5\n*F,#sqzJA5ޚ#Uy{yb-Y[1y3؀u@ALv%aGe<9o\nOހ-ьeh`}QdNkkDTt|\'dbX4±dd\r+u;Z\'ssڎR/uFhMڷ5ͼ谀wYp/@1F:,a%BOā#\0O\'%ݙjL\'\0J}\"f>b1~\0+]NwGIX	wGx<J[C~s?g|xB;d#wq؏֝P\r	HKGhDt踄Zm}$Gʏx8HEWE0ojm W	)mi)*.-jrK\\tM	/P)y>Ft^>y˟ףlù<^:Ɔ\ZTϛgt{&*]8W2oM^{:vװ`ܣbmtUnFpdH+l/~+\ns1o@</E=OmXʒo¿FT\nX)Bۼe3/?\n0:@\\E/ۃH#Uro0\nw<C{*f\\7509J+<#<!Its#˧xVZ;$IB{?xEQ\r_ax~qr0F1^@MZ4a 6V&&kr6`\r(~[p O{ہƻ><@\rIB3]qcƇ|jyc؇mfއ}\n	T!nNh鸌\Z+vN+S+[Ei<\n>&J];5|:MU0[Yc`J\'MH*A31)He`=등۴̽[saSFlJ!`kdKS1,ԶlF»>u JsRö?\0[`Cq2FYԡz\"tWYag:o0 >@(v^ҋ7ư\n~qf,s%ޣsع	#!VR3Y?<4eRI,fqαHc+}X\"iɾv3^,1|Jl\0dJ|8!{TW @KX#\ZSǣS3w1cÛz		5IX!]ؘH,pX\\-$5*Z\rkFX.V-O!1M1\r6<G3wX=Lj+p]B8s\r:Dkl3teQCE\ZYYLvbLGxts\0y렛.BpCaVi~F`G;=9e.WҰt;v# XwxvƢ1nځlʣfF+{8`Mhl0lgq?]9K2Q,Vd`|.1(sfTNQsr sw錄T$;ZBG`qݰah^-:_,W9l\0xU𡸫@lKH5XGiar->K{1V;-Y+IFL!f=ؒo;wGcMXg\\(B&k֕ëXuQX{aPAF	ѝT3ozԋ&BxqB  Ey\'\0 {	D\0fpjzĭzmX&y,ʘujkXX˾:4#.yH#ѕCt}C/ee]k{PҘt7InΔ-é>c-q()EN[V3[Wkt[P3eA`֏5֪cچbD5K|.ͻ\Z`$#eVe.`,X/|!}ƀ1Gypwܗ*3\r,GCb\nʬ\nʪpk9̽u<9[०龓L)G(qCqYabu@B0A& ̽yXJ8X_C5e8h(l8c+| a~	6Cno\r:HG>5kp\rb0\\*GãN:p-Mj%j0>DXf%qa}hW	U:-JUW*c}vAGvH RyNTP:^JTP7<E3KflV4i@zK9vɷU\Z\"2qW\0-UwaBYHvn#LȰ)sRaATGccFKC(ل_\rȶcML}Lp8426_]8%G11,j5geQbߧ#˜퇄;<;s\"ć|<HK@#3\rKQ\n)j/8Rё	$cԧt^{\\2\'EZX^臚h/QƊ1i%Կk0;2!fD݌CrfawQ6ڍu	[vVe~\'l6𲍊ǭCT|v2V0FfT-@讛?tG}>FCq+ S\"ķ{^crFxp_\nՈ^+Fy\03*:	xr502aB+jq\r6`˔mU*yQ;`鵠4R@v0{j;oelfm-(lAYw>Uozö$\ZehZ!Y}aχwٯ\ZXBXv|{MPG1OzͰOeE,M%\n3Vs5=a^Vd1dDx8MQ?[Q2e&Zh?\'v%ba\"n*pOŉ!>e|hbq^M<~}ύ&cwU*OWMKv! z3P	5[Sâ-9N^BϻuWȨ BY@&\Zt;0@\".nb놝n섟!uJW _f{>̎,/`gv2J8.P1gCR\rFTLWbJM,YIl<GF3=!v8)0;FzQ؜{<\Zygom؉B4g\"(7n\rH]Oxe-HenJзY,\\#\0\Zͣi<]͇4[:03GK8!N80/qrq%:(9yG\",Vg\0f{Z,&$_9|cXX2k\0|Cq^MpPEQjxҎt	\"12bgA$ǖC̿{	xon&a\"@m8\0ǲGD!s<\rއ\n\'\0x>\"с{ŖVxoI	KxE#罄}leFfBN,\',qA?WbN\06`#(1GV	<F-z8jC\"{ͻWb\ZDH>R鶙k6s\rc>YÁ4gacӥ<ej&_%KO62>c3LQa^B \\2KPgY9c_H]_nS-&h,:Q9NY:L叾3XA	&t/x|18\r^-g2[~@`F̾Gߗ+Hk#*%iZ<egރ̻.lݳC6V[8V}PaFh	-QyNuOo.Q F\0ݨWzN`tp\\}uk&TralY؅e;mS\\EGVô@L0-P\\~5sB?nAz\'j(>xѐurwq,}ۄmyM(ÞVȐKـ\rH<jDj 	ai++&)Nc-\nH-X\\G7	wXI2w0,u	éaEP\\t\03(@Z5p?&h/z>te:u+Vswˋ8*V>D].2E86G7|;ӣhznm?;\'85_Ez_@y/\Z[d6>ݏJ/ŋjmIؔ4ĦazpgᶛElsmX*F[[MtM%l!x6ĉ9/\n-p߲kK`\n#XUWk7Yt\\MNxxc	K /#U\Znī<Q$1ϳ=/\0ff]<K-2/VP(F,bc&x\rJXp$bO=ck#qJJJΚ&l\"/9b:P_̼+kuP`\0g׌i䫀ZYŶ9f/!;FP\'	NtEƇyTv1\\тr[82d^{.{Jt꫋8˚/GW;5agyCHޞn}Ύ&m>scߐ{=?áa?RF\"g2,XRtaOq.#j$`A6B\".ybw*މ7քlc5Jb=::9J (q0\n+6x$ƅ\0ゟ\"ȶ*zKd`p_uf)|B,QE9.\'帠S\n8WV\0;.,F[=_OE`-dceLGY`mjwK6$PF(=u4w#/u%0#%q|߻|:3k;@QHn,s !XN=H&s=\"N~F?Ӷ0N*ʾjieZdXu\'<_\\º+%ժ׫\nSWN}u5\Zk𮬠vg98=Hk\0	؊P44`35~Pik  bEσn[Q#8P<	Lctnch[BS	2+s̘q8IEI8}/\0vG|n֝$3/s,Qb!s{NƁ|9HAdM#wEK(4S,x03ҍ	9\0JT⸔ADg`%K癅%_0\'`;kלWlIO\'P\n|!cE&u8!o~8SpēW\"-]Jn1ߋjb=E[BTWccz\">\'әf0䢮b(p[.\'\\EjCOTsTM7:X<̳Y&\'h% ^}LKg\'^qewcS:AO\n`.쯯7Wl!SJוN|ܧ5\n\"5J`ݨeQ1c(CH7rۑ;؉\r\"mHlEj{n3٦65!G|u9ұ8cg_\'b2z\'jqڥG5\'#؟bWnħНәoǦmؠf*.G#6k8<ZΞ,3cߚudwZ!lڏqن\0X4,gazT|+cU{$;.2W,\ZX3>Tҁ+	n9R:orBTgX:G8ܠGzSً¦BvFv92N5a~cV!d]Oݔ{a/GaK.	$\"o#6\nRXS0~Ty7Zllw\"!@~!\\ ^N(It\09wS\nj[ft8Ƅzg	__ùoS7]sjy&8M-ºt+0M\"]B\n(;rF>x̣~莊<1cc-jR.1w,M|?~k<p9ώmv:JaLHƑCH*9Ĩq\0]nƎ$$`a#L<@a\0몱\n*V\nX[\rEX[C-yXklDweeN6D|^RҺ/Kh3FlY٥dA㲗LLKaם+!B88ЍpɄN\'}@\nI0Ǉ#G ».k-bki00VB^ȕO	/w]2ؚ2`0q%A\'\"n\0A-7m$ӚyW﩯N* ?)+J)B*⤊-[y._y~sL]y۸aǇٿMopq˸-\\#	wa?.`_\'\Z09̽{<Na͓{eC/MczrwP\Zov#tR;?炰,6 kA\\yҫ12;g~*>͏/_ʥ38:7&:a)B%U^q)qh!އ\'gvfDB*qy6<,k&e+s(̠R[RQ}i[s-uHj`Ȍk-ʊ!Qv;vo0ˬ.bN\0d.l%6:]X4amq\r+\"Tr\0UsT.ʧtTW \Z\ZK`_rG-A$qf\r\']w1](jaFoæ\rؔIgNaGu ξ	=p&Mi[pE\\\'om/_ 3w\"aW>EدO3ˊzZO2 N˜9%	̴g%E;oŕS9z{G#-!^p-_G-hN-q?o87,ea98*PK_38gS{BVݸq!\'??>xq#X:~xP@4zc؅Epp7ޜ]	E\'?{.f#0!>іHPؘCWGrs>T?1l4!\0](\nbSٰ2oW1wq}E]o\',lH0a^z\0oBNjcW#e\'t#E91l@gnF?Ռ;MjyCld=19Pܒrm~pq5Ky6֖d߈VV0^ƀiNP\'93\\W2{@pU{cY8Ih|y۲;{\rMp=Pӓq/Ƶ?=N=Gq:٣>5\'\'iF>9Q0Ὡt8kKO~{\'9Mx9zz-G		,|5-!^l-}=x~xīoE=mh\Z\n\\/f]*rU}\0[s\'q\"sv1Yv%YDBѰڂj3\ZW8.:rԚZs>F \ZnQ7E	Ls+4;\\I_DR]t褧0.J|`<T*Vr\\ǋʄ>\rshbW2\\8`8];d=\"竅\rqݭ9<̺I밑Xa\Z,盎xk<6`cG:VMp\0kYrӅ·ݘygI%g>s̯$jiX2LIT8*΄=z[ƃowSJ7nspp_nL	\\;:w`8eTp25 <qۈ.X,u\Z>;fe}1Gqبmg=\n/!Gŏx_*EkoFO=	o\0WÑ=\n=;\'oǮ,f&ރ$~8	[aFmyZ%NDnt?څG:y1<˶KCYVɽt^مv]E-]W70$ĎˌtcVΛ4v3Bh[1-\'`Z.!tۙl:p!Fۙ:ۊ.<kC˙\0Z4/lόJ53dy	(9e(,B%3An\ZaKl(f1WLL^[l@ìYR+@bCz6bh\09\\E7y|`8i?5WAfJ80򏏩OO!П^čӉ	Uqf}/ʿɷq]46t!`\"E͢eK_ea]Nؓ#ĳ_R>dPr0ZX^Zgxkx탯앳b\riB]73?i3VV`xWv,vfd݈Kǖ۰1aщ..f6<)7nt>NhyIu<مΧx^7F笣ReN8xćt_*Һb	%q^eְr\0+,Ne57ʺqtҡ/Cq<%0O#DvcaVzԎPZ=V\rs7ccu12,Ҫ躩D$GV>w+>.㵌k֣MXԇϖàj^yo.IWUʬ=5#ï$65v]x{%~a{\'Ϳx3<ׯ_˗#ȚVm]$+0M@P}zL|+t3oEטy/3>dXEx/Ɵ/W0\"S6ȭHp4K\r\Zqy޽\'^o|-xo˯sG0kF`)j03]̆\\l7\'!bc?!ޗq82gKGhlCN،5y-w,Nt<w&?щgzE	x-F+GfmO-\0[ROG)H0BHl3Ql֢,ϱp\\\"p\r<0QLh$Kb8NUB@R	΄4lDE%|icޫ͚c\ZBLPѣCQg>˪.yy3l&3Iu,w\"I7BеX!?[\n5T&^9\0*\0_EyiτW4{s/son+Ӂ/F 2\"\r~\rpO~+x	U>Oϱ4cP3 =U{;-@˄y+NOo?!ŧO,{?>|p[x_//5~e\\qh<n5,C>Tikr\rRK	N8nu;YEbX-eDZvvȭtno{\0O=(\\Me\n8A=,oj\nMf t_9\'{t\0ˆJbU	A\\zLϢ̉FFMY 9jwaG5#CI6oÆL;ScG8-.aac]\"Iu6(^\\̜ݘ|]n{!N`rcSA:֕:0v܋\nī߭RWg	\\\0\"	/LT߄EDƆ?=2>E2}7龷*ۗqM^5EX&ϣfj	#Px~,\ZWgJJ罂{Ncpt^7(xx\rp6axj++xŗO~?yI>ޱ4t\Z,A*D}u\"nOFqQ\"UJq8%Ļpؑ͇a\rPnJCSaܲVsg{ !<4x\0t\0ufv0{U+sb-\\tk!4jL=jNTz:ƈʙTLb63*FQ#]Hn0!kbqmW n)Aժ2SGcʣ|)<p6gn@PП]=Pl:c^l\":Ϻ=wq=Xpe^WW+|7̾r`/bc,}%\"\\Ktۗ^8﫪?yH/|,>}֙t_\n*18?ccmV܎OLC}mh҅ey	Wto?nCS/!h,ѝjgLj3#PRw5Ȭޏ#_8;/	9ؕ,Lw҉w҉cRb>q3\r\ZҧMxѾsć؋z\r+7xwc=rGsW^=zN`m,ެ\n\\^/\n+U:[IhU[t)*\Zv ɂr8V(.CAk;ue!\0Uiľjo\n⸌\nr#uؔð@\0@5WN.ƆM:#\'\rkbNxQA$^~E|}Y	欬\\qs̟gﭬiWd_λ\0W?g!jo_[~.eƈ7?}ϞDpN]sۊN\\,/{.~΂Nnח򟜄w=֎c#8ˌ{*zq{xByk*ti}k2QJHn*G|F4n#o.:qBىXF\r[`#CAu0J|=Mn`JP2kTs1]NպNq݋t̋J)90BmŁӄp\0m$sz[^\n)+\Z2q,ƥ=8>qБ70ښtZb>zKQ=C\'U;l+iҳ&ʏ&VI?:qU9m%~\'A\rKXXsl%aG.ދ?+?>t߿u<L@;~_hLf_+\Zn-\\*˧Q<haƂOO12bq).NэO}#6l_/iKtX}:~X<wxPb9Ha![P$Y# 	Xa5}`#5faŬ}d3vdo0!fa9u;6nRE[;Hx;f}.,&-ǐqbSyF/##W&Ot+y.zzRr\0!/S\0<Fmq\"\\ctQ81TzM¶)Hè\r*oELQI6z\'V ӛ|^4s-VM=6 ]T:U{a(%5RYG+e{	э%B0[26c<ipMrZcѶJS_­xwM<wwmտx>ͻ,^#s-n#ttZV,|\n4X{V-uk\Zr\'bϴۖ>8~̟7aEtOoEр1\'\Zp^YeU@Nu\"r^~\07kv@7)P9i#bb;[3㰝cmjLoS2}&.9p3<Ox{cx}g\\c&«hjGKial_wūV^7ص@6KrŽY\"*\'z-*nśM5-y\ncE:;`W\rŨ6elĺ#kr^NTHƌ@\nS[	:t\nuX{-įCT<_{8.mAh62o-fd j~g+	q{+  E9K&#q\\e\\O,/^C|M\0౿{Ox>d8=qCgy%4Zթo\\nJ@O26+K\"vEc/OJ><cX8=1yb\r}}60ؑ+¾ؕx:g|F؆̲,ʒ t?$29\Z1I7\".mb%mӷb*wӅs:趭wmYA4=<A:U	=WҠ^\nȌ\"}%K ̽\0,(=,Vlf߅eٍVBO8m)Y\nPJ+R8Ws@?Z]]H03`ęA8ҝ+JFqbcM/c6lڽ\ZAx`SR4M0ûPٱ.\0O:K/dL9w\ZW~\nt`\rއ,֮1;aqԿzwӇx>3	lc<OZ>>w!CW{-@N	vul\"XYI_6#_mHr)~\'W-ȝ$/a$ąYq/*lzq\0]w]Fcw6۰/#w#޴g%oÎhsc7=mtH(U_l#_7lܖ}021>t.%2IeF.\Z@Z[K9R`Xav}h\'3ܗ%Bh1,}kb\0e+rR~.z3٨0CnOkev#՟\"yEm9j\"#xSE+ݚY\n0lp]j3Rko,4(\0-+!9\0bWDLp(xxSA{[}B|Ar87ƌ/6]QH׽&⼲ {mG-<Ƹ߾gc%&~ӧx_></C=&_7A~AXyH=tFOH+8׬|BA3X8GP7\"\"cg\n]`wJv\'oޔm؟Grw!9ocgv$l۰yg:o=^qy*h:l*ڀ-mT	XSwZUJ?&6t<<ȋ9h[%G\0w`lZpAXe%.Sh.t\nh:tFP9LE6B+8pلP1nW%GF3x!Q$:gDm\rLjN]H!~FC;5Xq|o]0\\uZ5;ȋ1bNNA/ǘwe*VVgt@x\0\'+w79mY}4	\n?<x-<7)=OB)+5^x~Wx>%|h}aV#xïT\"hB+R.ُNs&Vz|~0>Ok-*p0 ۊ[7udƳ݆tߤ.?$nBNbo\'iNXfBʡq[zxYvq8Q$T<g=B/dGdM2mdF۝!dV=uCfvQ.칦	*]~\nE9`\"vbBNx[~,>25V⭒9XZ3t	&ٟT_!wty7*`ag%Moݯ텐YlKp\\w5Hȍ\0czخe\\\\,,#w\rQ7rGtQ*#3/OƥeL\n;K-o`5\'YbFt߫?>K=;9k:0x?A}?~W˯/_g/Ư?/ws(_rIWMJ^\n?E1B|%/|[Bǐ!f~̭ԥiZ=>;iDaMM=ۑ\"t/SW${w.\"vo=\"n{f2%doE<?wWd`Fقtq9.ǑLzdIuO~??~g}M\ZWIPשC	!N	S4*P:YSw%mEZk#f@2[9Cx%OTt؎].z^_<Vr$:Ӑ`؋&sHi`S|Tqsv1 \"FuEt<\\8\\:yyz0>J`++q23ɽ13B~OuVU.,9?K09:s9^\"%оo%S\r~_?Yynli3\ZHq2h_vr[fϕFp%44fTkNW_㻿k<8zj\nN#/}722ތ(6AEm򫒐]GX%mžxߍ{8fb/9۱۾0^[߁؞ |<dR쫦ўB/8hۍ8M,bܗ@IVd3O=\\F,˒\\Ί+YP\"_%U6W/WHn2W1C^t%/-xՔ\"n/t;\r,7_v͎5xx-\Z3e}H\n%jߏ-ikGbkbe6b=s\"\\/}\0*6ګ}$\\#ҥ/d5Y)5F$J<w/2>\0O/Y<-?!?\n/S/]?~CgPoȳ#g\ZSZ\">ϗ	|-&.oǳ8a1<_7͋f	8(4!G|]2ruIȑ/e6be5|1,쒋\"է\"*i\\)e{p\'$=Jv=;cXmTn^+ݍ!so3ZkA]m}mOfGZ58ܮW*\0˭jOĽ	RR`DsȞ`<֢mk`^Ō22˴\Z]X7HA4VZo,U^v!v)	ؚLIpr\07a0ƪjۊ.GM/c\r	oZ*퓒x=!&nz7(VVռdqjn]21\'L,~}x\0?wO*?2&HT5=!z_3_(5\n5?Hsg:\',_	lgXB0dxGq{._/sL.ىjBTYq2֊y7YEX`vXAVy\"\n3PlJG~u2A>L^)9\"r?:M<#ޜ_y\07mZĶ64?ކ\'Yљ;v|\r1:hJp[wX:|ʞ:@\\,Az\Za?]E=VQA7\'a\Z!Ɋ<K\Z*AebP<=̬ܖ݈3&of\ret;kQjh\'k,0G5?è\\*4m!VW񇻸tW]:ʝ*|ͬm\'\0߼G!Ys/q\'1\0?|?>\'/y0(pRiQV$E8,}.BAO	I>n\'{l蠋8w.WER_K=jhwk8v,?>O>(\'ɔ\Z>LಃȫLB!\"_G1]	ؓq7!&aDqN5,rӁ5x):!:YUMvb8$q-\'E\'A>fb/!w_!rWܝ st`B,Xt3+ja^;)A&`8V\n-,:Xfh\\iR_7UR\ZXBiG>X\"bhXԮ; 5Qk110!=JrߛB4.7]gLetG{Jl\n>o,\'ju[\ZA:,~+9e<W?ǝzCsO#8+F,^o*?}.?WfD߳;N|.Ұ\0,߳,%q\\+BKɝ\'򥄫鴣+qήNa8ƧXlCSk@+\ro~ēOE{,2cf;\"/d!W҅\rImV~Ɖt_:(J}V(ދٰOPe%N|eivt<,,KunTNbk=\r\Z[̱%JƛtfB`\'|B!ߏXIpeFN	~\\@xsiy ϖbCa;9:\0۔\ZTӔ}{ChvMؘF=v-\ZhٮE-ڏ|_	G`\ZRn˴c(5Ihk؍2{̼\r,nxZ!\'geSr_:,t.܋jG\n/	rǱl`q珯1BG}<7oxo?~\'K|\'O}/|(7b\'	!%pc&	OH\\P.|n|\n8p{bs8ENbbkЇ>\\O.krizAglc\re{?C\"S9C Gwy>]؟{2{xv\"^QYhg,ܪ\0g5!n0Ӂ뱧\r7y(i;\"nّvU\0S׮ʜ6&QBJ4\\ȼA{P=K`	s5+xڰS.|g4#w[ff#̳{	keVb2c\\{]0գMD{*_®8˰Yحe1!/\Z\r\Z`+w\r1oY=1dyY`W[,{eQC%b\\b6i]G>~Lv/\"Ē?ētoG_3<G}3~fz̾7U_WEJZW+u\0kƢ,}o±npj\0\'0=ߍs86ہchp]jlNɚˬ=HʋŁm8R{\0C3ʞȬڇ4^$\nWy;+H4v<?,{\\F6F\'sy1zKpŁuMj«X\\x=y~`_/s=@0ЁB3220W˖JriƄcfTmn>ԌU#xNl/cQN_Q֤-8NjTtk{մ[i<ǰۊG6vu:ٳi|ŁiGu7q5q,\ZE6k{&ef́ŝegڪrgYf%Djd{᡿zz-5+?ޡ3cCw//~AsRp[tON-*ea,{};*ؗ[0?9yGK),^H#f{0Ѝ.LwV!V(˭p\'|	<r\Zo2Ʉ2`	h.\Z{N5q^\rx:n}1Iې%;e/0=!nfnlcGOd`/9mJM.RAk-9J\'\07\\oPeI]\n)cǂn\0XTq\'u0p{]F\Z3Db󱓅kl^6mA,hȄeX}O9|g}2+3ԞuwX)^^;60dy?ȶU\\n,K~+{!ݿn79am\ZAf;89\'Hυ\nK>s}<ׯ^Q{dQ<]uFW輯Rߨw@ù{C7;K!\'*_a;5O%o\0}WYQ]8$![2qwwww#.KXlaqw8yoO`?߭<u[W:҆Z^4SuJE}#惰GZ񅥍!대`a@1Qo Ff(itmi%|o\"$eҧbE\'#z~4R֧ m ]XOpQ\':FlJD!\rmya%Eye`酠*C<}XM#W̑-dGh5޳ѕVE۰;M6},\';Y\rvc ԅ<yagEX#r,v)h\rTy7~jP+o=Oxd=9YhHBPC̃zPޜ@jmRI;p\0kf(kɔ#J?k\r\0,3:ZbU?apX^,~i7=Az\ZNP}|nAP2$/ۏˠ\"k(EuIA)RK3TS\ZNX+Qۘ!--3Qn#6)\\L1]{,F3tMaZ1dl_}1V?W\0a}{*0L*Tј$>eΐ\Z6S`M!O⑸)[	p*:>l\rno,<xdU7Wf%a2\Z.7T]QjP6¥NP-+eY[	rΙ`in\nFXcbx\"ZZ.S)^&Tg,̈xvt?\Z-g=&^	I&!r7U*]fT֧\0kˌ\nZ5j|VtfteI)ަj>f3.~y;=ځ%2Zּse+n۰Q=,&c?Tkמ_hegzU/{^T\0ןfh>Jэy[QYXE\"3/)T{Yn^fG\\ra`>3\rPAxa1OK%ɴOA^zf1^yiSwW#~5eI&kcqڦK\0˽Ó\0k5+Nz_(0ןʺhmj\"Vl\n18jA\Z<#eQ\\xB8JR\0L	ezcO*-\"uXN#5C?42Kz ~fUxT_9Sh\n*sܠesDևO2]Z\0]TMMX@\0?W;XmTLsg\"3\'>X/masmB\'\'<a=XD>܆4·[]!L [\"Td;GS,YuE5sOoY3T+Z{O7*;QZPVR}!8#\0p5Cdbj\Z0{4iGP\\al3\rS0]w$FOGxda6yumƳB\0 Sx~HL0 @ldx^F&&K` u1[I<;=1Џ 5{(+hhXHEu+	R`ib8fK,;C81b:ge#B>^j{8>ح\nwPC\"[aaNC1~(8B*anH`{W	}aTX\'J܊]ah)~C6QMqPvRm5AhS}.\\EN4A#WF=yBN;*y<:so_KxYס,`	s_ܪ&|iC&T[Ǥ\Zf(L\r̖McdW)&;.[,e53-h9тmI<eq\n,zX[\\8+řӈ%h߂|Eq&m&c!\0я\0K4},뱘iEi*&h%ۍ{^Mz_)i!hBظ5QH\\C/,~8	aԓh`QMICLpeFl/WS27N_О(D-GCRW!N6Bvw/vFA5>c*0f}	\Z;DTvu!0}*̢y+s\rTib;d\\99K0f*pBG	ruSRXJ&i>Y;[)+Emϐ!pA3SLＵanfYR6j̾=6z[DL? WwOVt-jkL U=<PvO?Ů<\'n \'v	ޒt8l\ngY؈@\"e(.Drn\nk=\0$cg\rPb	=hh䙬f0M^K\'8M@D6^D/a]\\o*nM$Bx`Xz pTV8yĬWޤBf(^p?MBi#\"Mcz`e#<ev^56 Kg1<j	p[rTzDgZ`2V-&ahPZ(YKSZz,|&cp U;}ҠG~f~<F^NotJǝ7S=jFpE)5*K+f,nӒeΝsvI׭ej.<!Jkyg-2υ}iӡl:pjE@*/rZl\rۿ}*TB,xݱ\n4FZէ# iT5g-bӂH\'\",^2ځYS0ÄP\rQSF3c`L5GX#1TP\n\'|8\\$*&XT7N|/Bh~ܪ(F.G]CȲ12\nc6z@/XHʀV@Ri!->ߧ\0?##3!jZ$xхU@/,=6qz	\ngSEaBHwc=̂Laǻ=c6mH#sl=pWOS=7AZcPǄكDn(VA@ѥ@nk-hB/|^ rH)mE&tP%t-B]XV\\B^NK\n^y9^\'mC,ғ`퉙I[Q|*\\Sլ*T&5dhF+NWT%*8cB[y!X%jP\ZU\0%HAXؖXVqBh<+AxmSz\\*=TF\'ぇb0a<^6AMVOFa8Lfm2v	!])&㮖	.WV<`בK\"\0 9CLTeTd+,dCWNFhfeȼ8*p<Lchl俽\rrp:Fثaؕõ&>g\"g_T[xx¯np1\rIf8\r#Ga.3_HZǃz=rWf\'{2\0\n	P,oqF\nW	|YwD;R	\\\0턷4˱jJ๴i!/,J̳.RŝN𵅈\\\nl2i&^-j)YMȚ,c|d	*1꣬#=LU_e-KDjv$T	>a.,Wظ:S0Uo&T]2*(<\'\ri0Fk(FLAv\'>O6!c41zfhƟ7-QUjQx!+bJRįLB#nQ.F;XWIY,;d65?	kwއep8\'\0/S\0 NӔ}S-ÝÜ;l}0vT0>&c5l>ǳ3ie *-vA:p~ns4k /0ѧrC\\RvUZz턖\nzI,|N~Z\Z5,X~O.Z.10雥StB,}/yd<E뵹qbLRB`Tc&D5]PkeTF<b~Gc[h]WdoF{Ïz;Âj;\rSc3т=FS0qa5e0FNW\0<yܗ*<86ٚ?\'@}Z3ABH\'x@T/Ƅp\"\'ªٱ(\"t8*nR2SVY,Dߢ~]5ܜhڈ83L;Rv*TkDؗbkg\rչ#mxW`AŀJ9YeVc>ecS6vUA?3acL#6;d91]Lfq-\Z`qT65+<>G+A`	Vm5胥dм3,!vO3N-@pՃ?|vZ+`Tg:(H=Z-;N U}\0+@Íz?]s	~[0	U.m:WZX8Clf1I((MAVnB`lia4uca5çİic`8LA<\0O/l?6)ֈ[TR	T*2YTWf	Tĵ񄗟neE}]\'ӊWL%2|R#۫)F\n9j?G3N\0n4 iJ(\"D=5\0{6J\n	CFOإBl03!AЎ4$)rZS62|@if¶J[K}\\݌)F{f}Mah*0NeȐEo%ftʕv*ȱJ}~%V,a] Tsy,eYVd<ZEp)S^#r`dcB%G4~L\Z=-!8㧯efշ֡Uyb@;i#_pD&:8ƶ:0с)lP/QzSe2\rGa:1BKh8`y&\n8[OD5w(UYlE<E,-8bY*VɱfNou.DMKAKC,*@{wU{b# {ֻޙ!QMwkiF2H3^(g>(qHLK1CP#5rprm1z#ALxh6>%-C3L0=p&;@axx\nwjL\r,{bȶJ][\n<J$\0wN*%z#z\rV9?o2S],\n!7IYr6׬t)k^Z\rRA.vَۑ2*.}\nolJJU)eRN,a?}u]\r\r(nAFA,bRk#;pvq7.&Cpb>Up4&bфX\0=\08!`De`S1-_N(Y	TY)|ޗanI4b ji}12%\0kaHF>,*0CZxj5T\0S/e\Z7|;4C*K`y>\'\rq+IM1Ҭc\'E V311X͍}cp+GX6T\\g#[&C/r&z0j0@A%z蓩2Nv}f_^k[*l/m/6_aGx+7YOUS,}6͓;YARew\r	+ _z279np*tGR*&~XCV>MFSR\rԡ \0}&-@VIb҂ΰ0!u7=tc]㉘=SfC0Nk0&>*g0cta@5:%K&oBwM\nTZ#dY\n{m@-9zXY\0;uu2Җf@/!MPB#*e.<o썡Ԙ+# vٱOE;Mc!%=sc{7wKSRǋ[%^`Sx`z\rƄZ6}	W=-g`\ZoAS1nPI?=:*Sd\n\nX=#!]i5C_4Mh>O	pl{N)\'޿aVթJiz\"b!b$l#1_	zh<UW =i/LiQvT_ٳYz4+\Z<K[\'\0wj#\rh:ЌݍhZՀܪg?ξ6Z*NLѡx-;SQauQm	*F\r}`F09	2zj*lDq\n`e%zXs,v!nf8I؇ʗbO`CpoFVw<zQhjUFDpgkĐN:Y!G|ڔImWҜke4͢S<ʜmCxC\0\\m0V2\ZT6)+D]%бd0_Z}\n>)[dd_K HHcIXcוm:)N\Z1CF5C\nU\\%/vϙ?\0_\"<nM@0LKYF*aj\\/D8\\%?	X(i[FzKwZ1~(a!`\0HȉFHꅰu0w҇\'`xچ	a0bA4k8x4k$=AvbX9m Ne1glaX9[KXWXV(sʚ5\'.iq\nt0Ԃ$E8@eiPzA IH*0x,+U*=pn423éΕfp/gLt_Uz 9V4C͆Ij{t(aކ=}&Ra5*Kp3Ci%Fs#g\0|&2	ֳ4DۥAUR!GAڧA6Hu>_vIX۩­4HۦT m	luMڐ3aX&R-5QΪ8.+4\0kʓnڊyr*oZa-=TjA3۰Q[x7\rnq7fM4Ddleѓ;cfC0Jk(Π)+ϣ(2`пL9!hJ<	\\=ZYcFn4[,⸥\0맇3&80\'Og!^Y]AJσ*xb-1S;5O{Bv2ƞF<*B\\%rl27\'{`/V¨?QP!0if<}Fz#CųCi>gFJ<?\Zc&BߵmIso7F\\x}h\"HPTJ_.N¬QZ>!OUz2tڄvڄ6y,5.5\"\\$eo9{Ez/vBvĭi/6z)qjUv(>XW9\n<WN.?. WLY[Gp6֡ht^އ=o>Ǎ~+\0@G8͜VXc:	DmZ#	/!65鍇LL*%FJ+Ԍ^\nuj/й\'oK#Y..ʜ8\rYDm!˪)\0,^Wvt\'CM%YBS^p`G08{5yQy`rVeIpR1˥n&ioZvԋX\'؄;@f;7?kND5q<tt` n.C#LfEbtVѧ\\a\Zr\ZB;,:3Tp&zpA &dg#FIpLduHEn<ߊ3Y\\)X7-A.zIj%(;\\N!WPSakRd?ĕiZ6:/D}8xɟ˿KPѽ\0Y%\n9KaŔ^X\0O$3KCu	_31KM;fY2PeGge\"Z\07&xzܛ	b	orA5^0G$\ry1@b<n|BWKS,\0hRjJTMyȘٽޯVs -`WnI	sq,J*\\TA\"?FQpM],m`cxf$X1fpͳmLb13h:xNHQj2ykkF3>b\\Z9Wt_Y=˩hxKnb(j:[Ƴj55Tz.{*KfT!Հ*rI,+C1\0ܡ@nyxA>=v-AºBPB8J%o+OjՔ\0[Ox\nuTZ1?sgֽt׾\"?|*g#)t5-`d]3-L1Gaء>Va\n=4YnuFL\Z!ֲFBL@@Od8V¯*!{ui+j=*ن/\nS5#\'3&b3F[Qe2&K\rɚT\0AvjaYM\r*};eY\n+6Qay&\n,\\ح8wKpBOPy(U\"zL\'ئ[Q:;#a@ŭyOgzW!1YBP\"z3XsV];WOah=sKfXmi([ړP[xF*fz<~\nx`9ym#-ZӁ޸NGz4`jONzBaD_bѾbz2TJo+XJxx!=xc\r9шSpj=^;+~\rw\0h[ղ@Y	}p*\"ajf3c3\r\'b<#0l!>va<?bT!McY 7M~Y#1N~%	UoVD»*\nU/C\Z\rc/BT8%`7;Pd:X6x.5y!*,jGx{ڢ\nSuI;5(4ùVjk,2\\臝*m=p\ZZvl 4|&aZd<6Zz؏a\"Nz\"4y,=$IT>/_װl~]GͦmɅWK\\p_ky5qeX=]Ex	ATa.\ZxY2s\ng\Z	k\ZQqϵZՔS}NU8(]H.c\"Tײ(=RVl/9^!X*F$|~Np?~G½hoC~U2(B\'b$-) G GFQC0Va(*:?\rGx`2e8퐞9*YaM/Z4T\'·2>Tb(8<Pz B@GK0#HvXB|J%òl\0!,j	qVV~m2ޛI@k(U/F5J	=NNp,\'\'15SSL0v(L.\0ګ\ns`U~>xǁG/z&f,tG3غ]AHB5a\0XlV6Xk,aVm>A݉3?MORM~V2<`bͻ@\Z0%GQ~jVY&7Q۩yAl!p\'{_\'Cis#\nˑxńσk33QE們0ځpéXCWۏ$Tgډ!5\0?O>᝟Le!W&!:p-\n{i8gy8<x;(g\"S$R5|>9Ov*\0~	/l(\0wK=*ZZ>Tyy/\n@Z\'SymJ-`UlAmJLu*qq!&a02Mt_mc(<A?eT\ZAT=X~vIXi%=Ƕ/(l{mY\rcK78]}*֮ALS)<\n|<8[)u?\rk#=@ <4\nZMyi2팦Ƴa6ot0?F91d\00MF\\QЖk¶.PeO4\'V؍/ĭP\'?Tay#kDq}-KGRb\Z;L2Q\'b0FPܡx~MGQ2r(Nwx8L3a,!.!5YDpu:|	iY4ME(23<+0xUD=vm|[bDyGBLWCW2+եnGdvys~δV,f@+6u\ZJ)NW8*1*޻2603}tM1`*FMƀIClx>L JK!heQ_x\'#5\'cf:BAv%{{_x*ķV½ 9.p\nfY*69¦VY&LߞCUROf)yi{TKm\']EWsQC+=adg2iP|%r3TCcƏ;#\nf}:8ҧ|2XFAS72\nPZaDl0v4?#&N	yGcD1lG\ZrFbԑ6&ĠI0Xk2Lx.ΦM3/ո6~eIeTڸxnEד2\0Ԇó^M0Z*L:\\)Nw*?Dyɛw?_#f?+聭KLYfTas!6`Fp)DpU+CS\'h;Yga(3cӡ\rH	Vp%{*ٗ3/R/8Cۙ%{+8HO\"6߾RLۓ;]amOyfZ:\nƙЉt=0d:L;AkO\'&VߪG24՗tEpv5wUebZJ&&8#q60J5UOe\rǭ궝އm?(O+UU_<Wl>\Z?BJe/% IG(ӳ,lkm:h:S1FkFNQSƲ\ZGcd!AOx0x2}fy8 E/AXm!*l \"ޅ	,_y٧4@\0oUk[Cuw/<	r]l U7~7hbr7[Q^ S3x>3~-ߕNXew2ڈR/{/1\0N7ҫӂ;fj/H.nrk=l	e!փAfLe9\ZCxc~0Ajx,ܿPoa^41ͅpAv],ӭGȶQ	ERIt2EQ|HT歼VUށ4uT&JK|6B{R}	soɁ1q0I~=SU(׎||+޻|*Ʋ7lo?7<ۯo7w	!\"=1T`OXjڄx\"3\'a	,gS	TO\ZkF`0_\'nJF[WR \0t#/*EY\nٷ, eN@P}kC8^W z1,V/7KpbFpfG#=~Vך>ئv%/,vR;6#a 8e{B?3ga4QvzC%~xNv)\ZZ+B8Q!AOz̪bӝsp,6:oaȘ7QYp`e*V{&cr$$Dh+\"(B\'2h @:5\Z~*\\\nFen\'<\\mQqЎYj8c^!l\"J\0\'ǯ~+C{_S}-]Oo~zz:?oW?E[\'l|`b=[#L3)Z`0b$\"3&`q͠7r8h$Ryu@9*DDb*o.=pD23IR/OJRA/A/&u9G#>\n~u筿0{7JN[!BOvh66JP}B!p-\\Hds(-l`_B^>gS]+FڏPxnr?M\ZloFX{}0\'\r	n?J^k>jXy$V_=obsHl:3	\'lpN0MA-CB/F%LV<l*q	U\'ӱړU0G,&!0qcAX<Mkɗ>	{Lp;~MW_VO6H}z>ܦA8ʧ1pw%XP\r)x\'bxD*Ң`;Bk<!<?LI-U,QqƍE酩i+M7	p\nJgDղ]&\rY iO@@_+VA]X:JKX?û#Y>ȤM#ؖԈlDOl\0S|}1הρ4\0TIVSo\0KND@iٿ7<w}&=vUÉ9\"\nD;Ui01V\'i!|~\\,*\'U\Z?,V\0Wl,\'g\'X:1%*QB܉C/~xZQ\\һ !iIw;ׄkyocZUx{w^EaLtqlW]D%`u0Dj<Lctĺut\'`4p}ᬦ\rll765\0W0ĕ\"!B\\T8\n*xM:/tv>\rMJh;5 SȄ؏{54	턘6_`i5JJUp@K\0BC0(҅eAgx3mY|oڒ6CxwvYCuaAY>s,T,YMM733u&5j4|487;{([[RL?ip$1:!:\rFE(_JK5Oʎ`pE^Q20_TUqTlF3a3E-hNLXU#fn`ԟ	$H ;_?=S}IOc|p/o&/Qg.ɾϸ8;ykzZWDlv-<#aG;:@31LW>|:,y)F7VҚU)JXr\\D%CPM>a%ؿ@VfsB	u&tw:3ݚ\'#L57f47Sfچf\nqO؛J^TlDA:VmCգJ*\\B]\r_ZwL/5r*y/L\"\r`Np軛a6p]Ie8cyG3	fZϚhIֳ0^\rYf\'uaǭw6?v-.>Om+Sl\\.ЉDP(?PAPzuex5Q}UGJQq凥\Z*#kECDivd>Q8^{Lkܟ(_)Cؿ./sq-{??ģ!?,_O\\o8x3|3ϼ\'Pڳ)W\r8\'%>1.	. ljej$UnVǑA\rR͖X ~\\6 kZ36\0gR	pK6U8\ri\n⠺4&!!1AM1Tc8XfKod\0Y^m&>JC`[ZUWE3	ӂU_m\"{\'?վ$Xj_䇐`V <5apD\"*u1(DTG45|֦*}֞=d~_u.v4#4\nToX\'n,W;>Cf`FxD`/\n|%.`;(\"Tc[yPA,UIEբ||6	ppS-,в?$Qm%Q@s2IoϾǂ7qGx_qm,9s3>y\\zK6>}̒_+GbӽWUx-zm}G{y^{knFױ#(^k#5i!wX&ډ\"(UBZ\rp9<ϡZRXT<VAl[!Υ\nS֘fZFD7^4FGpo=!m!\n{5»]Y\rpأAlY06Kifp*,u)JT1F\\;9\0F	v&0N4q)Myl3X$<&0\\*S~πw|(hQ1#>Nŉ9\r;hf:xZbK*EScZGςO7b5*r5wPʩ4V.J5H7\nxp.[T7T\"Fw?e?IO0%<[,8sz\"|=}o?\'gb<Wq_p[Xv.柾y.asbV}4$:cѸg׭F.$uķ+ZjY5kELXK-Vh+ІK	QTBU9e;G7-d[R/rc\"[9%MHoG5gnAPK/طaх\0<i\'\Z$Sy4;*֢\Zi*C,	:g`j6َG_Ѫ3|\"\Zp~RXC`CxNg==NggB^ġG/a#Tڄ4*Gn8ҽhn}MKؕ\0;bM&p+uEΆ<\"xo\nPi!2,BɁ|z|#ńBTi@64%un2pQ\"oSwe<:W_`x_~Wz^|\'\'\\q\r}?Egoy	ToهuPf#\nWEѪ5] }nR݁VV38A|o2+l |\nT̅TRUQ%Tki50r>Y󸥘?I]TaBޔDڊȖ7\'¿6%/8w;!v}JȂ&>\r^p}0[H:XPy󧰝\095?3~\0m } zف6zxJlruxj?;B;F,fbN\0,f`iݴ[u>ԯ߃	p(\\3	$&i8-VT1\"um)(\0GQXJ/bpoq.ASUq8RM%hFZ	i?ʣ`	kX}|Gw\\[t;_?GxE?OcX}E<uI_Å.ºcv//bocwkXr6z_DîCشkhf܀kPnjmE(X`\"\0F\n`	rQtXz#[	fdS1f\0d؋q,ǷU #\n2\Z	]Y9|3!\"ԧ\".	8>ǁj\Z7`z*p3\nSڇ{\rЂy̟mXQM =0ɄeAv<7U1H)6sfkVxڈ@ro\03$4d+ge.mޅ;мq+;hALΙҭ;\"&`RX\nLsLBQyeϞ|,*r6Je!9\n\\L-gIE,ɇֿw,ty\n!=?¶o:C叾;Oж4μ!zͻ>UA_kElwK}\0ۯx?	8EU|Ur/ߦbcѰ p=c׫ao`aۣGXw]%/Rvd*dΟmIcT	qcjLlcK8fuk%wS	;*Y:+:8*Fo)wsY|8#^Kl ~Ӭ#˨zZWzdB]r3,hrV-:\0VFIn+1+zQ>ЍNBݘ\\1%Й\"j.d!Tk)su0G+3\'ڬ,0\n}f=y`ޡp;{z_T7ا ۦ2ٙ1wq+Ͽ8*␿#R;s{deP3Pv\0D,*p>.@9K2*}|31\rGO3+]/3c{K\\/o\r|G.O?7DO%-ՖJݢ}8wOq`íGX|:ὁUbh}w|Nlޏ-QwUm(/YKh	֮Gņ_F6rfZMO\\h%qUPX\0-qyO{j	q-a\"rʄ!\"QřאЖëV	uNTfT_m@MpgYYe<Ky]f_de.;x=X};wEҖi\0DwЪ\Zĺ(q>0a3C0ŏ:g\rw]ENO^\n`Y-̓adў#1$oSkqݚmY(ؑM	n;ʛ\n>G!E@ܻ1^gzݯx1Ͻx?} W\r<{/ȫocGhz_|>e[u&ڶŉ7]{4ҷ/|+QuON</v?~obk{vAeh; w2U>t	Mۏ|..^ūQqU?DzFcz6	v5lf8 k ZNX	N謡\"qRw-ҨqTl|+#Mkќ^Xc\nSP\rPxx{ë΁PTaJKfV0&a]Y!ȢĖq\ZzVB_.GZ)bWxy\rjd<{?~&,;Bo\r,;e[7<]	/g\Z>ۮþWpmp9!pC\n6K8\Z)#f\"{JFLoBlB\0.ܙJ\").=OE.`KxUJ2\\m?~ۿSo3\'Op;|g9ΣV_k[}Ѻ0.}_57#μ!ol\'P}g8}P\0離3Wx˽W\'r1_E>B?{`KXM,b[em|$w!w<^$7I@,Nkb5h5צ<N,ǉ]?S\06\"^r,j:Z4L$A{5yT\Z+0epϝӼIu;҅F\rak\nHp*K[[RY,B+l38F<gLZb2Zb\'x·8[l~\n|²3QuYplL#61xpi2ٜ\"Qmax%\n`Y<GKHȣW>XD)f<s=~_O/uito?\\wWKC4l;5͟~QywP0}n}w\\m8788ʿ#sUjѲ\n\\{7^,^yTnIϻNc{Xu:EeH=)Q~%1 !mvRe\r Q@HkUw[LX-FH%q*N]O`O֦\"ż\0JQm2e VlENuj/|}}]S?õvT`΀iTNE4<	u0ˡ\n곌h-`_dE\\/\\jc[k\n\\f\rB֚me,j]K-ygTp}\\>]7.cXx(2[8/X^xGS#m1=X#݇a\"X?r*|ʜ\"\0`k\Z8v;	0&;SX<q]^B/EP{`w1`P{DN\\g/~\Zl޺o}=1f?CoMFo\rU;`i/W\\G{\r//qϱvuz^G3hI۰\0:3/`G|{}},~ڬz՛ ֣df$͙C?چ9=hڵt*\\PdR$zVM_qb*,^Y`-QdKN@xiK:evR4\n`T)\0,dEX}.TK\0PGOe |k+|j\\+TԒ]^`7&$E%֣G&TUB8í2I:å\\պ@Ё}L	<-EU\0bsX˧Ymsi-. >\"fqNJpi-L0%h&x䀱6UJK-6\"`<\\@+D}	y{1`?xwXq\nw\'/~\r5+`KxDoCU\Z6¢q՟qö#ZN_~ww}\'^nU`s<:@CX|\n6\\]d|7c>ҕPz;_sx;\"\\^=Ϡq~v36DCh?p%V\"M	n(rVڎ&(pǈՠR\'vX,ؒv*y=ӞtU2^͓:m~18JZBL+QDUvcMr8oj\n0ˣ23̙F<aduU7RF:HbQ2S8s HEv,4ZKJҭv\">UyΊpϺǰ)}k&16LE,	Y!NpƄ\0-7	:AڊdnLG.ABxi%Tꅘwyw`2Tso>@Pw`Gw<dp{aCsyGn`\'c7P\0v\Z^|awQf;WlEy7{O91!B TEbC$y,9s^xm;wFSO@銭hu\\A7-TmE5!`[B{E>{ٕ}S\n)lT`O98NԚ>:|\0kcl*Ah,T+Xs\"\ZdEf|qT$8·jO4Loj=\0OWe7xٚr蓳i)/m	mB1m!t)g`#xr޾Wydؖ;MT_gU܃\0{URyWp)6B\rb۵z\n֭CoI~qpL\r\'qw#0aT`I0f AxNFTdOC4QsPKτLCQ;0-@ٮ\Zٌw~N\r4!2M*+{	o\ncp6!ˎ{`x*I?K|w{+סw\'ɏcwwTh[w!LhOv:]qTG\n-lZr:F#-(i㎃Xv&֛t1zEޒTv*_Rzq!`zekv1Ep\rW_2ڊVRi%Oꕭ`9/W#Nϫ$\"\Z	l֨\0,3@\n(Bi8wXVMX\Z_؆*\Z.HfNu⚲LRFY:06b27r;Bl\nvEJy-r7UYl3awdr{V&_}^y^AUHcɋ=X*<Juy5c*=LFxR%$Rq\nr6! X\0~=(\"{P_O2.c\Z@%yhp\ZkLz>W_cx*^VƧ}BoѼ0JTO?~-l5l$˩=Gϡ}q),8q/vc;w7_Ē49Z̆mb\0n(͙z)\\gPi^=M|7~;mRZmȚץtų:wTxdKX8Ul\nzhlfzj鞫k\Z+s`Bt\\x4%Tᠺ`/2\ZeRaYZ0ȘNg25&,J]\\ʝc(1ꆛA!FNbӆX54yTEa/8v8\rW|23xgGR=	*\'Z	E4c=q?Qh	B$2V&#}e%#gC*r7+%+5۳Qw؇RT­W,DyczDqgh_>oo~>\Z]¥?Aҋ}]Okᅏ#TيU[Qh%z癷h-z5٫J}g%k.Ďۏm_Mx_rq4<@IX{_x-Z@qT]__x^ڋhsDy`z%w	2M\Zh^h|5!&ܢQM\r?_`V4WSUOq2dS[(+0\'j_DIThF >JK0̘Ahi#[ymK\rht5\0d,]QL`U@\0K]+-+1C.7bȣjFLFa@p{UHTwةĐ\n|_;u.p3xd1\rT[x\'P}-m	\rL\"m0k\ZzVcM\ZETeTߕT_B&I)q6Df-TmY(mvbg5<W*%\\x;4?/9yKt=Ģ#q;{a+ܙT~]A(X+\\ƑW.~v핻XE]ZBQqg>Ek.&VB+M,A!}ͻ+Ş\"]iuH&THl#sXzp3U;=veKAըذ	yN.Q*;Mi%Z5\0?-XT9GXyl-NdQd[@\"5 HiG7h,p@y<8ф8* 0J86\"c&L2wsUId)SlMe7]\r%Lt{՘J0A.1U`x+\"3Xp!v,~_A,ae[_<aTH-5#Xl%QQ--)Ft)04@xS ՗Kpjڇu^K7nAV,Bҝ_e|@hd`k//\\\'t8UekX!cՅ_7@Kok_W?i,Xe+i	2<Q1S-o`ɹk>^t-mZ;mUp[ZI%؉z\ne7h=9O2܇yڊf=м0_BZv;m.W`-j^0y%6Xp\Z/+\\imH!)pC+SuqQ\r8 ˱?aAkU9C5uy;@t&!<2~2u!f0Nhg^ڈt-\rR\\ZlClH?k@K@oKaIm\nzV:ReQ2ɌBC.h!h=^Z77w݊N_^bN+a0zg.!w\\$U-52\"Α*lKx臭i,0},FzTf#D\"mY\"V SwyV wmrְVpc63mE\\l/Bٸ6\0{?ȸܿXq6vBTXa8D(wEx	1.|!\0֡d|Ԭ_Gp\r%Tʅ/X|昷WnKߧG{PݣBĢ3W0+hwZE7-Gϑ3<0u;U>{6kD|oȘV\nݸ!݊{o66|\ra޳;;Py?V.#t8=Hi\"l,Sꈺrz_0|edh@y&Bjr	B \\Tާd~UdG]f@/7]\0I(/Ak\nb<cXH;7.eJlMhͩRT^\\c(HmͩeT`7ZRs6=<u`?;lGu\"#M1u4FH EXW!sU2!NeQWSxs>6!]_2l}믧csPuq^a_.oH`uQf3v{	P\0/:q\rTsаe3-$h%US9/.K]H09SG	)^@4u4B\rm>Ao%	8~x\rCEտܴ]~?ſ;hpN؉w]\n-V+>Ua7I\rm\ZE6LLa\n,B`y+_,aq8U8W!,O +%¿\\lD$\"W[%2f)uS4\n9+-fҷ[HeEb#زl\n\r	>=1蹼M\\\0\0JIDATamGY+jMŴDS#>؆v\0>wϝA׮]HhE,d8\')ޑÁZZcV9H80xqmD8C^kPU5E(POp\\2h~ŵOedطOǐӶeᘇE;a9CWӘ{\"Yn؆o=kcxc<{̄EHh	{UWn`@xW^&q_Tßuxs:Dm_\n؎FF6٩Z,r\ZEMR9}x0AXv6>7{u6)^O8NUAxdf\\G0KTQ\n#$Al\0}\np8V\"1#Tڈ(Z\08,Ӏmx&RSx:y:aIGĹ`*]lһ a%3fRh\'x3`5AP\0g6PUNKJ^n>UKWn5ò.gf8\\S|pw}lcac(kc\Zi~a\0NYqb!V$!ci]*rVfghC)Q\n`6{WwOřw7?ƞcށc\nY3W۲,XTKq1rtp\\&,f_qI+/W	.u9B;Gt<yMMŝw<i=[Qt)^--812^5EK֣eQnIxr$T\Z7p{8һرY*iq>ȼ;q|?JK[Y<d\"A\">X(9Qߠ2ڇtD֧^hO	ׄ³6VT`̀~4\'MU^؀ dlZEX^z-βPdOqDegeDTa;F%ɀ7@wQXDx-ѧ~zԮXx&.N>n0tqLmU[c>9Ji>S`gDZEqH[GpC $(XsQ\Zsow	~3N	|_y/QdϘׁ5ѱfBE]v\ZvRM3ϟ^W<\'6bk*I0nB+1݇NЃ`GBv`b*Eݶ(^=sTCT}\"y$H#mPeo+\\|3o@ۮcX|\ZV^oGsd?Y^o4:E\0nִ\n옦ZBWV\0[	ߢ|zB÷0p!UٚՄ\0Py	pcjWN֛gE\nݨw&f%Nˀ0-聭r΢\n\rV2BN䎇a(dKxA7}xzJU]!h#d!?Iax\0\0\0\0IENDB`','09754363944','2','2'),(1137,'2','Bode 801','Kevin','Donato','Fifth Year','0013514801','PNG\r\n\Z\n\0\0\0\rIHDR\0\0\0\0\0\0\0\0\0h\0\0\0gAMA\0\0a\0\0\0	pHYs\0\0\0\0od\0\0IDATx^ԽUW=\\	UR	8q	!		q1 $w\n_UuL|ؼWOks}jCjʰ`\Z0Iհ;ťЂ``ec7Z;v.ɬA_\0K\0XCDןMC\r3nCݢt![xXH邽ajpd0ҁ.t5ZCݨ?CRqLm3;5ad~~iGxH!<x|~Z_ܷjMUrʶguYM~Fs_5_kumhBCG\Z:OC@PF75.4\rm=S;b#ʱyf4枰05HʁK -kmmhh1f{j:7y>Tg{g[c;<?ᇕǇ3t4cMWҶ558CLBcaKoZ:1ׄ>;z-7xGdn|a`]Dۂ`F<~4ǄkfC7=nY9C5U4oG]ˣH+DDj<\"`bDE^e\"caa{\'BFÇi0AMc6&nf;_Za}яo#I\"&c	Їtj}X\n	@	>*@jõ	CK[ػ2\Z,Azg@`颿7	C] QBPz&&><c!tI.zff06@x̛,bb\Z\0߀4d\rǈK0hsK\\`im=:PT\nsx{_?CA-\"VceM&%-jµs_a옭p\'bJ647.̜\ra`Csԁ)\"UKG\'#1:wFT: 4b\rc!{i؝ψOAp|\rCY6$U|~!gXۚ\0%ʶ	^\r:JkB,e-v6&(a-5r~6+Xnokza#YұZy]	Z\np5	N\rm	hn`|F\0֖ 5\rD44\'`	-,aN\0GGUbd:45BήENFJ:h6L\0I\rFv~+$ؐmW/?V5=SG	JO[XKUfUm\"mџ/ V!YaS[^g}A +l, V@MrԀ6Agx&\r/??]Gk\n6rl\Z{W/y3^~0&\r`e@\'DdҌfFӆ:D=L\' ȒjP7UX!Wưp\"ܢ`-kS2	~st:l\\Mat&:]ì?KI%DSh[hCV+ܟ\n L@E=;PX!\0\r\"CdO.mhr1m+UXXBC\0+`VMC&J:ƔrdK3kj؄T +w\0B\">d%݊^|/n}+׾緿zD\'V >m\\H`ϙqIMyl0<fDxŨDigvx0/`T\0V@Cd߇w$i_00&>j3ZO_\\@cd%d+0qY`vF!)59q4	,aRO\0˒3{Y5ّԨ)fN\0;=L~f`vQz0ՂOo}2	(7-	e}c},S	0v]͆TtZ&1YN@J5)&d6YVź|_X	fLhU$Vr{_m\\Sd5Yބy! `|PK됁{C!\\	%)	\\=3S蛓y\\XXbdףm\r7E,_6֭{	5,`_\" *0udU5e\0FlWM&MBbEӷ$I9i04D<\r)\rzXvv\"z|\0NW!L~0gUtd뙙Jx%ol݅GOܹhk],F\'4#=-\r!Q<wj0/$fٙ#CZkBS\ZX\Z>,,LnMCдSg?y:AM:<]`]{6Aḥeh&E\0\0U\'i8L#Y05n;3YlCX񐰉PnSS6VQ{P(xP@caEBPP\Zфz6kFVNp	{pCӑۈ!Xyp,޹;?gleǫ0g*l<BpX*uLLX5f	JM#5̳5H#]#/eL\nQQq!fL&\0\r+@DTVNv,fbK\0\n*y!F3`;+>0vq=ܼ	̙\n3JQ4iJ7i-FNyRKP0a\rgZRS;R[=	`C,CۆNJ[Aۖ=}0td#s:ܖ@~C	!\'O- Vʻ4.p񅅛#u.50MΐcB\nUW}\n*\0L}BQP-fGXV߂V\0\\¢	`\Z5##RFYvpp	W,2[lZOwp.^<xbݛ:lF}\n+]iCjZx,dSa|a!V7c{;̑˨%_ENe-xdl\raaMeӒ(/l\rVhpʀpx\r\"TeҦ\Z|	tm!C}>W\"EOjN]tnD-=wi!-)ȭN\'HGe~~I0)dck)Pb1r\"%D>7 +^l Lml6UF34Y\\\\IE+e1˥!dFpp3<}`j@$Fax%\\W$:brҿD#o\"CU)#TVIEOe$j\Zn~<ݜȸpBtL2R1f6^~q\n|z{weӷ=u7v<n@A$,[U\n;g/z3%Z$	-&YFvz4z<6\'u$QYB^dd$5Lu+:_ע413uDjR휸mIVig}\Z	b(UHYŹ=7d}njw;ڻw`=8B#+߻ϸÌ>u\n\'xBy4Q	0}K)-h,ywG1TG&9!C_(M<mmjc)PM6i@0LUKHljU>m@ǝN& =才/`W\' QE\"(R\Z1\n)5DwLx\0êD􂘌+\0¸zd`/M!dwfExv=L\ZȒBo3|޻x>V<Ywa˺3x~\nAp5\00315e\\Ǆ@f{:fVHWƝ,lh`	]S]R:sF7!Yfk\0yFwM%@Dޱ)iGY!P4-e]*b[wbj̧l6XEuOS^b2Ձ#Y0f?,P`όzX@RY2$FL,d+ƠwKC]41\Zl\nu4]\0⚐]0mAUlDc],cq	s2t4\0Z\0<`H*y˄¸P1Va^1z¼0;7%$,6|apyx\'\"%ē0[cOy>\nFu(gciabMEY\0TleLvpA\'=BSdw=s\'7#57n\0TC>lĮ]c-ptY-e2O\0I#Ѽdɨ/f[ȐLIMY1v}|K/_5ˏbPjtN=?c0+2>u4;#hcEd\0BfDrh6U@h3,h^,mab	+3(,WMD=]<)hy3G΢67fP	\"	Li4b&T,Ľ@akB}uE&`>	HSFJ\n@)dHeC\ZʙF	(\")\nop%XU\Z:,FEX$5c@t^_KB}$x˟ʁ&͒ Y$ljOB@kjFfe%Ϝ:}lg\0c\ZAϰhG~Y#Bmh$0r(;P/DnvV<bLPDhi\ZmMz,]CSDt\'2\0|mt@Ce7F4LэGP3	Aވ\0F66QR}K \n;^^\'*c,zf:lX#/>0tEDtF_adeFaMemSx#:w4*:#\"yY )W&8D\Z@\nT	p=\Z\nK0atX]U}kU~/ܿ\na^E:0)E$fd\\\Z88xG+%>OFFv5bb\n1\0F?c{A`CEEl$w %eÑ6,ʵdֵ]`AmvL*2~VG9#&	\0pٓa`ceY(i{e4%_ǂp!pvw&moEb%)D<H8mz#=K\0l+]\n)C?B@|]<kl=Wo׳w1ID3keX6Ձ1BcR%nRa<\\h\0, 3갣#3VS`:kfl	^ƿ-~\'0˞ybd6/jr_-QI	V2z/8XaQd@&6dtAy_WYTM|_%1hdlSuT3u\Z:d]j^M#%.,H+(>IHLDyPOCKi\'s<*G#>1eIDjz+R3:0rSAjљHlAN~9\'PVLWF2dj`\n/dV\".%޶0w64}0w2\r5F:$C;WY{Yy¦RybM1-ۆm[ERjH%LycFRۙLש}ɺ[=O*éoOG.7q]|yE??x1]=adkȬ4\rݫ\rR)#eYXfJyd(FJ\0)>s4\ra#PS˒DBh*+C1IzVK+]FW\'=Ռ߄+@L *|]]B]\\aY\"-zPFd\n}3kJ\Zʔtɺs#na̂G=Be\r´ɏaqeW}EF/hjXV$$!6/GdD-]u);1}3Xpf_JB0TlFAE\'f]\\8xQh)XF2C!#Lɤ5J.mjsQ	TUԲS@kRWK?[H*GV42B<P?\"Kd&V%\'Sjɍc#X4|snwp2gaPW\ra%p5YÆe]k9)G2|%.REf5UXX++@Rҫ-Ml_хɳBUp6y&NVբPfnH0`c8T.XDw\nXeLcjWFg0\n(hp`T\'{t\rאm\"١N\rƀn4ՏBcM\'ODl|&tm®g+ǒ)]n* 9\n	U(+nGBl*k~BXښ8t_ǋxPV3uBQ7p\"h=(am6YH@Լv&$*VAV)\r#=:L21\"c	3#A!HŴOD^\'1ɼPbHRBr\\uDE${[##;Du\'`o(ƟDHx-X֩,)>qR_ceQ5d\"At+UD;u_\'\"\0S7[tۨsPB#8aNdLmMa\'cX:[	)}Y\" U㼪QՐAJ*\0,^\0k2Sy<,X舌M)rK&)4elT8YLY]ݎ:\'RwX/\\6W-& 9EcQ_;IЀh_Ms=̛\0MԂz&݇misorنȎ2k/+0l*~n`H\rMlbRo :\\(d|cGi¦d!SCC+#zX<A^nc5$q?j>	eõ\"-ŝX2i>yEaa#|.v|]/tk?F.,9vг!rVڰrKh\0wHm$l$\",IF)FJf}	) Pb=[lk .Y&J\\%BK,wNL40YшLAXZ	7\rBÆ$@}\n++ǡ\0\n\0X\'c`uW]SOZd#\\ Fzd$ShrtΚƖ3]s͛wq̞<֯xo%13zn	ҏHmy鯠n2J#;g(\rނ?\\FwbХ]Yl{+xK$D	]*R*h*M٢eh\rcG8+<j}[MXBHT0ޘnO=0ۛC\0$\rwK#((-\"i/&FĊ֓[Gg7oKyz/jlk1\r=e,	(>IƂ\\la/߰$Tap<WJv`.6C<pX:2[	T28Mf!|)dhG7oeDdX }sڢg1Yu2\n lg2i`GT~־Q\r@ll>d7Sjp#=\\c[o~&A)tst 5FoUsyM,6\n\n	T\rMŬhmZ]cM35ٱ44&0	FD0|ye칻)\\<K\noRK	|ɍs<NÀU`1\\~K>y1vJ\Z\0c%dnem<QXӎN0,x@Kk.#s-LI\01Ȯ=&䗗%	&N$a\\Ezy <9dhC{l-A(eyOy׬GeN\'.{\'hY+0zvsFPx$Scy~z/\09!Ocܗ0iԭfƐE,=C2.]j[Mr&֣S2e3#dyNY0_t)J-cPSg/	]Hb3A;\ZȰ	LL;k3W\rN!1t*IK;,2E3̊\"`h?Em5d- .\rztԍVL2+%mÇmq9w7heM	\"`	j=Wm_bÆG?¦{0jJT)sVerKN3:r!r,gᖀʖq>j6Mx-z2Lv56Rt\'|2 ;PeT^Yr9np\nbbX%1}rat.9̸|Z{2qX!>A\0MmxBM֖ZP	s&,ǚ;p\0>m\Z:fz:7/ԕ#JGRr\'3\'	(mYMe-:`+.d[(AL2d|WVFɼ~te)\r:YXnɰqˆ{`SMk0xԑYb2(qBK֞jC0Q\ZqlgX}piѓ@)f؆i	8	RM--V4iD1Rm:=3[F0>A(Y_l8+?Ǧ-%\Z6E&Jq\0x0}\Zf$gV 	5\nT!&^񰤟񌆋o:RFDim>*i:Z&&f\rI&݀Ͽhɼf\"fFpX%\'<II\rm3gJlo\r3sxaƂfxe8UQJڌ	 R6j9cY*/5щX9u!~锲j~\r\rP^Y<t2\\ؗ҄ɨn\rl=\'$=X>b\"alYWY2Y6fY3w\n+t<ndI7d_!ih:MQ\\EG\rdGg\"\"#	Y,el8!\"T,OfɓY\'-c6v6GAeLY@ʬCMZd	mV̥%Uu)b-+EWعҍ-n\'s7iYU8	]`W)h]ȅOA,~u\'H(@lJ62<	9\"=cifKv/tȾzЅKO*|g-Llɾ`hA11whwaXh4Tc2,(#薎܂`BgUۺx!\'\'\rY)qЗI~Oh5lŏJEpԺ5]ŒE=@FTQ-fQ3p{)*6#zRt$HWd_&kˀ<8\"5W8A>nⳆ}jƣv$|ó63nRGSEAJqʲfU	?yɌƊL(,$ + a\'\n`eh3Id̛z۳W<*Lx\\o854kb鬧Q]эihiyE\'O\0XZF~[5e(*DNQ>2t/0up%=ǚՍW\0`j\n5eZՏ&րF6зbۨȉ^GVaVpxsFdnJ;7@~^ZV,606seRٲrcA\n0\\DՃ/Ko220c\r~\"]te6E?<$,rѺ2h	x7fCɠv	ۉPfD`mj]g\\+^:*0J\'B\n`L@0au(d({l)3#{Gh&,aHYzA\\Q|Q:eQ*u]0:.%0ٕIKhI\0`ZRl-G&\r;ʓˋU~sGpx+	>$wÛgq=}XR235څrT梠 .CiM	ӓaKO/%Mz,0t)sDkeȁ.M=fN&\',4cEO6,qWX4|#\Z>Sucӟޑ6K650UfhC99b5F46chPNj@-\0􋁗gԍG+]kK\"!*Y0ud6cgmLv,4MٖEPɾԏJ+u\"#dVKqFT˶Tӹk23<=2}Y>>.?FJ$x b0LɪԶ}JbVU.!eDǛH)aDFsUudM HĔQ24{,WLE5q/>܎;,ĐVrF􏇻obP>LAUXU4|$Ybܾ{G̙Cơ,EZN!2QY_Є${Ճ@#y>/˿6,=>3\r	`3#VXLJhxx۱\\BUM0Kg{ٙ8oVhVji~l3~L@\ZndcrFjZ`놗ؚ\rhɁtlVa?]\ZirȆrĳtʘ.I%dd&SJ\0PdʸojV̈`Z&VN\neP6wkEsJ}>r@]M>	XSAbpf;?\'NZN2Ae:KmL2uzBrXY-!U$,LFmI3d:Hs̝7an@jٛᗌ|VJ$#dƎ݁w\ZF2@\r|kxnA̘͍c;ZAmFmK;4,d`//3^VY1,73QV5z0DVqZT<pV\'r4V6HBZj**dfaIG񃇟RRҐ$)=F1x~N[}vq~><.ÑHBpT2\"1d4Zʍ#\"\0\'ݼ-E2\\\"C54Q\Z\"pńZo]2U(WBJ@6n\nc<e\"ې_]S8\riSRK&$\\GKhg\0U/%2ܫy4:ºrɺ!&X+#ȸFe͂LDhP]u-7偡]	j\\>j0i쨡	^V}SW/AGO`غ\'4Q2FY̴vJW衁cZ>}=}~ukFm}7R3j	F\"DdaG5ˆI,iFmiAiKi>=935ӱiSK}.@VZ_8\Z\rqK)TV0Y}B@$f$\" My.BKlb<f${yMHH?^WώbXX\\^EYf\rCij3wXy58\nEpd0W[q2H/:Wa:e¢|$<!W?i\'P	`5O2l.+x} CF}k̎N<cRX\Z|ϑ쩣X1cb<qf2IϴZ-VM]	*``$YIF(4|eLlXj4?ƶʅF\"K\rNkfH3Xia\'x2P2QRA7Ǐ]eWfzWG! Vƍ24QZ\rc0ظy\0(slDsD2H0wbҹ>7\r0d:|wwfԮ|dӢYCVbCovU@x\n1~̝>%\rMAI4rW,.z\n\'BAA-bK^c_ē[m|43!/XO\"RwԀܴai]XxpDXt\0\Z`섵FS-ZU5}+F+ц^\0Ud2Hn!Yr9$\r˺)meIrs[~LИlV˾E\"P,h_E٠~2>F\0X6\\Бs	lS6%q{ԴZdY2/;XUkjK\r.Idǿ&Y:҇!͟,O@+8?᱅,GFVW.=G*q\0~/QS795*@^q=YXQYQm\r,Z06d!p!6&.DQ$LBVn\0gR>	p\r/c6fL(#1)XS/0kTV`T\"bc\'/ӏ24ַ!<*ȮCd|2<|c_f8:۰dM\\aJ66qՄ)Al	\npعk&\"2DF^,;T\0\'@*,] ej\0\nv*ԕ=\rF\'\r߸F2W2՟@&<D\"ÊUʐU^.`s\" P$TВu1k@R.[B:WĖЅm\\g[mh&6J)k}-\\\"h\\\"\0L$W#)i ֬xO 8C3>22s?fڐYԄfD\'<t!Sx!ա4Ky[gyeupAHl+sl*\rGSXyfNp_Pb[5a5M쌑X-\\qǎ>K1xH1&ЎB5U	M0O8zmođ\0ܭIXHb\\rY:a`H]ꄌ</ah\"\'eYYB𧥄r52 !-3YJ8	^ѡRT@(Cmy:YJžq{v	8=?\0i4W(GU^\0++Pp)&UdOi S`=dyM9e9ىV@אVzNB02w#)md]k/xfbwyNԍ[MT`ߠtʇ&cѪ{):/V&5~!KQR9iͦbEL.Yn@`!jjs	oT	\"2)SC22oLv@\\j,#,c#4@m<7պ;pE<h6vZ28(pBN%+<<T\"R[Zh)5,g;\\l{r8xLGXpå\n\0\\i)Y	BPD>3\ZQ$5alg;\n}E\r)EЕ_]%1zeM2zXۜ\0cH}\'[	p\\eS\r4de`W.6c,6$мhS~YarQ=W:n]05 Q\"XTDL+ 6\\UJR-~sdX\Z$&Q>$/8V%RPR\nW}۷%Ȕ!ʋ;:ٹUdOlssgEpFgBZ09lY-(=at< DE8~d[=\Z?K3/e!0,	F=8EФVa256D}o=x<%cLř!$F:H4lpB^$;GMx*3f4:Pe41WAj\\:to,qCm ˤ;^\"Tl.Id_.ښp5Ɩͯcƃ``Ńф\rl<={	d(_%\r4n\n&+A&%Xu\\ FSo%&y4:&|.kd\ZL\\8oԆt$Yb	VCS؇T Kט5aؒu(i\\Cr=5g$|DΆOp:#!Yd<D!)EsG(5d=K=^uCf[@xdMY9ЌuvO7¼\Z\0j]Xa=BSl憐x8Ċ)l=AgP_9uCfJ+?YmXML\r|gR  16ѧBZAo@[:\"$1(wqg\nqf5`\nWg\Z \06W`/lI#ajNCb)k\n3lN4)31cD&\' Ț\Zl@2@nkdאT8l<Ъt_S}U_:`YHUK\'mloa}kJКY\\BЧ4tLd]׈L+\064!e0\"hB>Α4-(8nA4K),d! E`xrlQ%HJoF~z95ꉞoD)1al0V Z$\'əvV$P}spUi4SoxgW0..܎%ׄDg!9;iy\rHL@~I&B(dݹW`\"}Tbʂ#Y]D&id`~p\r )\0ֵ$xeLdX8:c_&j\rjb\Z;s\'C\Zᡩ넙;,E(@\0P6\0b6\"YRG+#S\\C9KfAۈ7&54D1eTپ<dݟ|OJYkPe̖ϕ\n:o51nĔ%p-Թr	=%44tdXYI`?X8=aaN\ng-	pIO`|	tD$\":2!9MI@X\\1b	\'W!k\'K\0&V	Xk7=g+\'1c{Hɞ.	^uw\Zr-#=AfZ\"}Ȭ!,i}iμM	H͊%P@b23frv>\'8. >Np3!	$3}8鲂!*	n0ERrcrց%\\0\'wb*e\rMtQ\nOB^a&̒Us\\@P	#ںFpA1\n2,E/rgiab4P4NSdZ20*VW8Uc\\{d74KWHRHR0QԵd̸}ŤM=j`NkUȝ(Z\Z:\0vNaptdd(k=vFPd&csl\"%\ZU5]4%mkEV\ZmC\"+uHJk$n\n\ZZ[o;E>(֕K(?dK>YT7.@fPĕ/N3NM1ek0Q\no\Z(3\Z57Br~91Q^SFg#;:i\":6:QqvpprwDEM\"%)(AfԾgD{ &EK&c02BD-M$eDMk\rSG}jwsۙBMn)$T,,id-2e~#P4Uo2MhI\r\'!%?X\Z&бbE;ِ	BS8\0/ )m[X+ՠ4QRB6%5ZuYȺp\\IM+muu,eM(kn66da7ZגkIk\0#SJ S׺D*MO&IO\nSmbRkք̜((3GiDJnTUŊ\riQZ:	c܏q\r`ȸEo\r}ۆrC.X\\b?Bap:+Icr;݌X؝f̖p\nBD\\:	.p2D@1|#\rYȗp{\" 9y-BY+klPj\"%+I͏İi)]Fx \"ޕ4dqgɝW uS-6Y)bb\"Rj\ZRjɂr	Jk\n5PL#FUg-X[QpTY,3bbUBX\' 1cSprpOPO.ko\rm`>\r=FԺΔ%4v֎	hL\0;5xnt3d\\K>R\"[XԸ桰&xXMbNL米iɶS1bǿ]Q[ ]>{g>qt݉7_	S\'Uw	^~cݽ\0(F`L&5yru;\r,p}ÐEG\neo\0+w`_jxGDgz!*_Y`\n dS$fҀ9=Rs\\j;9#+CIu# \rM\rho-Eav||mfKoaGw,\',i͂9؅#&j\Z2/cXW*&3;?5hZ]ar\\Q2%W#3\0Ɣ]ue˃HC~AМ@p\n/Msb3vȧ<&͔Ym>ZPљ8&nԧ~%|ty3,0q5d[;\Z4o[/,qiYk\Z5^7hD\Zt#04[~0)\ZihlXcwⳃgq=ܺ~Nb?aqkdȻ|.~w:޾oRQIEFBֽ}68r\n:`Gd\n`t:c2ug4̜a\r3Wop/.4q	!!M\Za\\dE\"$YNu#C:Q>Y\".֬خ\nnHrAb5InuC\\z rPԂ+OaH%Y8ÎLFCs;vwa*T7T-)\r!IHjZ83ӒY4]WuajctpI}&A`њRU!f!{=\'fOahN=jM\0֛zҙLh7ϲ:TGmjl]k|t#?gOѾ\Zڦ|͂I@Fa9+k؃ASf	/$4\r>5;\'-M)-mTrL>Ķ!pCPX\Z¢(jP^9n|$F{M?㛯Sqo=7$dkz?Pt>f}9]H̪AdrҕQgxJP&/;|6r(X#\Z{o\'r/SXxčZ4	)\rBPB0]ؔ\0$##ǋr~Vk؍5k!#<CK\Zȑ8&ZjHeƵs4tk{\rT?ڜ֗\0$,3eufFU}cgQRBXCK\0DäGi; ,^OdRhNlbp&+	t܏;3k)%li\06PflٰRُ42Mr\0X]Nx(^dfEvWNBbN;(LVK@;)d xe94lc=HF #m-1{K9e|~*;|7KU  `D9s.̣,ݍI-BXB6A\rW`<o/4Ojb_Lʐ`l]\0G>NPnXcIO7\Z쌘8ʓ(+vzsc@P\0K8X?ൡ63%GB(kb/Wp>V^&\n\n#\n g\">><ß%Cm=qx*Ί.pBp`,uN2Yʗ,J)]@Cׯ\\fm{C#\\cO51C]seR4I\nFsv6Y5XYg!W?(LaZ6e_\"@\\MaemJzvtp%UcY4\n.9i${\0<hZ\Z9sRS8\\DQ!$\"1IegsU*۔}lOv׮l4NGF./C	J\0яPz0ѶvpD\0CH=+OF{σL\0C鶋l2o4c\"(B\0Dx=؍u[|¼p_h\"#hȢ6\0Sgo|1#F}(Nfu@PHIĳ1:4/w.\\}׆us{kj%͈X4%a0,hLYMidM	E-aCm@Qh4Z̀k5 vØ4I	,թ4v êVrU5`!g״	tY9EP˾\0,Ӵ	^OLɻ\\35	pBh4vѰRzF-b Ipv;Џ!,	%,\rhi{\Zr[hPY?}ˎznnŗƸ)>|\n]T6f)\'Qi,)l8ʸ0xLe?˛(sC`|<Hd f\"*)掉MbsBBZ\n\n\n	V H/AV~:rssQ_׌F\0\\||D&iQ_VjRTGCHʲL3q@FdgU!4$/[^۶IHPħ98\0(=\"PZ<ycabJ\0hPAFNh}\rO>\Z&cP߅qc6૙I	JǠ%(*\\!/vudd]\ZB_UJhܧoUhX6<&jwJcjF,Z6\Z:hFj~g.ܽ2ck1pc4OS2WH7N` \"Jj$Uj4\n:QY=ƚpO*aѫ	coc<}F!SQ\\Ӊ!H/%7*;\r.IM{P8#uAqrOh\ZXO4.n+\\B\\X\Z4jHaOGrr&CL`#;c~l^)xr:~\r&.cDJvQTրں&D\"4*)ɉHL.Ead<~<p-S`kC-4ZhZZƱ`n_wES̗ 0\r˶:zV׷;uNy46\Z7Mobx;eL\ZSF<_O?Dy|r^m+@z!_fT@+e2BkNd^&,itApt%\rD&L-CeZ 4OZ2\n!_T1\\2NEpJLgw7Ms`،Ɩuqh^냁&dXƁ.cX#|7<a7GZK+*@xl)..*sM};ir]`hC PGie1iMBu\0=QU|wW_RNTUEtd3RҚۀ,L9+\'4vy+F^`\r҃{==xɗSLVBʼLEUGdf8u`@p3+4fƎQ&-,-<dv|ַ8vK`>MbGq+8s]g\0-	@se1HMab10/FC!lEju*-&,&w9G<˜bcNØ/b7ж\nكVa(,G@\n5~\"V\n3?m3tL!,0\r1zrJZyW=%eACU`P%ܹʥ{	4G:iI)%h@FJMFvA=d8xSFҧ˵2#Wdʎ\0vR~FM%PF!4mɪ\ZN v(+\ZUWnۉK &gdoF{D!-HH.dBUyl14a%,\rյW~NoKPD3!;u\0Z\Z!+鹥p\'dxE&\0dm,zV05=ź{0l2	|}nܺ?F^W_\\&sm,]ZDidi	!WHȣ2Un]}sբrm{hkS.z\\ҀX;%^[ѵSW\"FIrrJG^vHC,_\r`!>0zx|Ue}XȇA\0ia%0dwphm[,uE\'eSg/;&d48!\'	z4l֎0w\'s\03Yb(}kf5j瘏7;/<㸋+71k,_RVv;1r\n7¸K0xԎCGJn_kǩ߯ۯ~S~YwqS~&EP#Քf!j\\7>C+Q_Tކ:x\\a`.\0S=˕rM-Mh,1|3~};v<LZQ~Hw1b͕w\ZK\r\'6Fz&f4bº&\\Q.Sg\rt\r}90cLX0	Q5S#<+A\r,\\\r+ >m8KTV|CYy+Trd!\nʆ1&qbDFV!<8qHeĥpK|#[ኙŕ[\'0u\rA܎Fħ \rtD#6ᩙpeY\"6\\Uc}kJ	P^Fg##\nÐ[0g_#kԍ{8FɥMW?CWj\"_1~=كkngGNcx/Kd$^.\'7ƫ4}tmHJ)W4\Za֐xS6vmma&9 73p	kZ0o?jfO51a)^}0/~cY\'Uvag0zrQP.W\'[1,|4Q%dR]8)3hʕpH6BPWg]W0t\rL!t6n1ck+n*ӊ3iRf1#&QyH.fGE$̜nݺJ8ķo۟-6b<\\\\Gg\"&l,8@>&r[)Y94m#s=&My^>L[7;y;w_~u;&ZZ&̜<6嗰Y5cv.]QrM g;~hV7ٯch*4OAˀIH/bh^C58oٯN{*MfԾȉ/)k0mS9~#:\rGicX<|9|i,]ip`ƻtIdx*,O5~u	\\=#W2̼ajs-s64	&&6}#8-I]r[Yb8m,ȾuH/HH#CИ$e#\'툍-\' %M(/\r\0<TCY!|=|Ux[TMElz7Z6~1pS@$l=aE\0[Fu4lk\rn`T؄Oܷ$U`az4+\\Ŋ<MPQ;s濂/9OoџI0B6ƅ;?Ulڲg=/g{~X<zWIZ>-Y}~OAi|RFzX2#\rLaf\rW&{jL\'mCgccXq#GƠ(硵~{Ym3a.\nG1}_ \'֕ńqs-5!p3o%,	^@e#ZYdCCԴ4կ?0\"rYw=XhTq!5QAmFMt	@BLkՆ*͛?V\ZZo6FF%}4k$xE?r&tr;/#O2\'Lm{QOdQɴ}f*/ųO5[xaw߽M\rKU؊\ZVݫ1cfN~cǡ/(m)G5aӌ{G[%LG~{޾WP߁ڹq?}]j\0+K<<)SWXX%q5(\'_yS<ظ#,_?-;̶opk;vbtۄhhz]#&)]a\0[S@<dfjr23LQwP\n3XJ#:[pWb-\nWq!2s+?3%%1yykroorr:0tf{8qۣaT\ro\Zv_`ϧWëh#$G/v\rW\\ښ!6~pAz~3yq,:a<\Z9IyZW~r^HL1JɊԱuh`oqM}\0V71.Gwri=*?q\ZwA\\8{GY!oq\rۘ8}5-9lpF\\T!rY&bpM{xhnXۃGq8e~s<Z,i<`9l<\rxd\0Bd<+w5u\no|kRL@S,FLUN}ｳ/tfy3>i(+_>+?BE\n(Λ^_o(*y2~! >{.-O3\rc$FD% ,4#xMH <>hruu <p$1	mOʋ?b8(O}2lw\"\"0jU\n%4q#aױqa\\~خr>T~Cv=9N/ʾxZ桭e-n	o\n	땩2牘qM1|aaoxTuch_WbY|I!N|Lp~uchgM|ZuMq?`LSB\Zf֪k̬xq\ndeGɾ!)EMhWR*$U)\0H5q^L6Yt723hLǋ/YCe<)P>?|s׮RGKs[˿Oq\\rzƽNDfpT# \0!L̈́d\"}#(iԂadC\0+UU}a%-J=a+zWuiK$gǞ~m;Q(,xDd=\"!sQQ\ZWGzw7p};wK:ҶR=es$ ]\"B X\"dTb-X5$Ǝ$%SE#WU?ak?c#b*ONyfWQX8C<#4,ߥ4HL|9uY`j\03\0,m¶rºrg8<c@f ,2QqHO´IgqL5SיrPQ9ͭQZ:e)!:ظs~*L)5prrR9e˰g	~ͿKޕWu\\77B?RP5\0x.	tE5 єraH^*\\CLJQb[m6-jg缋5Ay4uB~lrACd\"\"cWVJys罃O/:ܤUj^2\ZЈXMxg)?aF\0\n XZ>\n^i(-hp>8S^AU\\+~yϮL]w*\\4u1cʓ# 2nQ_ts8x1vwg@($9iHHFjf9r[vJNXN2\Zc]QO`1s\nJ =FX\n{JVRsa?5~OF,A1YD-$Nq9N2!Ϗ7\0>p	dm8r&Nߋ/>LC}	W~/&Ggr\nÐWڅҲ6ȥVC8magأc5|#LىY3~g(Ӥp\n\"\'9<4VRM-Ȅda+Y\'ϥ\"6F)s\05ljID9br7{xS2{:wY/w3OP7L!XbJgU`^r;$P{z$S.3~rodDf !\nu-1r\\lԔ)%GVo)qE[~u78z8Vcb6<91l3()A9tcqJr\\7)zچaQT15	U\"*52\"7c`,,a*F\0]`lM@FiY!QDֽO<{=4]/ЬPj\rx\\f}Nbشm|+TBmxd$IvƱcp]_c¨1n,^tk?jMŉNap	#3ޟ\0=m0lmM\0\")U0k+|\Z?ݯ¬iob\'ģ_cWpM|e<\0~~<C1 \'oR2\nGHX>2*p<\"6)4WiD3f:Ǝ݄iSQLz\0{\Z?YJm>~5,_%};~:0NS1v˨v TNĲ(j9˯[xu t<2QV71\Z%NGV \rwX2a\rc֞!<6ap׈	KGLtFMZ1l+xΑ\r**cT&BqL.V{?>GCdT2Z}\'aEOߞ\'aㆯ$(\"7[8e͇_h*읂ʣs$\"\Z`7%qX|KW_^>YS>	?)K{(6W/§bxeij0b6ty\':t;5\Z%QqAfhDW$mz/V,ۃHOE\rueXt݀\ry\\Y0q =)Ӛb>.-Ae4W\\vG^/{AN;Q]4k-cQ0y4`9g!4!\n	brFG;PBXE)#Ci.BqsGB\\N2r!r*Ҷsǂ``\"(fx^K_1lebƬW1w2i#ZJ5Y9v8\r\\QX/aOE9=<&Ԛ\ZkD)K/M#ˇS8\\B4}F5/R>ٗ\0@w_v;,`Cxd۸z=7Xn?E__w8WVm<Ԡ]\Z֐i[0sna]a÷)eY[QT>eeSٺOhl{L6;btq#<}\ZopcmGaPvx?o\\ZJf)SGmǼeo*MٵI+RFB⨃c$8;tPTdcdf6 6:)].(3	4ӑ_6j[5[[!\ru8~.^#vxm۞\ro?)!\Zj`,}`c؉%U.JDXH2R*^ҍ>=Ӡ҄y\rz3:qY~:;pVʽ\nTR^a㵗WjQXlX:}Ldܼ(q\ZqX-L2C:ڥn`r*ht3ه(9xo?\'B,Fۄ6D\'L\0\"Llĥ-0\rq(a3Ldtj驨mj7y%PT=CWc{:c+\nʇPvql^b8dy72r:P^3HX{BO0nsѵc|3XyR:\rٽqqeC\07>\nHAlt6J2{=zXj?C_TM&=/{)튻gO_]EˡLL\Z\n\n\'SW|7s\'0~T`ݨH:E#0i2bߌmqɫ\"wl\')a{z!EWKo5T#ss\'@[c-	H/Լ(_\r&4t9l&M]C!qd\\:V~\r	@NF-v	^}$;Ք흏eYACסmԓx:d9jLBLܔz\nKƓۑj$\'\'Nގ#_ČpY0m kŹS4Զ>7˳	S||ȾHM(ACPl4|5=ܸ|:y7l:i7-~o	Vx.Z\Z֣bNxI\n8I5}һ2t=\\i,PD850yv\\pu2r_jfPS2k%qoPߣrACA:PTw޾@SRVGZ`\'V\"(pN[H#rPl);0w,\\\\5cРp$*嗎PQ:`-(!F\'T ={$f}#-Fbr3c-	9f>^P|ҙS=3r܂˾\'(Âڞ7MߐqK`aK 8E(cQ9IDWL\\<sUi5߆M*	K\'_1QIch >v#[N#׍A+(-KqM\0v;2y/l/q#j\r`n\r|\"\0^sVNG\\\r妵֍~\"Ea:&\Z*UUq{xv),\\v-S2\niv\rN-D }A	t<<1^}0FwFdX$^d\0]{`i,&P*AJVA3##,G?Ŕi;P];%P߾\n澊u?Bp賛4gɹu-,>}N*}b8*\"$vā僝s8c(Sœ(liO{ANr}2/rAGzpD ,A+o})Yڌƪh#0unRջxa,Yyv	/p go	VӟB\0&{ӆP[=\0l{?x<G ېqeifHbe{jVLCj`D4d2*l^ЄR!ԼɍϨGJnxo9d\\|$7f+~U꤯\r|uf?CEHLI>w><=\\lޟO<:`m2srGNѷQSOHx}C-*Y0	5:!\nNH-DYv^7*%?`T?4?\0a%m>74xgP@\rƍCRL3j\n˃+SmSx5|gY\\<4-k/~k{pIܪǞ4h\0޸PFeHJ\rxlw񧫸xNFT䊌?\Z;znݣ~uKh#%{\'<F#]6ŭHnCQ4doi[Ř:g,ysfomGh`b*6Б܇\"u+AQ8̓&Фu\"`VR)jqp^[\\(gvƢeO.ԯ1m3+OOLrɣ|S0l\"`Kkӑ]1J#H:aSncP=\Zq\rO5w:So4Ix!f0y*@DhQ=ai?RI@Mwn?WfR:?Y(Æ_#TWn46O}^W;\rrI=c*ܯWǤioq	Rr .w l8*c7psul%&ۍޥځCqj8[92r:h.GiJ\Z]w\"}<[,^*ǬB~p&d\"k|m,aenn\\XG }Jk_ܸvj`k(PNpvM7E~h0\ZśP?þJ3`7AK=D@vOc5[2ݓ♂ptgyd|1i\ZKOTm1hٗ:.iڵcݪp|?a&;gтQW=\rґش̶/q/<#/_bɖގq\"bӖoP׼Ooj#+w 1٥1aC?	\ryFq̝eE^|9Vga1oX x{|UueAxۓ_mtXΕ(JsC_1{0kg7#,Yv<wy\Z^\0f_|Pp.}4e}#awT\'ىX9}Hxb֯?iAp`!|)^x$ǅ\0ck\"J\0G!/A)D8Y8&Y<-+(	TGD٨w߾yg4L҉ι%?ASTUFWJq{$>w9#\\K2;Xe-￿qw\"/cepDf8F7y_܅`!Ĳo+KL#K/WbdManQ]TKͷ7p-BsG7=8MLb4mٯcW6i::k.{8qW2J$@KOmKrsO5gOPX:..	NG$jAj\'r`?7?OFEl	*\'xstx:\'	r\'xd	7#+	~i\rD\\H.^8&q(wUNHoI42UOW\0^	`oU8,Ǿcd\'عGܸ!em)w<],D^|Է=E+?k{Q^FŞ+~t=< seHNEf04߹Crd}gqϕWG.cG?mZ\0_ƌxdX8;yo\ng-iK8}}[uf.9[;{fapDtDWԨ6}:̠\r[CrdjjzuwJC<	0(Ynqp\"\"Sl$b$FW#/@+wܯ\0B}0?|ŧh\Zzx̙O[{/wN㛏.%/߶G:wq0b~<z\ZyO<ǒ}Unk>GE4!-yhlډ/U{`,+\'wӸ@!>k@CX$ 1km9c\'AS7JJ_*cLSӦMrY\nGiҟ%]a)?j(w <MՄ7vO_F9pUnU\ru;9qOm4\\h(U<\rWa8! OC\\pQGV\"#qk[<J	^4o?BChԔa[\'pYW\\#xtkeN\'zpT<oEW;?[7N݅FevvQ%7$x?kH}J ?,d-OEC(L>9܃vqocw2\\vǬ|_,?*^xg揔7qY[@͎:T~.J~O~a-4p4pwH0PI4Isi\Z)(	d8Zނo\nGPx8%\Z8\0Xx\'RF\"&0IaH,BbD	\"ʐԈ/\':cloL{\0q/a/W[35xķMQ[*Y[6A~Q.>O˽װ~oN\\VU,uƚ[i,Y3M#xKV+Ɣ_aϧ=+?.cCxXI<I,kgسKܹjN\r?pTD }x;S< U	Ưk~Dtd7||*WT8$2Fy0l-j/9 )>dd	Fː]xO_5.^ƍE\0D=d.ڍ_\\Ű;1%lyܸ;*9uJc>s?YAFަ%*&mkp^<{xشm)Vmy|{_/7WpmY{nU@a~4>=;/߄{\\Gm	Pgu&x#6esqbǡ0K|\'?l~\r{\\]3\nGX8NQ$3[.SR\0o9.r\"\Z8iedrDU!+eƍx\rܷ῏zT;%PI\0O<|w,V-NKˡ\0q}܄hnhCX3y\03.\n	cK_웳8z&PO73taxg?/1\"D?xwyv⥗W~đ֩p2y-zN5[oʈ	|.<-eP[j`Xe71X09|~PȎGEKn3ׅuLfXQ>+;YLb\n:?\'ב>.qLFJ,50Y8:8-i j+`ߞ\n%yt<jᓎr;r<e#Q]<c?;Br\Z|=o5žP7d;L`\"浡	u1nN|ER\'{>;K7aGxkxt>^~tF>gvP1xk//a=oXٸ\\2GgؖW1~$4?p~u+J@͆൲U>nQDf\\z^~PP[+x=d?/Z89	dVKi0M`i[\08::8&.JȞ4yAA)HEfB)R*^F҅{Et?*\0\0\r5q4/ecqn|t,|4ƨ۱tW36{GD2<gƛeUUɬCu(,Y\n^s3A9	K>kY9snĂk:Ga__5#QPM8ef.|I{|;aԅ3~F\ZcE<f;g_yA(Mߏn:(`\"%s3<Df!07\rlŰ3)]\\b9XRX)\n!>H`2	p%a;ꪖ?̙6	NA-haxcx=f&M}w3g{h-/eR|HN,@Zj9ʛhbL9CȬ͘8{$݈a!hـӇPF65a<7a=硺%1㧍fO?]˰%6}&Zc=۞aVP[;^vx@2jr_ᗟOfKb)=ʉc 9m=<+GxX[Â\"\0+S/,|{CHxw4^􌧉KAbx2Rj&Χ[\ZݸuGރRBx5m[u\\K!7`d|O໣phosT2q?T[	 !\ZQEFN\rƠhhǀ<	3b߁i1-1,GUS:\ZS0i~&f.Ρ.°y(oJFi}j[1cԱXtv#1ytuO&`Xx13Mm>\0jw󁵽l=ɘy7}(Y׶,+HREBW9`gXXSZZ1aE`-lL7eXxÏ%94s C=bퟄd6^VRrkW!>zj].\'qϻ\'9h5\ZPJG>ĩn*!;s*\\>K/^?ޗt.^{g\\x]^_$\rub&AUK!rɠh,ŘYpfVvux-Fd#8Sĉ3=̓	F\"JPZClĈ	5XjF̜?~Y3c@pe6?zY^<\"laKzQzچa/bx0X2m،e^U21=~>s7%HlJ%x	\\k7,L<`p&xC\Z\0J pQLF*Z*fłi;ز^o	><pC-qha7§?w[8K¿|aԛ\Z_>kn/?ڰ۞z\re]zSx\'\",\"	#ZPR,/|1.[PBk|!sԑQAc֙$!8$M1+TPa):f\'~i]g_QM\nf0ubA(ʍi5X1]c+q\rʘrm@`KtUۘEpMQfld_KS_yؓ@s\02\"=\"D8-2ىEN*@~`ZI;T\0itZF\0ODKxt\rڀ<wpJ.^|o\Z\"Tt	yG<?\r!/}s{iܓO9n7	dXD!8\r9dlk\ncqҙWRT7g>D[1dtdb<k*ʪҘ񨧬8Ǖ`B2p{}?6\rG_cl\r}SƁ2>(/IFWW6NoĒغzv=.n؉y_}r/?Ξ2\\c\\\\Lgo	K 1|`06bxН <imk0PıRS4qȐ%1edظuv]jO:Ll(Lw1t/Ekh\Zq9hΜ<\0+7噳)	bca3{2_G_oܓL.]tsWW7((G{W	;ڕ@@Y1Z7͝nMG~u\n\"]E=i+Dx356cTզ)	(F31hEWk|y3fM\r[)#AF}KKZPF8 48͍9=sg`x7p-,NӰfD<p~i~9q?v%c\'%(XC L^;#w%LBm?@!5>pRҐ$F!+	翠*dazτtT=oT3#0AۻǛxt+Xb)6l>.]]/{ce2QWSoVCgG\"&6lYIQ5BhI=C&~p&\"5/hC\rupIe4$)ĐJTaݹhlME;1ppCU0jTEePHtK3=^yjzf&35ͬak储P46mPv¦{صm,=`:,ћ=Oqc&c\'4t3eIro5KkuM\\g	WM1r\0O\0H%\"%$YʄFbj0sc,*Ksƃ\0\0\0^Q-Ā)е\r~~T5;v|KaXz><t|{o}+Wnģc5jZ:j1pqGGdX422ȢY(k@Qm\nB[CPMUQ2dRVm}QTC2$pɦ(Dm[FO\Zc$(#:+Q\\pd !Uf2GtE3R28\n\r	HHANI1-_5-CCh@ט\06pvnb6NIڂiF͗wbX0cF6{D5Llxa[0~ _:ō`b\Z	Ss/	FƮ0w#Ay4sld	/?\")\0	C|oh:CR\Z4oHIgS+Y֏+\n0&g,@}Pԕ\rEs4|\nG>?*W/|!	#P̨r5Ud&_q˸rUΉ	c[P vn+rJ\\<7o1?6>:+V0I\'OƬ0Sn\rUde)$Xd8EEB|/	XE\"\r(EvE(PJPWF\njZ`2\r6\0-m5g2rSm <(uAy0#5$%!9%ՕPS3Ɣv()\r24ԣ\"c֌\n̙3C7w`k)zu	Fus<3U~L~SFtu젣c=]{\Z8i`F3s]h8\'!?4)\rFQ k}KieF߮2?*2/6aP<VEMY;\"<ab(#M\\,{6Q@\no?طq!#acac`+e=Im[@Jv/0w%&Y+öm/bXx%mވa7V,Gm L4qѱ(DYi` \")9At#z8祡15oKBUk>/@\'|Jc@G:gauLr\"1=1d@Q:8#;9hi\0e@MSda;(f	FMm.uPLdj0rL9:cĈw֣i@7ZahT0&B~&6=zȾ$mM]ak	{3WEOG6u\ZHK9b|s\\x>m}\Z۷?^x_|v>9+tz͞^%lg_|D]`4\r/W`-~NӼ*`޸Gt\r&_}v+3`悕r?:ݹ;^\Z~w	|}IDasʣ~U5|p$v-<k;έ]hFe{34{ϸ޻m0j\n$!RI6	@Bz!ҳd7|By~J}.}=\"Μ7~9\\t\'Nm8y}zvWPQY =mش?8՗v2lT%PPE`2!.dfWcԄuڄmU5-jG`)du\rovov^+,BI-bLLNW25a;Ќ#\'Z`fj^i\'V?UjrfVoyejJ\n(FNrGBm9X\"Q,@^fɧΓ~8*\Zba\\wvʗm\\x\Z{:<}K/_	~ou:W\0XQ.}F{ao=߆7*G4>=TUuFubϿ_G`#~˿o?ͷ>MoٛŇ>\'xS?/\".X&al Y|~}8{8y9~pav888CTI8|Qu}TxC1p.C]-\ZBww=Jk2@h3QXDq}bJ\Z3GCXa}&ʛTBZRLjd\r7`ݶ~oGvǝx?ƫ%NUBa`\'xn?j-PjU0[\nbͺ*g+Y9Vu67J-h!{/ғ,FGU\"̃ү6	dJX\Z*l\0|4p9D	pYqlO .Bq~%:sV|O]=xs\'^/}}>4.=UO=\"&bsWcn4R~?ΫK@w_s%?z%7O{.=|;_w~AA;}}q<W羂g_[?=/RW^)}+^zù\r\\-w\\wAݍ7F8vM7Ncs;#`~\ZdFx!TbR+z{QXE\\oc%~BFNR;\'aīBȭ΢Bossh)|=0}5ޅ3<O/5Z=֎\\zPA{oEufw׿=ZtȔ2uiX5±u8zwa\ZlQ\Z~[Ʀ11_م&)ĵsf1І\"EHUH8VQyT]BOЪL0ljp]YCrf!.+΅[O>0\0G?q:H0<F6#\'n`7nuwڳŇ?	*9\\>|K_mKk_%݀wOQg1ѻ	7݀ϽM<zp<>KT]R(\"!HOqw+}KqS&_ٰo/GvχqHppOK{b~\ZO<%o1|=|.xO\'ùk;n&/9~qq\Z8<=znK#6ooȠTî~[k_Ev@YQCmGny1pbN8Fչ1Ad}1Ic>43U|Nad=]Pڃ.t5.R?jKӀ	<_w]ĲLCN]쫥e#5|5uk1>U0=_ڀͻ;ш-ڱfsF(+遝Hk!\n+FujAO3Y!xY\raYP?5ԄeCgC,VV3}Va9>gFgۏwH%:ɠpzyno>ىmA:\'\\᱇?>Nc8vN<OO\'{|Ï>M|\'^ƃM/=܌s\'Oh#~?i_ ?g5nùo}>}G<{:;:_u\"qσq}q=xK<C\rصwV4ׄiT-pF9֌ڎ\Zs\"Й0[=	1[Zڇ\nT,p]*FTf\"^@^MN*0a!*7a`m]\\.B[o)$(mAq]J[\"ȫJ`|Mw&;enlZ\0+ґLFK6o 5ذk7crQK7rtcTd%qK&jY+t=5K\r+pkXuV؍6LNXi\'*\0TdA\"؅12҂g\rnŶ3Row$N]v]sn\n[\"	W}w]ÃnEw0zZ2u׾_+<xø~x<xK?W^~o\rxC_>|x\rn{a?z?\roo	wU9uރ[o?y|\0uflߴSp6lYu\'an歓ؼynMؾE<bժ1Lv`h~ttڻ^N)E[g\Z:JPV_p>4\Z;2AtTcUu/Fqu6Ju	tgC{ƏxZԚQEcguqNك{݄N*km9CG!*_7\\T5F2Gn9~3kT;%c&YCPD12Q)d=hhˣbE<rf7Ԡ\raya} ȥ=PhTbVReH0+kaO	**B3!fBo\ZG];Gx¦ofn3kh!W>5׿Z7w|K~z^RΦt5Y@<)<Mx\'pQ;7|>Bh?/\"/><zA|#y|	zx>;p_O|7I\\|?>}GۮÍxsÏKg)83L#ضmv1?{phnFl@iwnt;F[ϐDn.DMcG`4`fg@*\n +ώ\Z+\Z:kƋpfTd7]kأwؑC8yal4\\p6&J15HP0뷯wyXf3hhP^X6\'$=+R^LYΔI9_w\0CGc?4ԀAqvK6P	0+2rSUjlb3ekW	iJ@!Ve#pr\\ǰc_qCxaKpA>s]8βK/~?-|^~\r}Ept4Ow]}ظf\Zı{qhV<F?OAw_%~osxCxo\r_?ǟ#o7^NCk_̳o0Os[<qMlq\Zvֳkpϝqן;gkg?\Z=8\'~QSZ	1d63zٴc߾*vzF\'k;ԕQT܂LlEi~ǩ@|<	2(i4ӍF7-\rG\rؑ[\'!ăZ¡Sq\0PM{QJ쭡ꖳAUP;7؃g^c{c_7CW1 iPYA{}|%>2Iď\nu7яD]S\rjtI6uEq00Tj2%OSJ5PuT`\r+L܂T[	\\aA**kj}76l]s5V܌C1m>اqß\'^x\rz7T{s*?g0.4׶ՎճSvt\'.^1$]pk+_x\r_x۩Ïk{7ރϞGqi|۷׾;}Kx2#Vz3\'q,6-8ut-ne~nf]ر{{vbNށ{{Yػ=S/-D7$u,M-ǍLT{/FOJC8c0n!/JPZԷ#ԁhvMȭѣEIFp:LJ5=j 7qf\0fFsXcxzt\Zk1?Ǿcc\Z@jLhls{85٨h`5gˉ0ȕb6;oi=\Z[J18RM/A5fqi]0QK4*KSH*[%J\rT*-jf$8͂4\r2e0KhkOOΣ8tlCx.)/o|Ǿ{	߇^1_w[<ذ\Zp[XՊvoFGq&f=o#܎rn\Zŗ_{<.|gNN}=O<k<+xW_ӷPqvi8=O;Q.?K<w.Iۆ;eS6o\rغ4n4Wc~}-7bͦVU־2t&F	W\"nF-&dyX2<d* Pb@u:+vVp{\ru4c\rnoimtc]:Lϣ`H=7P&F07f`LVat(eY4(ލ&[E9b|6=X݃|\'Uo#fC#-U4R7bzҸ2gQ	\\zgJFV;*wb%5UU➋O5p\r󋗓m[\'>+|KSd~g>?P?v4T\r]lغo6ö8z|ldp\\C6c׾Up=7;wހ~|O3txg?a=k}gj÷c͆Mط{\rNݍo>v3kĨO==ؾ![6c]h|֮iʹXM\r\rҝ_S*0P5[胧7^̀^<lK<`KL}(\n--,ta\'7<,Q=a56xq> V~m̆~,6VL\ZVrس*Tt=TQp~L!s&XSi0&-zJ )2EHfbx,ȝ%(q}r!\ZB\"r(NP9Ʃ,)bJOGeh*u*}qJ%@^Y,XF_,w0y镃r&8}N/~8}_\'ï~\'!K}>S/7?C_<PJm}hCkC+GƨZs6l{\n\'Nq.>^|i]ؽ݇S8x`3}M8{A|pś;to?Fur?N>aΝxe؇5m]U\0ۀm$PW/`zcTۭC6h*ހ5\ZjM#ǘS\n+شVBY<<&\\NTE0W^\ZZbM\ZØ+a&G6鏃y16e9Ah-1ĠW.G=k@iu\"JBOW?L7:i%&011K0:6Eu`,<#bz\r&`u46ٕ*kŭFr$d7mm2oC,D\\Rg,*iJH:	E\"4uV1\"G>ZÙmgphmW#~o~7ĥg^K:N_#,^{?7/|NЍr-ڇVLfmcҕ[c~\\qǆ͛qݍ7`׮8sb\'k`Ӷ-^X}5>37ѓq6kh=.|a|K3]O?\Z9<Sf6EY>z4s5XkDFG\Z1mM]o=d.ww8^5beGO3{-Vt5g!^?n$?:آ:0AZfƇ0v/}\0-u]\ZjA[O/3sPRUsJPLnkEG{	uC$G&Gu!j9fd\rd\Z/7։Z\Z-|Q\'j*L^:e\nR.C,JP_UBeWi\n>*Y8 k\0\n	Kf\"nQP\rzpn%YeG_{=7N?/qè+%e\rhhBK\r\r3Ta̳zXq}=}OR\'qq¸ޏk{\n_pOpXewc9;8ÚÁ#}*gϞŮݧC<_!ux-w݁םa-eZM1AGG!)vMҕZբ\rk7bzUAs\"Քh=lYT`O]Ϡ!񣣉aMm(\"0\"\\ꂯ\nCJ\ZFn폠=(ii@U[\Zـ$nF\nEUd ;ZJ@KSևIZ,YȑSuŵ[Fle&ոawhTԔT	ΕI)r>&ryqd1yY(qJ풥t%;@<,Slba-Rt4J;\\YD5Y(Q`8Y+?{>çm[qڳx¥Iē7K*@MSvQ\r1Lc~(ta0OpΧqO[mw=|8qt#voۆ|-{a\Z<8EU]KTҢq}/?=Nzל;｟t/ߌa\\FZWb\r:Tcd\ntcv+.hvkH\n}XMf}Ʀhhһs̈́g@zMP+:XTRRM2tQ\ZG`S_[\n`_1nO{(G9\"UW\n\\\0w(J27 ޛ~yh]mhgX&(5`=F(NC-6aq	\"+/\"K;ABSR.JOq*TxQy藯E5NjNYX/N/Vafs]uY(XZ|H_;~~\n{3bˮS8u<}=\njQWMo]\"*p]IzO0VZ7?Ͻco/MơGVQ&pi\\|q<p1l7Mۇk<x[cǞ);p#[v:w=,n}pCOd#<m7avM&[10ROCKG	Z;=J;3p݌^n, qttM;̮.l.Z{j\nF7Qa#.#4fz\Z-.\nhk.Bqm&,Է#Έ\n\Zzu-iQ9{YG\'nzhzQI-,F\"h1zoa!J+×XA1rK}#EScjk%\0VjPPXH3*s(mӄ2Y`RuJW+8\0XJEBe2(+7+iC`I	r\n-E䋯4	ؖn\"Fo\\B)-jl_?nν۩x_.hnGqn(O\r;vg9[/܏ދavדO2~x︋]Ǯg=O@y7Mgʗ{?v\\՛fs!]Xi{ZR]%椯9\ns߉ǟ|jc|+oϽ-[62T7bhum=RzؾyvǍa4栱5Cڏ8mGlj%y׭e7LPpx(󢡆*YǄea(G}gYpe:`8_c^NTT6qn$8\\\\\ndE\rӗWbvk\0-iDgG)BOxuTCr[c!4T]YF\ZJ%)WUһ@^\\/2oT~% тȨȩCW\n@Ӳp	~XJ,/d\rYf\"̀QQD\r+[?/?ss\07L0owC|r0c(\nEuc661u7عIzO7nɮyna~f3o&B8G뱕o!Z#ؼ\0ojckǎ}LGamp	lkZ?5j7y6m#p\r<>gqLM&*(ʳehi/\"7u9giwbxj=@[gꛉHAΰf`Q#YhZ\ZDs\\-AΌt6UVH,zThĚ5ň^ W(!DT\\x82c(*W %Y1!r\nԎZ.F>O\"JTtCM#r\n[t	w+ie2\"{kQTz\\h([TzIޢ/Nedj\ZjN2-Ĳ ! Ã2}{Y-o_o	nW?ĞM8VH.f*v1axش~\0E؍C{~51ߵ^_GqsfWo64cvz]׌p:ٽ6Lb$Zhzk٨Zi\0vo16;mckm\0,`HD<\"\\VEM}\r1|V\Z*Qn\n̧-D?C6Ï<mYQt6=LN9?D[KpЊD3kDU)P%jj쁺{v\"A-;mB.95\'~76JpՋh^9:ۺKh=Z%\0VBaJ-!®BE9IF$\0/s$	\\Q%%^Z,Mf	Kru-Ȝ2]m-U\"%E\\W2#^=Ovz 9pOi\'m	LĪҽP3pr8~k~\rrh!\nQ/DI\'ޫ	6M1gq vmC3MkvmDW{ךuT.L.436G)1ۊMkwkn:6;um/F[aml}7}cW8=!V&J\"yY(,>V!jZݲuj]UcG@){1#sմ!9<ĊAogl̀oD,AsC=?ҍX[|wq43R5h.,O-B6+#F17W\0g0e?2L~1(%-(X6(e^9R2HU\\! ]xR]Kh#ֿK˜^J-A,J\Z\0M0|i\Z8J짭ȑ3|*(P:QՒٲ\n5Gº19֊e6Mv#/\'X.	pQ<hD7\\gK\rzIt-]Tk:kTF4чV10E ]\\\Zx=\'1_q.olCOBdW׮df暰jSl@*JPߐ\\Te!eTETѪ0mDB\rOhn/\n2.n*%q>&W7ڑ\ZB1|F«Τ6Aue	5*4Cbo>؋US >Q^F%g0Ƀ?;к3sXar2avQ B[u7TF1Սvx-pM\n.٘YSψ2BKؖ\\IH9\0_~	`QKZ6B( ^99J,XNS22ࣥ\"!VLaB1}q&ͮl>wl*H+;ZQ_WX!Dy.bpGGc\r٭4ɾ57(JLO\\7J1೺7Pi?=ւA*zw{X?چ|wgY!h3}=i\rs	lڂb6*tm[;icF16U6>M_a3Z:rh#0C$mE?=mmC\0{a!YVfYhofcd*cӹC#U\ZdCQ-dKFmp°Bpp6\0Uv!?90ZHZaGx-DKS+J+%9ڊez2u\ZRu2\n&$I,1\rpbFҮU{e\Z.M/ \'qͰvwJ,\'r~zc?4T?7-8}pY֍è]AI<eG uX3ن=j\'#cGjc~u#W֯IlcoB\0o⺽Ggؿm͘g[7ۦp8aOb m\Zãoكk0J7.kWa\r`gf[6.&YL	Ηalsf.o}.>~!^9m9xTBz4w,zNv-ښ0\n1<+175 L.+3AFV,N$Kl TH`j	iZ-`&hk֣5hjbNhj2k邜AKeiօҮXX@T /ʺ\r\n.j%RIvjK!eJl]fe=2Tb=r8݌7v6WO\'ܭO÷Dcu2AsBs#)\'--8_3NfXit%Vj|~u{\r`kyROm}u3mv&qnՃtj-9\rX3^߽s]7>vyflFGG!\Zhn,\06<O}V|K\0kCV\\u%AkoǊ+v4v梶)\"?f\r>=pPejjҚ֎lچIŻiF\'@FPVٌh\0\\*7073@&opȁ\\c\"nU\r2Q][@Xu-jID.~G.U\Z\\1u-J. /»;]*c_x.	{j|K\0\'CE-T`38OIJ	B>XG-;vM.Gۈ;M*ԗb7Af!c<ފ-[^A-&UŠ/2taBz+11Y&`k\r&smo(-mX\\?c޼PGh*\\)aMhcZ[ػaJR餍jbP\\S܍I(?mF:ttVKwWGPB\ZC}mk{\nJ=(,\rȀѥ?G5:.=~ԋ Uh\ZBU]@99\rv4k +JhAd=Иlp,H#Z_\r5u+,c@Du]=P_O>5j˲5h-\Z+\0/[4Eu]\rUR-^Z*L`i95XXLSen[F˱4%tVZׁݿ\\=PYZ	I\r\',L5˧\nc\'|\r}	MĠ5=8PH4?S9?cMhP=&Xjft/A]6`f}X3ڎ3Co$G܃ۏmεضaփᨾVϢ;u1lVba|N܊{|?Ə.^S8xtDz-E|.t-6ZR&YU-Hd-Ȥv(*Af6U6b6z3a`(B(;\n/τᡕ5Ce0`\\\\T6457KWEb:TV-2)\Z89iخ_JBr^mX~	w	`=Kg2۩ZfQKMò4D	sLЏl\Zƅqt&ٹ\',+> /]VU砲]fmt.R?pa2-8wǍV᚝8y\ngvc?!Pe26!e9&hyDN`\'-\Z{mU/oߊ{No5gq=v%<B3ٜl$.dF6?bZEeeZAϚEմcTx;ػ1+PYRYVQ\'ӍVATV\n[Bx\r4 FBFGa0@Q@auzCq\"WQek\ZK#ͣ})GYy5J+*QRYe*.\n(	yx[a/:,OwrZZ\Z/-ZЋ /xR-%@^.lA7\nɓa QVafp۳9BCEć2lg2liD]U!n͍_VN,v4-o.g;pvd$34m#$[T˴^@XQU16lEHBP\\).,b7b	WEG});0׌Re#ձ{#V54櫜PFJ[ZF$e#\r8euP[UȰ\'ʡХAsLB:r#`E]ô|ouͫD8/kߵQ}m	&6͇!΅8w`WRAR@A\nŕވC.EE%eXJ  )Xa޻x婨	0aS	`nrjd^5Z*k	IL@φ:R1&ˤ.P ǆ ˗e&N8F#UG}wlā-xxN<O=q\0~f?^|b~?2[vLE((d18Ȳ!3kfzs]vnKm[OSi2ŰCr	\nJ}2TKBh:wb2fVfRbB#FG)U#+ς\"|II Pyʀ՟)+~z{\Z{Py\n!OmEvVc\0]-C8rdE\n`fZz8i=0m	?7;\0fz\\f\08M\06K\0\nax~!\'ˌN9NtLߢ\nhWH% ]\"н=i!.p:^]WCBi6/ŪHs\n,u$dq\Zd2+96&Im^\rCWL6@\nyNse1o>kpÑNo߽qcq0bVOU	`TbvQ\'*h@WHC̈QBaO>ṕ&*qQ<NE	KKTb9AA5\"^W|;[^˥*\nUAG`W0`)Sˤk3eU7|NX؟M?=a0s_\01\0[!6.ݲ\Z靳G+^c0pef\"aICv,e6*&fYz:Կ?Y&.\\ЦpJz/	SY	eϧⲀ7\Zr8-2L<-*]Ln-/0J-dAUyhkl1fgx7o_܉?0;]٩\ntvdcr.k+]51c-*D;k	U.tuՑ;!OE&M6n@ |~-LP\Z\n>!&F\rl6~v4Ie\ZʺT\n>S!وE\Z?O)}hu+FeT4C\nlF`p b`\'ft8ಛhbFB&f\ZFEeҘfp,B\'eTz\r5draYE{)p..%IK]n0ThQn]\ni©SP_+XI8=b/cgp.dd7Ri`0˩J2uLv,̕anZg׶knSar]mqGsG֕aP|1?(^Be\":v|,N0WGM,-bjc9	~R\r\\\'\"E\nG:<\ZxjԒªE{Jհz+gIr:%SiW0\\8N\\ΞZ CXiM5e6#k!0<+\0!Fi]\0sYk@i}fi6s_Yxq/`u;NdӸ_d0у2-XSb\n>NK.RuuBHjR Z{b\n	Lz`#2p^]4y!s}6+?%	*v!\\bjB\"i4UPrJSaC0Mp=}gg?7NКr*CqtvEPPa|-!xX6\r_[Mh++r&p\'Z:2Q\\eo$<1*EXuv6.7O88M#-6#6QA[o1yPedg\n	)q(+2\"ɍIlTrg#4zn[jۑ(B*8͡gTz`v,Hs\rNx<Й7}rM7-L)UHvW[ytך`dh}2 |Ltn\0\0+]K^S֊+\"Ж\0^.Y+\nqҼT8Mq6hY)C*ܮraRLZ/UA9	kqsk(kʂ \\AZ\0Syt`=}٥qh>	0~6\nYR~g0};.xQCUh\"xJ|\r*]=;j\rXؐ[cZz>.7ቧQ/CA\0\ne(ݰ :	*Uw`*@!7UKeY	{AJSP܍fBZLXA#96P\ZC6ʡ yLa,/jf2g82^bxKV(Zn၅PP9cvAoJ	~p^Y\nqt=c+SW;\"2ZT5Bv{w-,ÊH\'\ZZVi\'k8s>\r ϭT-^=\\6jG*FGm^/剒II^U!=*̮6EJߩByCp*hmjpzԴ2=3 6m{p.Z<?\rnPE/+v&+P$d64bYAa!(&c#PQf;66\0	Js*~٥.nM֛8qLIȩ6Z;P\Z-tbT*MG)Jd6𣌞`y콣|O9>Ɯ-D\0[G6?Mf-iZ-R*Id\"Ag4t&#{\'+A_ aZF_\"W7K\0mBi!N*++c9j	\0|*\0\\g6|L49	<A.VA]4a\'N;Sí@4@N<aǱ()@s\"%v,h鷠Gk`Cf\\g \"nʩBI%xqLiWܫ:F	\\:/\nN0F0_M|A,`v<<]/YJቩҸlNfؒ`H,:۴\"iظ+U\r{PU*`.ud`ps*c\0zߜ*lW\"L	l\'ZnJ[CJt|Ȋ\"Ơgv:~<~N;8͆lxO2Qa\\\\a%xL!mY.<}\0ǽ[	>A\\IM#|\"ZtNe\06iX&λ&s=lJA(7]Z5OUtI\ZPȡ*5\\Ņ\n΂pBH&Z᥊[ɀtNcMѫSaL5hCFlvpF>5*I!]%49GE%500iKEaˢb9utdzh,r)=|^\n&kECIM;:QVوpl*.ն PaTOʄ`Z]*AYP03h_{4K/C&l=$a,}$NbnXj	wn^]o,|xMK\0c]\ru<Np:KGEI\'˗K֢j9gYv>z+hȣ∁{%O֮Ӱ]3	EhCvBjGCUQi¶\0>@F\00f1-rKm&s-&z6_Ǡse)Jд>X|,nZ(^ݼlldByxjW\\AxU7]}e`0JCCKZr~jBM/mh΋#]|]ܓP`N%<AsDlZ8qNOR39!HUKUQ}e*f1J!Frjr5Y<,H؂$#P\"@}w	޽,nzn|\'$WnaH_^&REAs$s\0X(sЖʺzN\0,TX(\0X%gYE\ZT)\r\r&T-*\ZO: C(g B	5E&bEF4/VϤ\"aCEE5F5\ZTh1Dc\"GA\\qL^[BcOIc00R	^*Zh12@Y	ɩFv\']R|ǫ2t%&Z,Ȇ\".X1	ˠ&O&dRShRjdQQӈF	oQq4k	03⼓e5{ȊIJ,&vNm\0+pR.YT*L6V\n\\!kLv!eD++S8MskiZ.F,Rrd~D`[I+\rQ$_W2H]{~U<%UK83Xs-+|d#X\ZG+-.L*f+eTx270qg݅q|EDu(,֢/(&&#h\\-@iu\rB`C0bݧGAa(BE#jYZ2%n0CAʆ-4вh+Ya4qANWGˣ46hॿufL`zf\0+{Ty\nxĽ/>d,ԛ\"F&JU\ZeM	U(/./yEp{Ta9;Doc?{Ȥ(]2\Zi<f\08Yhillzs7B@kgcThϋ\0^.%+E	^NZ.A,I)~SM8$C-<I\0F발j2$O1*8UH-	\0,Sx^+&4o=$!0&(JF5B55YQ^;pf[\nh\r+ݝ44&\ZfzL5JJ,SNMGFi~9XH驞BM]ag1Dil\0\nb<Gɠf!xr}\n[p	\ZTTP6tqM)5E$ט/`ъzW!\'ŭB Z_\'Ğ$(}%~>=91* mic fNدBɆF-FuQFh¢*ݤcYAc1r+\\R`B...zeT_0].Ԙ\n,b@|%Ul\"4&K\rjJ#*N\ngܥ0\'y`ڈ\'*AHg扳itV4vp[J}:)	]\Z\Z&&`yzf/hl#2L*3_dE[gT-.2dddEi9H-(*q#k@b0ҽj>&B4}N>YH ۙ\rCaK.g1$Q/Eck/ʪWTh1\"nťeJ{|Nz\\W\ZlNF \'B0|^:J,MQ\nWNkR\Z	Ԃ	vCAQTf>5$QQ%5^IE]{,b?\nT-}\\K0!QK2dr\n~P80,!\\ZVJwC/!UqJ++X)l*\":>O(p1iE3xx|<)<n{TJ0Uig8Z=\"p;Rrљ\\twQ(hKG(Cqee79&bVvz-|LϮ8&j	11 &\nҽ➍B3װ!Yj̟Le#C*]\n>\\^H,XRaGq$٘hB}]tcz4Q`VBډ\n{m_W\0|lTP&?#4NsBNܜZ:ZQ*ZtqיW...X6!.ltvCVrO96Lq?POA/rJ@k^$S|䁓,m9DN\n}p\"Jɲ#J#KAyV^\rKQ\")xBr	`%c	A M<YnW+We*$lCJB?*,4v&]zC!b2;KXQ_BS}&\Z\ZHRX#fe~TeҿT2ZXVO&6*&E4{U3&?7^`@1U</>Ȍvv9\nְ ꠡxB|-JjxV@-mM:(%_G\\VNWC5`!>Օl4!`TEY)ax>2M/G(B@a_\0\r;Lг2zȕjz*i)V\"Ĝ*rt֎\"z1$\")tM\'Y5ZLcΤ+TXyr+.I0\n!)e-^qk,.R	z:,ZB*BBe	\0xI\"oylvO\'V-n^I$~0ɞj&&Ȝ\0vvVEUS/+8%g6Zt ,ՐeI	0*aẜl!6xBTOٜ\\#Tbx]0L@/Zo:bQÓ9q37\\-(+1Ȃlb4΀ӑÞz%7Q(9mfmaYia5y⋓5(/E}p8c8;\'JK\rfdQmT\0]&7xٳQTnqqH6cCճ_>ϓ\r z\'KW%f>Y+vr*-GňA2*#n\\TbP\'Rq|eTQHrM\')s$Pd,-nyt޷@S	Za`Qinq?CzF1jRtT@F9l|VJL*iɢAgE,ۇDn&\nsxY9-ʚEB~\\7\n},2*vqyqJTS0-t3Q*TyF#[(#f\r<\Zd	ۮݪh8oWl*,:Y4-UpVNZ\ngmH䗡>A`yarJX}^h689YN2+팉^\\C 9XY*a+/>*HRџI!S\"~Z&]^H^V\0[HY\rBLJ^.)h0B-{yN^c^W6\r1-A,\06%nƛ.J%rZ{\'On$͵t報\"*(4/]\\(aC^Йٕi>5Y.D]e6\Zķ5h6\rp)	UY@i1ˉl+\\[FLŤz\\ݜ~xY. .*áSb.sJpfyX](w8n\rSod*_֏x\n.2JDf*28\"tKC`j\rZOc0s^tNVJT^\\а7Ck⢆E{|MaUq!z?i@(D{R\Z\n+f`\nB4	ٕ#9b\nC*mY\\RSQjBe7=\00z,JhUAA\ncT#/F\"D8`$!NF3#g!+TDčLTj6	Q\'A)\"&YvZ܄A5t8F6BFX=w;4p^<;Tuvr礒\n(M3(^NZdCp<% ,/))F)mCNxV=DA!{\"d%(`\Zzg\rthA(Õm`I-qM)g&HB)F!<`w$1w9-=*0OөdH*B1Z`% z7l\0^].!!|ee~RY+yFĘ\'GnUFx\nXܴ#.r$pRI>\08s>bFA8XYDy: rٽFoF!l\ZeKn\\߀L3Ԏ\\Ӈ\"ʨmQ%NNE8Ͳ|3|	A>	S	`*&Ģ<B	\nK-54b#BRyJ.\0DC,PT\\˿\ZpؐJiiUTfWv6\\\0pqJ&Nw\n_ՙ =Wo60ʑD]!~<R\r?*k\n8A*n\n\"M	Pk+̞]Zư%@\\ TD71O^cEQ=,ԅZLTOqXJs_1R!T\0SiYR\nZ-kICn؈X؊xEqMvX(Q\"a,B`z9CDHsS6vל2g3E6z_\'-沕Όl%Qz]?1@y	a)o^Kp.*e*~֦6;u1n`7ϋ,fVPEҥbqdI#((\0\\ܧ\n@;g$ka`2ES[̐`i0}eW\0N\"Jb$*Pw\09Eb*¬`YdIWadKkBX^Zw6i.կ!yn{\n(ѩ@^%TMF@\nTxdqX@,]}D0`\".j%l6%\"f:r,o:*\"lSJzN\":-\nQv~+`Em~Z z,Lkg04`PA訚`5Tt2T\"{|\Zhp%qN42n\"&x|6;\ZN6/êF!nqзzaLDcz:`\"VoFb,`{g&7&m%mByMJ^ڇ*,\'EBq+MP_D#e`q{eTQiRdw+`[XW胰+Ž\rBM,\\8F sE+D\0\Zbm	⥒\0X5baJF*&CKڙnT=oX,A,`./B\0N%B-}P[4MHdh#(B\rXXuI~GG)mD.>!Sj\Zz|Xv0,TGa)2VdeR^EHl.ÜT ! L/xk\'~*wU<qV,̞\"JKrQUʊK(/\\Z8+P[%~Y3Muhm,G[c%ښ+ZZt_@{k:JXJ\"CoBNnAv_p\"E儸yF\r\nMl\0TcPc.-^&s\0HD+~8.)]L\' M2R~\0dxJ0i%ԴT#a$fI+\0K%/S%G4BeR\\6\\?A;|K<|9Al&FfZt5|FZr<Cy5Ęy~X,H:~͵ho,:4U\0e1\nef\"X(	O%!,QWɪJ^L	V)QS)DsM)\ZXե<rJtrt\ZwI?:\Zm@&[1>ЊF5c|ڤucܧgNqP+&15܊6LrF>_\r&zy|yh`ʊ1]+^7U*Q6| V@ \ZG@L\n;i#gc/apbMqX\nau\0}QNt+LA	\rifZ+L.śQ\\NgrzQzk1.,C\"	\0Ћ)W0@;s3$ElHRzNqJ\\THӬ`XPA\'\\=&, A\Z+Yui4Tǰn滰qk:0?ڈz7f̎`n\rI53Ҷ8%&j!4Lr!\Z0a3ׂn݄Q7D\\mmMpyj}x.XfYwf;܉nNx|]\Z\ruN>}t\rUv1|^pW5HdELk4m0ZO&#\"yD\"hGpz=qv!Kϰ%MFa%!]*`],бByȅid6]y;+t#,~O+K/n4_\'Bx#B}HS+ %,.X!9LS}q*\\<#R!r\0Ɇ0B(\n=Kܬ-nN <%t|4\Z!518ZqO\nK\\65\Z4VİcMlC PLR{1C WcDM*!,c\\OxVv`!\"0s0mt#@O1c~s=k\"p\r[zoJP=DͱĲxYH)/_,1N%/0.<NpG?\'3\\[!F1G\\A3Bm0HݽjDN~q*q\0т<d^lza󹩼6_mI㺒m+Ex\nd)**1l*MioxpAPut,+\n:0*\"be+S錄s\0yN,[Ixi	+⊛\0%.T*@c*\0>Hw{.8/\nƕ2ďk\'kT\\MV2d\"B53ҷ`+).H͜j)l2`𩯉S\Z0KSB-:DSGTivB*<]\Z\0@\Z#}X593CX?7\r#ش0a+\0\0b,ڙ~>30a.`5k(k&zjSכ%0V1~G4wJ-j5A;%G+u5$:\r].CJ\0=,LAd0\nh\n\"ͬ@u7!~JQ-^ KoXW/BMP`.$E\0g!UlVb\rZ\\XVSFMM6\Zh/d塬D64,P)8\"3EJ2)P˸nb9P`,\\먦94\r51teBgCH5,G;^M|!ne|,B|\0}d%\'DXgĺ*bW?n]Vk>q沲úalZ5k&c$vojϖ6[<fc46΍~6΍Jav5B|y*O)>6ֵs|Uعq5_usظj\n&i453ؽ~.`\Z&gϳ1-s:ul\03gCeÛf!6i3RuvN{w$i,\Z7D?!\0<\'!#K_wP.+cdpSK)\r12*-EQ8-Yx>s*\0~\\QJEKQqiuj*2e\rVw3\r9&|T5&f/#_JJ8bY*4 hbiXmU9nYJ\\fл*闓xk2)d4+nW71 .h9o+axH*ꬠlc~V\0)yL.OENuf-vT۹qvX?;Hg]䞵8:Dpo[,wvƮy!\"T-Ҷܶ`I>-}co]c7m8bnfn?}7؃kq]8sp\'N\"+Ȯ8U<p׌al^;bCY-zh(9m{\Z?]9	JuN5gA,jY!!BCG慞]V_A^-S\n`<V$Bm51 XI\"T_ah5R^A2\0\0\0\0IENDB`','09458552422','Mrs Bode','09754363955');

/*Table structure for table `studentssubjectenrollment` */

DROP TABLE IF EXISTS `studentssubjectenrollment`;

CREATE TABLE `studentssubjectenrollment` (
  `studentsubjectenrollmentid` int(6) NOT NULL AUTO_INCREMENT,
  `studentid` int(6) DEFAULT NULL,
  `subjectscheduleid` int(6) DEFAULT NULL,
  `seatid` int(6) DEFAULT NULL,
  `isdrop` tinyint(1) DEFAULT '0',
  PRIMARY KEY (`studentsubjectenrollmentid`),
  KEY `FK_studentsubjectsenrolled` (`subjectscheduleid`),
  KEY `FK_studentsubjectsenrolle1d` (`studentid`),
  KEY `FK_studentsubjectsenrolled3` (`seatid`),
  CONSTRAINT `FK_studentsubjectsenrolle1d` FOREIGN KEY (`studentid`) REFERENCES `students` (`studentid`),
  CONSTRAINT `FK_studentsubjectsenrolled` FOREIGN KEY (`subjectscheduleid`) REFERENCES `subjectsscheduling` (`subjectscheduleid`),
  CONSTRAINT `FK_studentsubjectsenrolled3` FOREIGN KEY (`seatid`) REFERENCES `seats` (`seatid`)
) ENGINE=InnoDB AUTO_INCREMENT=45 DEFAULT CHARSET=latin1;

/*Data for the table `studentssubjectenrollment` */

insert  into `studentssubjectenrollment`(`studentsubjectenrollmentid`,`studentid`,`subjectscheduleid`,`seatid`,`isdrop`) values (20,1133,7,3,0),(21,1134,7,4,0),(22,1135,7,5,0),(23,1136,7,6,0),(24,1137,7,7,0),(25,1133,8,3,0),(26,1134,8,4,0),(27,1135,8,5,0),(28,1136,8,6,0),(29,1137,8,7,0),(30,1133,9,3,0),(31,1134,9,4,0),(32,1135,9,5,0),(33,1136,9,6,0),(34,1137,9,7,0),(35,1133,10,3,0),(36,1134,10,4,0),(37,1135,10,5,0),(38,1136,10,6,0),(39,1137,10,7,0),(40,1133,11,3,0),(41,1134,11,4,0),(42,1135,11,5,0),(43,1136,11,6,0),(44,1137,11,7,0);

/*Table structure for table `subjects` */

DROP TABLE IF EXISTS `subjects`;

CREATE TABLE `subjects` (
  `subjectid` int(6) NOT NULL AUTO_INCREMENT,
  `subjectcode` varchar(20) DEFAULT NULL,
  `subjectdescription` varchar(200) DEFAULT NULL,
  PRIMARY KEY (`subjectid`)
) ENGINE=InnoDB AUTO_INCREMENT=12 DEFAULT CHARSET=latin1;

/*Data for the table `subjects` */

insert  into `subjects`(`subjectid`,`subjectcode`,`subjectdescription`) values (7,'subject 1','a'),(8,'subject 2','a'),(9,'subject 3','a'),(10,'subject 4','a'),(11,'subject 5','a');

/*Table structure for table `subjectsscheduling` */

DROP TABLE IF EXISTS `subjectsscheduling`;

CREATE TABLE `subjectsscheduling` (
  `subjectscheduleid` int(6) NOT NULL AUTO_INCREMENT,
  `subjectid` int(6) DEFAULT NULL,
  `roomid` int(6) DEFAULT NULL,
  `employeeid` int(6) DEFAULT NULL,
  `start` varchar(20) DEFAULT NULL,
  `end` varchar(20) DEFAULT NULL,
  `monday` tinyint(1) DEFAULT NULL,
  `tuesday` tinyint(1) DEFAULT NULL,
  `wednesday` tinyint(1) DEFAULT NULL,
  `thursday` tinyint(1) DEFAULT NULL,
  `friday` tinyint(1) DEFAULT NULL,
  `saturday` tinyint(1) DEFAULT NULL,
  `sunday` tinyint(1) DEFAULT NULL,
  PRIMARY KEY (`subjectscheduleid`),
  KEY `FK_subjectsschedules1` (`subjectid`),
  KEY `FK_subjectsschedules3` (`roomid`),
  KEY `FK_subjectsscheduling` (`employeeid`),
  CONSTRAINT `FK_subjectsschedules1` FOREIGN KEY (`subjectid`) REFERENCES `subjects` (`subjectid`),
  CONSTRAINT `FK_subjectsschedules3` FOREIGN KEY (`roomid`) REFERENCES `rooms` (`roomid`),
  CONSTRAINT `FK_subjectsscheduling` FOREIGN KEY (`employeeid`) REFERENCES `employees` (`employeeid`)
) ENGINE=InnoDB AUTO_INCREMENT=12 DEFAULT CHARSET=latin1;

/*Data for the table `subjectsscheduling` */

insert  into `subjectsscheduling`(`subjectscheduleid`,`subjectid`,`roomid`,`employeeid`,`start`,`end`,`monday`,`tuesday`,`wednesday`,`thursday`,`friday`,`saturday`,`sunday`) values (7,7,4,2,'11:00 AM','12:00 PM',0,1,0,1,0,0,0),(8,8,4,2,'12:00 PM','01:00 PM',0,1,0,1,0,0,0),(9,9,4,2,'01:00 PM','02:00 PM',0,1,0,1,0,0,0),(10,10,4,2,'02:00 PM','03:00 PM',0,1,0,1,0,0,0),(11,11,4,2,'03:00 PM','04:00 PM',0,1,0,1,0,0,0);

/*Table structure for table `rooms_view` */

DROP TABLE IF EXISTS `rooms_view`;

/*!50001 DROP VIEW IF EXISTS `rooms_view` */;
/*!50001 DROP TABLE IF EXISTS `rooms_view` */;

/*!50001 CREATE TABLE  `rooms_view`(
 `roomid` int(6) ,
 `buildingid` int(6) ,
 `computerid` int(6) ,
 `room` varchar(60) ,
 `building` varchar(60) ,
 `computer` varchar(60) ,
 `issmsserver` tinyint(1) 
)*/;

/*Table structure for table `seats_view` */

DROP TABLE IF EXISTS `seats_view`;

/*!50001 DROP VIEW IF EXISTS `seats_view` */;
/*!50001 DROP TABLE IF EXISTS `seats_view` */;

/*!50001 CREATE TABLE  `seats_view`(
 `seatid` int(6) ,
 `roomid` int(6) ,
 `seat` varchar(60) ,
 `room` varchar(60) 
)*/;

/*Table structure for table `students_view` */

DROP TABLE IF EXISTS `students_view`;

/*!50001 DROP VIEW IF EXISTS `students_view` */;
/*!50001 DROP TABLE IF EXISTS `students_view` */;

/*!50001 CREATE TABLE  `students_view`(
 `studentid` int(6) ,
 `studentidnumber` varchar(20) ,
 `studentfullname` varchar(183) ,
 `yearlevel` varchar(60) 
)*/;

/*Table structure for table `studentssubjectenrollment_view` */

DROP TABLE IF EXISTS `studentssubjectenrollment_view`;

/*!50001 DROP VIEW IF EXISTS `studentssubjectenrollment_view` */;
/*!50001 DROP TABLE IF EXISTS `studentssubjectenrollment_view` */;

/*!50001 CREATE TABLE  `studentssubjectenrollment_view`(
 `studentsubjectenrollmentid` int(6) ,
 `subjectscheduleid` int(6) ,
 `studentfullname` varchar(183) ,
 `seat` varchar(60) ,
 `isdrop` tinyint(1) ,
 `studentid` int(6) ,
 `seatid` int(6) ,
 `studentrfid` text 
)*/;

/*Table structure for table `subjectsschedule_converted_view` */

DROP TABLE IF EXISTS `subjectsschedule_converted_view`;

/*!50001 DROP VIEW IF EXISTS `subjectsschedule_converted_view` */;
/*!50001 DROP TABLE IF EXISTS `subjectsschedule_converted_view` */;

/*!50001 CREATE TABLE  `subjectsschedule_converted_view`(
 `subjectscheduleid` int(6) ,
 `subjectid` int(6) ,
 `roomid` int(6) ,
 `employeeid` int(6) ,
 `start` varchar(20) ,
 `end` varchar(20) ,
 `monday` tinyint(1) ,
 `tuesday` tinyint(1) ,
 `wednesday` tinyint(1) ,
 `thursday` tinyint(1) ,
 `friday` tinyint(1) ,
 `saturday` tinyint(1) ,
 `sunday` tinyint(1) ,
 `subject` varchar(223) ,
 `employeefullname` varchar(183) ,
 `roombuilding` varchar(123) ,
 `time` varchar(43) ,
 `startc` time ,
 `endc` time ,
 `scheddays` varchar(56) 
)*/;

/*Table structure for table `subjectsscheduling_view` */

DROP TABLE IF EXISTS `subjectsscheduling_view`;

/*!50001 DROP VIEW IF EXISTS `subjectsscheduling_view` */;
/*!50001 DROP TABLE IF EXISTS `subjectsscheduling_view` */;

/*!50001 CREATE TABLE  `subjectsscheduling_view`(
 `subjectscheduleid` int(6) ,
 `subject` varchar(223) ,
 `employeefullname` varchar(183) ,
 `roombuilding` varchar(123) ,
 `time` varchar(43) ,
 `monday` tinyint(1) ,
 `tuesday` tinyint(1) ,
 `wednesday` tinyint(1) ,
 `thursday` tinyint(1) ,
 `friday` tinyint(1) ,
 `saturday` tinyint(1) ,
 `sunday` tinyint(1) 
)*/;

/*View structure for view rooms_view */

/*!50001 DROP TABLE IF EXISTS `rooms_view` */;
/*!50001 DROP VIEW IF EXISTS `rooms_view` */;

/*!50001 CREATE ALGORITHM=UNDEFINED DEFINER=`root`@`localhost` SQL SECURITY DEFINER VIEW `rooms_view` AS select `rooms`.`roomid` AS `roomid`,`rooms`.`buildingid` AS `buildingid`,`rooms`.`computerid` AS `computerid`,`rooms`.`room` AS `room`,`buildings`.`building` AS `building`,`computers`.`computer` AS `computer`,`computers`.`issmsserver` AS `issmsserver` from ((`rooms` join `buildings` on((`rooms`.`buildingid` = `buildings`.`buildingid`))) join `computers` on((`rooms`.`computerid` = `computers`.`computerid`))) */;

/*View structure for view seats_view */

/*!50001 DROP TABLE IF EXISTS `seats_view` */;
/*!50001 DROP VIEW IF EXISTS `seats_view` */;

/*!50001 CREATE ALGORITHM=UNDEFINED DEFINER=`root`@`localhost` SQL SECURITY DEFINER VIEW `seats_view` AS select `seats`.`seatid` AS `seatid`,`seats`.`roomid` AS `roomid`,`seats`.`seat` AS `seat`,`rooms`.`room` AS `room` from (`seats` join `rooms` on((`seats`.`roomid` = `rooms`.`roomid`))) */;

/*View structure for view students_view */

/*!50001 DROP TABLE IF EXISTS `students_view` */;
/*!50001 DROP VIEW IF EXISTS `students_view` */;

/*!50001 CREATE ALGORITHM=UNDEFINED DEFINER=`root`@`localhost` SQL SECURITY DEFINER VIEW `students_view` AS select `students`.`studentid` AS `studentid`,`students`.`studentidnumber` AS `studentidnumber`,concat(`students`.`studentlastname`,', ',`students`.`studentfirstname`,' ',`students`.`studentmiddlename`) AS `studentfullname`,`students`.`yearlevel` AS `yearlevel` from `students` */;

/*View structure for view studentssubjectenrollment_view */

/*!50001 DROP TABLE IF EXISTS `studentssubjectenrollment_view` */;
/*!50001 DROP VIEW IF EXISTS `studentssubjectenrollment_view` */;

/*!50001 CREATE ALGORITHM=UNDEFINED DEFINER=`root`@`localhost` SQL SECURITY DEFINER VIEW `studentssubjectenrollment_view` AS select `studentssubjectenrollment`.`studentsubjectenrollmentid` AS `studentsubjectenrollmentid`,`studentssubjectenrollment`.`subjectscheduleid` AS `subjectscheduleid`,concat(`students`.`studentlastname`,', ',`students`.`studentfirstname`,' ',`students`.`studentmiddlename`) AS `studentfullname`,`seats`.`seat` AS `seat`,`studentssubjectenrollment`.`isdrop` AS `isdrop`,`students`.`studentid` AS `studentid`,`seats`.`seatid` AS `seatid`,`students`.`studentrfid` AS `studentrfid` from ((`studentssubjectenrollment` join `students` on((`studentssubjectenrollment`.`studentid` = `students`.`studentid`))) join `seats` on((`studentssubjectenrollment`.`seatid` = `seats`.`seatid`))) */;

/*View structure for view subjectsschedule_converted_view */

/*!50001 DROP TABLE IF EXISTS `subjectsschedule_converted_view` */;
/*!50001 DROP VIEW IF EXISTS `subjectsschedule_converted_view` */;

/*!50001 CREATE ALGORITHM=UNDEFINED DEFINER=`root`@`localhost` SQL SECURITY DEFINER VIEW `subjectsschedule_converted_view` AS select `subjectsscheduling`.`subjectscheduleid` AS `subjectscheduleid`,`subjectsscheduling`.`subjectid` AS `subjectid`,`subjectsscheduling`.`roomid` AS `roomid`,`subjectsscheduling`.`employeeid` AS `employeeid`,`subjectsscheduling`.`start` AS `start`,`subjectsscheduling`.`end` AS `end`,`subjectsscheduling`.`monday` AS `monday`,`subjectsscheduling`.`tuesday` AS `tuesday`,`subjectsscheduling`.`wednesday` AS `wednesday`,`subjectsscheduling`.`thursday` AS `thursday`,`subjectsscheduling`.`friday` AS `friday`,`subjectsscheduling`.`saturday` AS `saturday`,`subjectsscheduling`.`sunday` AS `sunday`,concat(`subjects`.`subjectcode`,' - ',`subjects`.`subjectdescription`) AS `subject`,concat(`employees`.`employeelastname`,', ',`employees`.`employeefirstname`,' ',`employees`.`employeemiddlename`) AS `employeefullname`,concat(`rooms`.`room`,' - ',`buildings`.`building`) AS `roombuilding`,concat(`subjectsscheduling`.`start`,' - ',`subjectsscheduling`.`end`) AS `time`,str_to_date(`subjectsscheduling`.`start`,'%h:%i %p') AS `startc`,str_to_date(`subjectsscheduling`.`end`,'%h:%i %p') AS `endc`,concat(if((`subjectsscheduling`.`monday` = 1),'Monday',''),if((`subjectsscheduling`.`tuesday` = 1),' Tuesday',''),if((`subjectsscheduling`.`wednesday` = 1),' Wednesday',''),if((`subjectsscheduling`.`thursday` = 1),' Thursday',''),if((`subjectsscheduling`.`friday` = 1),' Friday',''),if((`subjectsscheduling`.`saturday` = 1),' Saturday',''),if((`subjectsscheduling`.`sunday` = 1),' Sunday','')) AS `scheddays` from ((((`subjectsscheduling` join `subjects` on((`subjectsscheduling`.`subjectid` = `subjects`.`subjectid`))) join `rooms` on((`subjectsscheduling`.`roomid` = `rooms`.`roomid`))) join `buildings` on((`rooms`.`buildingid` = `buildings`.`buildingid`))) join `employees` on((`subjectsscheduling`.`employeeid` = `employees`.`employeeid`))) */;

/*View structure for view subjectsscheduling_view */

/*!50001 DROP TABLE IF EXISTS `subjectsscheduling_view` */;
/*!50001 DROP VIEW IF EXISTS `subjectsscheduling_view` */;

/*!50001 CREATE ALGORITHM=UNDEFINED DEFINER=`root`@`localhost` SQL SECURITY DEFINER VIEW `subjectsscheduling_view` AS select `subjectsscheduling`.`subjectscheduleid` AS `subjectscheduleid`,concat(`subjects`.`subjectcode`,' - ',`subjects`.`subjectdescription`) AS `subject`,concat(`employees`.`employeelastname`,', ',`employees`.`employeefirstname`,' ',`employees`.`employeemiddlename`) AS `employeefullname`,concat(`rooms`.`room`,' - ',`buildings`.`building`) AS `roombuilding`,concat(`subjectsscheduling`.`start`,' - ',`subjectsscheduling`.`end`) AS `time`,`subjectsscheduling`.`monday` AS `monday`,`subjectsscheduling`.`tuesday` AS `tuesday`,`subjectsscheduling`.`wednesday` AS `wednesday`,`subjectsscheduling`.`thursday` AS `thursday`,`subjectsscheduling`.`friday` AS `friday`,`subjectsscheduling`.`saturday` AS `saturday`,`subjectsscheduling`.`sunday` AS `sunday` from ((((`subjectsscheduling` join `subjects` on((`subjectsscheduling`.`subjectid` = `subjects`.`subjectid`))) join `rooms` on((`subjectsscheduling`.`roomid` = `rooms`.`roomid`))) join `buildings` on((`rooms`.`buildingid` = `buildings`.`buildingid`))) join `employees` on((`subjectsscheduling`.`employeeid` = `employees`.`employeeid`))) */;

/*!40101 SET SQL_MODE=@OLD_SQL_MODE */;
/*!40014 SET UNIQUE_CHECKS=@OLD_UNIQUE_CHECKS */;
/*!40111 SET SQL_NOTES=@OLD_SQL_NOTES */;
